{"model_name": "basic_lstm_wd10", "target": "Temperature", "features": ["StnPres", "SeaPres", "StnPresMax", "StnPresMin", "Temperature", "T Max", "T Min", "Td dew point", "RH", "RHMin", "WS", "WD", "WSGust", "WDGust", "Precp", "PrecpHour", "PrecpMax10", "PrecpMax60", "SunShine", "SunshineRate", "GloblRad", "VisbMean", "EvapA", "UVI Max", "Cloud Amount", "TxSoil0cm", "TxSoil5cm", "TxSoil10cm", "TxSoil20cm", "TxSoil30cm", "TxSoil50cm", "TxSoil100cm"], "window_size": 10, "train_test_split": 0.8, "batch_size": 8, "epochs": 20, "device": "cuda", "train_loss": [445.1304924933465, 354.49743400825247, 281.73914731203854, 223.9013467306619, 175.67213498629056, 136.60828620784886, 108.53889637203007, 84.62959580893045, 67.81911646664797, 55.665084597828624, 46.12632920191838, 39.895890901376916, 35.77079194456666, 32.887241007207514, 31.18145560170268, 29.995438858702943, 29.562026380182623, 29.069381577628, 28.46046448277903, 28.520017707740866], "test_loss": [390.8321307638417, 312.3119055706522, 250.70077381963316, 197.46496714716372, 153.0717305722444, 120.75192161228345, 94.7067992168924, 76.07765127264935, 60.842513291732125, 50.80673848027768, 43.27354630180027, 37.95991333671238, 34.702102122099504, 32.113673832105555, 31.18306765349015, 29.964917265850566, 29.416872066000234, 29.2918701171875, 29.22668788744056, 29.395056392835535]}