{"model_name": "basic_ltsf_linear_wd10", "target": "Temperature", "features": ["StnPres", "SeaPres", "StnPresMax", "StnPresMin", "Temperature", "T Max", "T Min", "Td dew point", "RH", "RHMin", "WS", "WD", "WSGust", "WDGust", "Precp", "PrecpHour", "PrecpMax10", "PrecpMax60", "SunShine", "SunshineRate", "GloblRad", "VisbMean", "EvapA", "UVI Max", "Cloud Amount", "TxSoil0cm", "TxSoil5cm", "TxSoil10cm", "TxSoil20cm", "TxSoil30cm", "TxSoil50cm", "TxSoil100cm"], "window_size": 10, "train_test_split": 0.8, "batch_size": 8, "epochs": 20, "device": "cuda", "train_loss": [268.0506476517562, 35.81207505949251, 32.015833592676856, 29.13461153323834, 24.892220119853597, 22.46226307585999, 18.257758056724466, 15.174362229776907, 13.953783491155603, 10.63127019903162, 10.574282166722057, 8.676843766327742, 7.868709929696807, 7.921250146823925, 8.089448795213805, 7.355271890923217, 7.869432649769625, 7.710721057522428, 7.714124509266445, 8.028704146434972], "test_loss": [41.72899511586065, 35.93234062194824, 31.80602892585423, 27.429855802784797, 22.191285050433613, 18.56358801800272, 15.296837889629861, 16.23844710640285, 9.827280386634495, 8.475757909857709, 7.7064535514168115, 10.42089899726536, 6.571898838748103, 12.551464060078496, 5.802168732104094, 5.722146993098051, 8.4582489469777, 6.040083268414373, 5.648919356387595, 5.62224986501362]}