{"model_name": "basic_ltsf_linear_wd60", "target": "Temperature", "features": ["StnPres", "SeaPres", "StnPresMax", "StnPresMin", "Temperature", "T Max", "T Min", "Td dew point", "RH", "RHMin", "WS", "WD", "WSGust", "WDGust", "Precp", "PrecpHour", "PrecpMax10", "PrecpMax60", "SunShine", "SunshineRate", "GloblRad", "VisbMean", "EvapA", "UVI Max", "Cloud Amount", "TxSoil0cm", "TxSoil5cm", "TxSoil10cm", "TxSoil20cm", "TxSoil30cm", "TxSoil50cm", "TxSoil100cm"], "window_size": 60, "train_test_split": 0.8, "batch_size": 8, "epochs": 20, "device": "cuda", "train_loss": [520.0518727857013, 504.8505579039108, 496.6870748830396, 484.6028346571811, 448.47313690185547, 45.44840084674747, 22.18729844481446, 15.961565882660622, 13.17112339374631, 13.552662091199743, 10.966407606768053, 9.957028824229573, 9.716235078351442, 9.652552962303162, 9.097875326871872, 9.317162147788114, 9.07110157816909, 7.658583806004635, 7.546545132648113, 7.575678603593693], "test_loss": [539.9476720636541, 532.7521625865589, 521.6844870827415, 506.44809514825994, 285.6495638760653, 29.439398071982644, 20.57775115966797, 18.472801598635588, 14.008646255189722, 12.84178758209402, 14.554013772444291, 15.914889574050903, 8.836363868279891, 7.9931358098983765, 11.494044629010288, 8.018323269757358, 7.806384417143735, 7.164580811153758, 7.157634659246965, 9.94440070065585]}