{"model_name": "basic_lstm_wd60", "target": "Temperature", "features": ["StnPres", "SeaPres", "StnPresMax", "StnPresMin", "Temperature", "T Max", "T Min", "Td dew point", "RH", "RHMin", "WS", "WD", "WSGust", "WDGust", "Precp", "PrecpHour", "PrecpMax10", "PrecpMax60", "SunShine", "SunshineRate", "GloblRad", "VisbMean", "EvapA", "UVI Max", "Cloud Amount", "TxSoil0cm", "TxSoil5cm", "TxSoil10cm", "TxSoil20cm", "TxSoil30cm", "TxSoil50cm", "TxSoil100cm"], "window_size": 60, "train_test_split": 0.8, "batch_size": 8, "epochs": 20, "device": "cuda", "train_loss": [465.5106949917106, 412.1512786510379, 362.56343397983284, 318.6237179068632, 279.03555457536567, 243.04572952625364, 211.27036613641783, 184.69197650288427, 159.6722772287768, 138.62472600715105, 119.4197707952455, 103.45866278714912, 89.45754705473433, 77.65805348684621, 69.06037616729736, 59.92930079615393, 53.23378661621449, 47.505518203557926, 42.98718831705492, 39.54504787090213], "test_loss": [449.35295937278056, 400.78000432794744, 351.9995200417259, 312.04812760786575, 270.91893976384944, 236.74365095658735, 203.95881306041372, 179.36732933738014, 155.97329330444336, 137.7458066073331, 118.99045354669744, 103.5527664531361, 89.32872061295943, 77.25464370033957, 67.00026772238992, 58.91495323181152, 52.612498023293234, 47.31203439018943, 43.02743929082697, 38.77170133590698]}