{"model_name": "basic_ltsf_linear_wd10", "target": "Temperature", "features": ["StnPres", "SeaPres", "StnPresMax", "StnPresMin", "Temperature", "T Max", "T Min", "Td dew point", "RH", "RHMin", "WS", "WD", "WSGust", "WDGust", "Precp", "PrecpHour", "PrecpMax10", "PrecpMax60", "SunShine", "SunshineRate", "GloblRad", "VisbMean", "EvapA", "UVI Max", "Cloud Amount", "TxSoil0cm", "TxSoil5cm", "TxSoil10cm", "TxSoil20cm", "TxSoil30cm", "TxSoil50cm", "TxSoil100cm"], "window_size": 60, "train_test_split": 0.8, "batch_size": 8, "epochs": 20, "device": "cuda", "train_loss": [85.65221835291663, 43.557255035222965, 37.858467567798705, 27.358906956606134, 22.848706916321156, 17.697924345038658, 16.060180683468662, 12.85709930852402, 12.67766744591469, 10.334347349266674, 8.998309570689534, 9.138629394908284, 7.865708791932394, 7.577370900270897, 7.077314927134403, 6.9333095273306204, 7.28892903688342, 7.710053823021955, 6.852172161257545, 6.588820708352466], "test_loss": [42.14916025508534, 49.2299936467951, 27.803124406120993, 23.649806477806784, 17.09806033697995, 15.962894136255438, 12.748612934892828, 11.416689894416116, 10.396376913244074, 8.984522071751682, 8.932717583396219, 8.042948202653365, 7.532673396847465, 8.046209226955067, 7.003709663044322, 6.483702594583685, 6.481640972874382, 6.201172481883656, 5.902559822255915, 7.200013705275276]}