{
    "basic_lstm_wd10": {
        "MSE": 29.22668788744056,
        "MAE": 5.406171278034073
    },
    "basic_lstm_wd60": {
        "MSE": 38.77170133590698,
        "MAE": 6.2266926482609515
    },
    "WeatherModel_Mix_wd10": {
        "MSE": 5.051043697025465,
        "MAE": 2.247452712967609
    },
    "WeatherModel_Mix_wd60": {
        "MSE": 7.231623741713437,
        "MAE": 2.689167853019487
    },
    "basic_ltsf_linear_wd10": {
        "MSE": 5.62224986501362,
        "MAE": 2.3711283948815636
    },
    "basic_ltsf_linear_wd60": {
        "MSE": 7.157634659246965,
        "MAE": 2.675375610871671
    }
}