{"model_name": "WeatherModel_Mix_wd10", "target": "Temperature", "features": ["StnPres", "SeaPres", "StnPresMax", "StnPresMin", "Temperature", "T Max", "T Min", "Td dew point", "RH", "RHMin", "WS", "WD", "WSGust", "WDGust", "Precp", "PrecpHour", "PrecpMax10", "PrecpMax60", "SunShine", "SunshineRate", "GloblRad", "VisbMean", "EvapA", "UVI Max", "Cloud Amount", "TxSoil0cm", "TxSoil5cm", "TxSoil10cm", "TxSoil20cm", "TxSoil30cm", "TxSoil50cm", "TxSoil100cm"], "window_size": 10, "train_test_split": 0.8, "batch_size": 8, "epochs": 20, "device": "cuda", "train_loss": [94.30961423391824, 24.853116889576334, 22.992092708964925, 21.893953763521633, 20.435866476415278, 19.836462130913368, 18.249623096906223, 16.48371628352574, 15.10316873382736, 13.595603143775856, 12.295565791182465, 11.042254419117183, 9.896015553684025, 8.481221576313397, 7.696813947551853, 6.96568782054461, 6.725458522419353, 7.068701113318349, 6.212701810585274, 6.139815695993193], "test_loss": [24.535651248434316, 22.031473947607953, 21.153655508290168, 21.681413712708846, 17.751912137736443, 16.29198518006698, 15.298909519029701, 15.637202055557914, 12.855911876844322, 11.250758274741795, 9.83313656889874, 8.64112445064213, 7.557824207388836, 6.836557927338974, 6.035996240118275, 5.957172689230545, 5.403412424999734, 5.504140677659408, 5.051043697025465, 5.632599877274555]}