{"model_name": "WeatherModel_Mix_wd60", "target": "Temperature", "features": ["StnPres", "SeaPres", "StnPresMax", "StnPresMin", "Temperature", "T Max", "T Min", "Td dew point", "RH", "RHMin", "WS", "WD", "WSGust", "WDGust", "Precp", "PrecpHour", "PrecpMax10", "PrecpMax60", "SunShine", "SunshineRate", "GloblRad", "VisbMean", "EvapA", "UVI Max", "Cloud Amount", "TxSoil0cm", "TxSoil5cm", "TxSoil10cm", "TxSoil20cm", "TxSoil30cm", "TxSoil50cm", "TxSoil100cm"], "window_size": 60, "train_test_split": 0.8, "batch_size": 8, "epochs": 20, "device": "cuda", "train_loss": [190.26538656478704, 30.669919468635737, 26.95885644125384, 29.052348164624945, 28.199831541194474, 25.477847515150557, 24.307958747065346, 23.616808752680935, 22.898715512697088, 22.03290976479996, 19.10397938794868, 18.90694893792618, 15.074456852535869, 13.652584933957389, 12.21017865663351, 11.594430405733197, 10.558490382377492, 10.572983434033949, 9.885553092457528, 8.926851955957192], "test_loss": [28.454152714122426, 25.71754503250122, 25.384270332076333, 25.902216824618254, 24.38227506117387, 23.792061242190275, 24.266789306293834, 21.9143499027599, 22.513258240439676, 20.63903487812389, 19.600134220990267, 17.31580990011042, 15.355019103397023, 10.964492602781815, 9.973549734462392, 12.747501134872437, 8.746396384455942, 7.470062656836077, 7.231623741713437, 9.997852878137069]}