Date,ObsTime,StnPres,SeaPres,StnPresMax,StnPresMaxTime,StnPresMin,StnPresMinTime,Temperature,T Max,T Max Time,T Min,T Min Time,Td dew point,RH,RHMin,RHMinTime,WS,WD,WSGust,WDGust,WGustTime,Precp,PrecpHour,PrecpMax10,PrecpMax10Time,PrecpMax60,PrecpMax60Time,SunShine,SunshineRate,GloblRad,VisbMean,EvapA,UVI Max,UVI Max Time,Cloud Amount,TxSoil0cm,TxSoil5cm,TxSoil10cm,TxSoil20cm,TxSoil30cm,TxSoil50cm,TxSoil100cm,Cloud Amount Sat,VisbMean Auto
2020-02-01,1,1021.8,1024.4,1023.5,2020/02/01 09:20:00,1020.0,2020/02/01 15:56:00,13.2,16.9,2020/02/01 12:30:00,9.4,2020/02/01 00:05:00,7.3,68,57,2020/02/01 10:08:00,5.7,60,15.6,60,2020/02/01 11:56:00,0.0,0.0,0.0,--,0.0,--,10.2,83.9,16.52,/,/,7,2020/02/01 13:00:00,/,/,/,/,/,/,/,/,,
2020-02-02,2,1021.0,1023.6,1022.8,2020/02/02 09:34:00,1019.3,2020/02/02 14:34:00,16.0,19.9,2020/02/02 11:47:00,12.1,2020/02/02 02:27:00,11.2,74,61,2020/02/02 09:57:00,3.3,60,10.3,40,2020/02/02 14:47:00,0.0,0.0,0.0,--,0.0,--,7.1,64.7,15.64,/,/,7,2020/02/02 12:00:00,/,/,/,/,/,/,/,/,,
2020-02-03,3,1020.1,1022.7,1021.2,2020/02/03 09:40:00,1019.0,2020/02/03 14:25:00,16.5,19.4,2020/02/03 10:00:00,13.5,2020/02/03 02:36:00,14.1,86,78,2020/02/03 11:41:00,5.2,40,13.9,50,2020/02/03 13:11:00,0.0,0.0,0.0,--,0.0,--,3.2,29.1,7.34,/,/,4,2020/02/03 11:00:00,/,/,/,/,/,/,/,/,,
2020-02-04,4,1019.1,1021.7,1020.7,2020/02/04 10:05:00,1017.7,2020/02/04 16:22:00,16.2,16.8,2020/02/04 11:00:00,15.4,2020/02/04 13:42:00,14.5,90,85,2020/02/04 03:23:00,5.3,40,11.9,40,2020/02/04 23:59:00,2.0,3.0,0.4,2020/02/04 22:10:00,0.9,2020/02/04 21:43:00,0.0,9.1,0.24,/,/,1,2020/02/04 14:00:00,/,/,/,/,/,/,/,/,,
2020-02-05,5,1020.6,1023.2,1022.1,2020/02/05 09:51:00,1019.1,2020/02/05 04:27:00,15.8,17.4,2020/02/05 11:33:00,14.8,2020/02/05 06:51:00,12.3,80,68,2020/02/05 19:08:00,8.3,50,18.1,50,2020/02/05 11:39:00,0.0,0.0,0.0,--,0.0,--,0.6,5.4,6.05,/,/,6,2020/02/05 12:00:00,/,/,/,/,/,/,/,/,,
2020-02-06,6,1017.4,1020.0,1021.1,2020/02/06 00:01:00,1013.6,2020/02/06 14:22:00,18.9,25.3,2020/02/06 14:43:00,15.1,2020/02/06 01:01:00,14.9,78,59,2020/02/06 14:01:00,6.1,50,15.3,50,2020/02/06 07:17:00,0.0,0.0,0.0,--,0.0,--,9.1,82.3,17.64,/,/,7,2020/02/06 13:00:00,/,16.6,17.3,17.2,17.4,17.5,/,/,,
2020-02-07,7,1020.9,1023.5,1022.6,2020/02/07 23:35:00,1018.6,2020/02/07 01:58:00,15.2,16.8,2020/02/07 00:01:00,13.4,2020/02/07 03:52:00,13.5,90,80,2020/02/07 22:50:00,6.1,40,15.3,30,2020/02/07 22:18:00,3.3,3.6,1.0,2020/02/07 05:28:00,1.9,2020/02/07 05:15:00,0.0,0.0,3.15,11.3,/,2,2020/02/07 13:00:00,9.7,16.4,17.2,17.1,17.4,17.5,/,/,,
2020-02-08,8,1023.6,1026.2,1025.1,2020/02/08 10:04:00,1022.2,2020/02/08 04:57:00,15.0,15.9,2020/02/08 01:28:00,14.4,2020/02/08 06:54:00,10.6,75,68,2020/02/08 06:07:00,8.1,40,16.4,50,2020/02/08 19:07:00,0.0,0.0,0.0,--,0.0,--,0.2,1.8,4.0,14.7,2.3,2,2020/02/08 10:00:00,9.7,15.5,16.3,16.4,16.9,17.0,18.4,19.3,,
2020-02-09,9,1024.3,1026.9,1026.7,2020/02/09 09:55:00,1022.8,2020/02/09 14:31:00,14.5,15.9,2020/02/09 12:56:00,13.5,2020/02/09 09:57:00,9.8,74,68,2020/02/09 22:10:00,7.1,50,14.6,40,2020/02/09 09:40:00,0.0,0.0,0.0,--,0.0,--,0.0,0.0,2.18,16.0,1.7,3,2020/02/09 13:00:00,8.3,15.1,15.9,16.1,16.4,16.5,18.0,19.3,,
2020-02-10,10,1020.7,1023.3,1023.1,2020/02/10 00:01:00,1018.8,2020/02/10 14:47:00,16.8,22.1,2020/02/10 13:03:00,13.3,2020/02/10 00:45:00,10.2,65,54,2020/02/10 12:59:00,4.7,50,13.4,60,2020/02/10 06:04:00,0.0,0.0,0.0,--,0.0,--,8.2,73.6,16.07,15.0,3.0,7,2020/02/10 13:00:00,5.0,16.4,16.2,16.1,16.1,16.2,17.9,19.3,,
2020-02-11,11,1019.8,1022.4,1022.6,2020/02/11 10:44:00,1018.0,2020/02/11 15:06:00,17.1,21.0,2020/02/11 14:30:00,14.1,2020/02/11 01:03:00,15.1,88,79,2020/02/11 14:18:00,1.6,30,5.2,330,2020/02/11 15:29:00,0.0,0.0,0.0,--,0.0,--,1.4,12.5,8.91,8.5,1.0,5,2020/02/11 13:00:00,9.3,17.3,17.3,17.3,17.2,17.3,18.0,19.1,,
2020-02-12,12,1016.5,1019.1,1018.7,2020/02/12 00:20:00,1014.4,2020/02/12 15:14:00,19.1,24.0,2020/02/12 14:44:00,14.8,2020/02/12 02:24:00,16.5,86,60,2020/02/12 13:46:00,1.5,330,4.5,350,2020/02/12 15:25:00,0.0,0.0,0.0,--,0.0,--,5.5,49.2,14.59,9.7,2.9,7,2020/02/12 12:00:00,7.5,18.2,18.1,18.0,17.9,18.0,18.2,19.1,,
2020-02-13,13,1014.1,1016.7,1016.1,2020/02/13 00:01:00,1011.5,2020/02/13 14:11:00,19.8,25.1,2020/02/13 13:14:00,17.8,2020/02/13 23:27:00,18.0,90,71,2020/02/13 12:54:00,2.5,40,8.8,10,2020/02/13 22:23:00,1.1,1.6,0.5,2020/02/13 16:58:00,1.0,2020/02/13 16:58:00,5.7,50.9,14.21,5.8,-2.8,7,2020/02/13 13:00:00,7.3,19.4,19.3,19.2,18.9,19.0,18.6,19.2,,
2020-02-14,14,1013.8,1016.4,1016.7,2020/02/14 21:47:00,1011.5,2020/02/14 13:16:00,18.4,22.0,2020/02/14 10:34:00,17.1,2020/02/14 04:04:00,18.3,100,96,2020/02/14 12:28:00,2.6,30,9.5,40,2020/02/14 13:13:00,0.0,0.0,0.0,--,0.0,--,1.7,15.2,8.95,2.3,1.9,5,2020/02/14 12:00:00,8.2,19.0,19.3,19.3,19.2,19.2,19.0,19.3,,
2020-02-15,15,1013.0,1015.5,1016.5,2020/02/15 00:16:00,1010.1,2020/02/15 15:49:00,20.4,26.0,2020/02/15 13:33:00,17.9,2020/02/15 00:01:00,18.7,90,75,2020/02/15 13:31:00,3.1,30,9.2,40,2020/02/15 10:14:00,0.6,0.4,0.6,2020/02/15 16:49:00,0.6,2020/02/15 16:49:00,5.0,44.5,15.19,10.0,-2.3,8,2020/02/15 13:00:00,6.8,20.1,20.1,19.9,19.7,19.8,19.4,19.6,,
2020-02-16,16,1019.3,1021.9,1024.6,2020/02/16 23:33:00,1012.2,2020/02/16 00:03:00,12.2,19.0,2020/02/16 00:01:00,9.4,2020/02/16 16:16:00,10.5,90,67,2020/02/16 21:41:00,8.6,40,19.2,30,2020/02/16 06:53:00,46.7,15.4,3.5,2020/02/16 03:16:00,10.5,2020/02/16 02:24:00,0.0,0.0,0.1,5.2,-0.3,1,2020/02/16 14:00:00,9.8,16.0,17.5,17.8,18.6,19.0,20.0,19.8,,
2020-02-17,17,1026.1,1028.8,1028.1,2020/02/17 20:12:00,1022.9,2020/02/17 02:36:00,10.6,12.4,2020/02/17 12:38:00,9.4,2020/02/17 23:20:00,4.2,65,55,2020/02/17 15:33:00,7.7,40,17.5,30,2020/02/17 10:04:00,0.0,0.0,0.0,--,0.0,--,7.6,67.3,16.96,16.0,4.1,7,2020/02/17 13:00:00,3.5,13.9,15.1,15.3,16.2,17.4,18.6,19.2,,
2020-02-18,18,1025.2,1027.8,1027.6,2020/02/18 09:17:00,1023.2,2020/02/18 14:45:00,12.6,16.0,2020/02/18 12:41:00,9.3,2020/02/18 02:29:00,5.8,64,52,2020/02/18 08:53:00,7.5,50,19.6,30,2020/02/18 14:12:00,0.0,0.0,0.0,--,0.0,--,9.8,86.7,19.35,17.3,4.3,8,2020/02/18 13:00:00,2.3,13.9,14.7,14.8,15.5,16.5,18.3,19.8,,
2020-02-19,19,1022.4,1025.0,1023.8,2020/02/19 00:01:00,1021.0,2020/02/19 14:37:00,15.8,20.0,2020/02/19 11:01:00,12.5,2020/02/19 00:26:00,11.2,75,59,2020/02/19 10:57:00,4.4,50,12.2,20,2020/02/19 12:12:00,0.0,0.0,0.0,--,0.0,--,9.5,83.8,18.6,13.7,3.2,7,2020/02/19 13:00:00,2.3,15.8,16.0,15.8,16.0,16.6,17.7,19.4,,
2020-02-20,20,1023.1,1025.7,1024.8,2020/02/20 09:36:00,1021.8,2020/02/20 01:51:00,16.5,19.8,2020/02/20 11:57:00,12.3,2020/02/20 02:27:00,14.9,90,79,2020/02/20 09:12:00,5.9,40,18.5,50,2020/02/20 16:01:00,0.0,0.0,0.0,--,0.0,--,0.0,0.0,13.81,12.0,2.5,6,2020/02/20 12:00:00,5.3,16.4,16.8,16.7,16.8,17.1,17.8,19.2,,
2020-02-21,21,1024.4,1027.0,1026.0,2020/02/21 09:13:00,1022.9,2020/02/21 14:58:00,17.0,18.7,2020/02/21 10:39:00,14.1,2020/02/21 23:41:00,15.8,93,87,2020/02/21 12:03:00,3.7,40,10.9,60,2020/02/21 02:12:00,0.0,0.0,0.0,--,0.0,--,0.0,0.0,6.27,8.8,1.3,3,2020/02/21 13:00:00,8.3,17.2,17.5,17.5,17.3,17.7,18.0,19.1,,
2020-02-22,22,1024.5,1027.1,1025.9,2020/02/22 22:09:00,1022.8,2020/02/22 14:40:00,17.6,20.5,2020/02/22 12:23:00,14.1,2020/02/22 00:10:00,15.6,89,78,2020/02/22 13:27:00,7.1,50,20.9,50,2020/02/22 12:33:00,0.0,0.0,0.0,--,0.0,--,5.2,45.6,14.17,7.3,4.2,8,2020/02/22 13:00:00,7.7,17.4,17.9,17.8,17.7,18.0,18.3,19.1,,
2020-02-23,23,1022.4,1025.0,1025.3,2020/02/23 00:02:00,1020.2,2020/02/23 15:11:00,18.8,22.7,2020/02/23 13:20:00,16.4,2020/02/23 03:50:00,14.3,75,63,2020/02/23 09:52:00,7.2,50,18.4,40,2020/02/23 00:55:00,0.0,0.0,0.0,--,0.0,--,10.5,91.9,19.96,12.0,3.9,8,2020/02/23 13:00:00,0.5,17.8,18.2,18.1,18.1,18.2,18.5,19.2,,
2020-02-24,24,1018.4,1020.9,1020.4,2020/02/24 00:01:00,1016.4,2020/02/24 17:44:00,18.6,22.5,2020/02/24 12:00:00,14.1,2020/02/24 04:47:00,17.2,92,75,2020/02/24 12:00:00,1.9,270,6.6,250,2020/02/24 13:05:00,0.0,0.0,0.0,--,0.0,--,10.3,90.0,20.12,10.7,2.5,8,2020/02/24 13:00:00,2.0,18.8,18.7,18.7,18.5,18.6,18.8,19.3,,
2020-02-25,25,1016.4,1018.9,1018.8,2020/02/25 09:40:00,1014.5,2020/02/25 15:45:00,20.1,25.5,2020/02/25 13:49:00,16.4,2020/02/25 06:56:00,17.8,87,61,2020/02/25 13:49:00,1.5,290,5.8,300,2020/02/25 13:55:00,0.0,0.0,0.0,--,0.0,--,9.2,80.2,19.67,7.7,3.2,9,2020/02/25 13:00:00,1.0,19.7,19.7,19.8,19.5,19.4,19.1,19.4,,
2020-02-26,26,1017.0,1019.6,1019.1,2020/02/26 22:21:00,1015.1,2020/02/26 03:20:00,20.1,26.1,2020/02/26 09:31:00,17.3,2020/02/26 06:19:00,18.0,88,67,2020/02/26 09:29:00,4.3,40,16.6,50,2020/02/26 22:59:00,0.0,0.0,0.0,--,0.0,--,6.9,60.0,17.75,13.3,4.6,8,2020/02/26 13:00:00,5.3,19.7,19.9,19.9,19.7,19.8,19.6,19.6,,
2020-02-27,27,1018.9,1021.5,1021.2,2020/02/27 08:47:00,1017.3,2020/02/27 23:54:00,18.1,19.5,2020/02/27 13:20:00,17.4,2020/02/27 06:03:00,15.6,85,79,2020/02/27 04:21:00,9.7,40,19.1,50,2020/02/27 19:08:00,0.0,0.0,0.0,--,0.0,--,1.3,11.3,8.82,15.0,2.6,4,2020/02/27 14:00:00,10.0,18.6,19.3,19.3,19.5,19.8,19.9,19.7,,
2020-02-28,28,1015.8,1018.4,1017.4,2020/02/28 00:07:00,1014.2,2020/02/28 23:17:00,18.7,22.1,2020/02/28 10:32:00,16.7,2020/02/28 21:47:00,17.4,92,87,2020/02/28 09:45:00,3.5,40,14.9,50,2020/02/28 01:36:00,0.0,0.0,0.0,--,0.0,--,0.9,7.8,10.98,8.2,1.9,6,2020/02/28 12:00:00,8.5,19.3,19.6,19.7,19.4,19.6,19.9,20.1,,
2020-02-29,29,1012.7,1015.3,1014.6,2020/02/29 09:03:00,1010.7,2020/02/29 15:42:00,20.9,25.6,2020/02/29 13:08:00,16.0,2020/02/29 05:09:00,18.2,86,66,2020/02/29 11:48:00,1.6,280,6.5,280,2020/02/29 12:01:00,0.0,0.0,0.0,--,0.0,--,9.5,82.2,18.9,10.0,4.6,8,2020/02/29 13:00:00,5.8,20.1,19.9,19.9,19.8,19.9,19.9,20.1,,
2020-03-01,1,1013.2,1015.8,1017.3,2020/03/01 23:54:00,1010.6,2020/03/01 03:40:00,19.0,22.4,2020/03/01 09:08:00,16.6,2020/03/01 23:59:59,17.9,93,85,2020/03/01 23:15:00,3.4,50,16.9,50,2020/03/01 23:25:00,T,2.0,T,2020/03/01 18:18:00,T,2020/03/01 18:18:00,1.0,8.6,6.77,4.7,-2.8,4,2020/03/01 13:00:00,8.3,19.4,19.9,20.0,20.0,20.1,20.1,20.2,,
2020-03-02,2,1018.0,1020.6,1020.4,2020/03/02 08:45:00,1016.2,2020/03/02 15:38:00,17.0,18.6,2020/03/02 11:50:00,15.6,2020/03/02 05:41:00,12.9,77,69,2020/03/02 12:12:00,9.5,50,19.1,50,2020/03/02 11:42:00,0.0,0.0,0.0,--,0.0,--,8.8,75.9,17.3,14.7,5.2,7,2020/03/02 13:00:00,5.7,17.8,18.8,19.1,19.0,19.7,20.3,20.4,,
2020-03-03,3,1017.3,1019.9,1019.8,2020/03/03 09:26:00,1015.0,2020/03/03 16:57:00,19.0,21.5,2020/03/03 13:34:00,16.0,2020/03/03 03:34:00,15.8,82,75,2020/03/03 08:51:00,5.0,50,14.1,40,2020/03/03 00:35:00,0.0,0.0,0.0,--,0.0,--,6.1,52.5,16.45,12.3,-1.3,7,2020/03/03 13:00:00,4.5,19.0,19.3,19.4,19.4,19.6,20.1,20.4,,
2020-03-04,4,1017.9,1020.5,1021.3,2020/03/04 22:24:00,1014.7,2020/03/04 02:45:00,16.6,20.1,2020/03/04 04:31:00,14.3,2020/03/04 22:53:00,14.6,88,83,2020/03/04 22:38:00,7.7,40,19.2,40,2020/03/04 18:11:00,T,1.6,T,2020/03/04 19:45:00,T,2020/03/04 19:40:00,0.0,0.0,1.73,11.0,-0.6,2,2020/03/04 13:00:00,9.5,17.0,18.7,18.9,19.3,19.7,20.2,20.5,,
2020-03-05,5,1019.0,1021.6,1021.3,2020/03/05 09:21:00,1017.0,2020/03/05 15:03:00,14.7,16.6,2020/03/05 13:27:00,13.4,2020/03/05 06:03:00,11.9,84,75,2020/03/05 11:55:00,8.7,50,18.0,50,2020/03/05 15:42:00,9.8,7.9,0.6,2020/03/05 03:58:00,2.5,2020/03/05 03:52:00,0.0,0.0,5.78,10.7,2.3,4,2020/03/05 14:00:00,9.5,15.8,17.3,17.4,18.0,18.9,19.9,20.5,,
2020-03-06,6,1015.2,1017.7,1017.7,2020/03/06 00:01:00,1012.6,2020/03/06 15:56:00,18.0,21.4,2020/03/06 16:20:00,14.7,2020/03/06 00:01:00,15.4,85,77,2020/03/06 09:58:00,3.4,50,13.7,60,2020/03/06 00:13:00,0.0,0.0,0.0,--,0.0,--,0.8,6.8,7.6,13.0,1.1,3,2020/03/06 15:00:00,7.3,17.2,17.8,17.8,17.9,18.5,19.4,20.3,,
2020-03-07,7,1012.4,1014.9,1014.9,2020/03/07 08:29:00,1010.1,2020/03/07 14:54:00,19.8,23.2,2020/03/07 11:34:00,16.7,2020/03/07 04:15:00,18.2,91,75,2020/03/07 11:18:00,2.2,50,7.4,230,2020/03/07 12:27:00,0.0,0.0,0.0,--,0.0,--,4.7,40.1,16.61,7.7,3.0,8,2020/03/07 13:00:00,5.5,19.5,19.2,19.1,18.9,19.1,19.4,20.2,,
2020-03-08,8,1009.9,1012.4,1012.2,2020/03/08 00:01:00,1007.8,2020/03/08 14:11:00,21.2,24.4,2020/03/08 11:41:00,19.2,2020/03/08 02:42:00,19.8,92,81,2020/03/08 10:54:00,3.2,20,9.8,340,2020/03/08 16:10:00,0.0,0.0,0.0,--,0.0,--,4.2,35.8,15.98,9.0,3.5,8,2020/03/08 12:00:00,7.0,20.5,20.5,20.4,20.0,19.9,19.7,20.2,,
2020-03-09,9,1005.9,1008.4,1009.3,2020/03/09 00:01:00,1003.6,2020/03/09 15:20:00,20.7,23.6,2020/03/09 20:16:00,18.8,2020/03/09 06:30:00,20.0,96,89,2020/03/09 20:16:00,3.9,220,17.2,230,2020/03/09 20:15:00,6.8,2.5,1.6,2020/03/09 23:22:00,4.0,2020/03/09 22:41:00,1.2,10.2,5.77,6.0,/,4,2020/03/09 11:00:00,8.7,20.4,20.6,20.5,20.4,20.5,20.3,20.3,,
2020-03-10,10,1012.9,1015.5,1018.4,2020/03/10 22:43:00,1006.3,2020/03/10 00:01:00,17.4,22.9,2020/03/10 00:16:00,15.0,2020/03/10 19:56:00,15.4,88,72,2020/03/10 19:17:00,5.6,50,18.1,270,2020/03/10 02:03:00,45.1,10.5,7.0,2020/03/10 02:13:00,17.0,2020/03/10 01:49:00,0.0,0.0,2.26,11.3,-2.2,2,2020/03/10 14:00:00,10.0,18.6,19.7,19.9,20.2,20.4,20.8,20.5,,
2020-03-11,11,1017.3,1019.9,1019.3,2020/03/11 07:43:00,1015.6,2020/03/11 13:37:00,17.5,20.9,2020/03/11 14:07:00,15.1,2020/03/11 05:58:00,11.4,68,58,2020/03/11 10:15:00,5.7,60,14.1,80,2020/03/11 10:14:00,0.0,0.0,0.0,--,0.0,--,5.4,45.7,16.78,15.0,-4.0,8,2020/03/11 12:00:00,6.8,17.4,18.4,18.5,19.0,19.6,20.3,20.6,,
2020-03-12,12,1014.4,1016.9,1017.3,2020/03/12 09:15:00,1012.2,2020/03/12 17:38:00,18.7,20.5,2020/03/12 15:48:00,16.8,2020/03/12 08:07:00,16.6,88,74,2020/03/12 00:01:00,1.9,320,8.2,90,2020/03/12 00:03:00,5.4,2.6,1.4,2020/03/12 09:03:00,3.0,2020/03/12 07:06:00,0.0,0.0,4.28,10.2,/,3,2020/03/12 12:00:00,10.0,18.7,19.0,19.0,19.2,19.4,20.1,20.6,,
2020-03-13,13,1014.5,1017.1,1016.6,2020/03/13 23:45:00,1012.7,2020/03/13 14:06:00,18.8,20.3,2020/03/13 13:44:00,16.5,2020/03/13 23:52:00,18.7,99,89,2020/03/13 00:20:00,2.7,40,12.7,40,2020/03/13 23:34:00,46.0,16.4,6.2,2020/03/13 04:12:00,14.0,2020/03/13 04:49:00,0.0,0.0,1.98,4.8,-0.1,2,2020/03/13 12:00:00,10.0,19.3,19.6,19.6,19.5,19.7,19.9,20.6,,
2020-03-14,14,1017.4,1020.0,1019.2,2020/03/14 09:33:00,1015.7,2020/03/14 03:45:00,15.7,17.9,2020/03/14 14:21:00,13.9,2020/03/14 23:11:00,12.0,79,64,2020/03/14 13:27:00,6.9,50,17.0,60,2020/03/14 14:14:00,2.2,4.1,1.0,2020/03/14 00:51:00,1.5,2020/03/14 00:51:00,1.8,15.1,6.83,12.2,-1.8,5,2020/03/14 14:00:00,7.2,16.8,18.1,18.4,18.9,19.4,20.0,20.6,,
2020-03-15,15,1018.2,1020.8,1019.9,2020/03/15 09:00:00,1015.9,2020/03/15 16:06:00,16.1,20.2,2020/03/15 11:59:00,12.4,2020/03/15 23:57:00,8.9,63,41,2020/03/15 11:45:00,5.1,60,14.3,40,2020/03/15 12:00:00,0.0,0.0,0.0,--,0.0,--,11.1,93.2,24.01,14.0,5.5,10,2020/03/15 13:00:00,0.2,16.6,17.6,17.7,18.2,18.7,19.7,20.5,,
2020-03-16,16,1018.2,1020.8,1020.0,2020/03/16 09:31:00,1016.1,2020/03/16 15:27:00,18.8,25.1,2020/03/16 14:10:00,11.9,2020/03/16 03:04:00,9.0,55,36,2020/03/16 13:53:00,4.0,60,12.3,60,2020/03/16 09:59:00,0.0,0.0,0.0,--,0.0,--,11.0,92.2,23.36,18.3,4.4,10,2020/03/16 13:00:00,1.7,17.6,17.8,17.9,18.2,18.6,19.5,20.4,,
2020-03-17,17,1017.3,1019.9,1018.4,2020/03/17 08:09:00,1016.0,2020/03/17 16:24:00,18.9,23.2,2020/03/17 10:12:00,16.6,2020/03/17 05:14:00,14.6,76,57,2020/03/17 00:10:00,1.9,320,7.1,300,2020/03/17 11:22:00,0.0,0.0,0.0,--,0.0,--,3.5,29.3,12.97,10.7,-3.5,7,2020/03/17 12:00:00,8.0,18.7,18.9,18.9,18.9,19.2,19.5,20.4,,
2020-03-18,18,1014.2,1016.7,1016.4,2020/03/18 00:01:00,1012.2,2020/03/18 23:59:00,18.9,22.2,2020/03/18 10:24:00,16.5,2020/03/18 05:58:00,17.6,92,77,2020/03/18 10:33:00,1.4,140,5.8,310,2020/03/18 13:47:00,1.0,5.9,0.3,2020/03/18 17:10:00,0.5,2020/03/18 16:40:00,0.3,2.5,5.01,9.3,-1.3,5,2020/03/18 11:00:00,9.8,18.8,19.4,19.5,19.2,19.4,19.7,20.3,,
2020-03-19,19,1013.0,1015.5,1015.3,2020/03/19 21:49:00,1010.6,2020/03/19 06:06:00,19.5,22.1,2020/03/19 12:28:00,17.8,2020/03/19 01:44:00,19.4,99,87,2020/03/19 16:04:00,2.1,210,7.8,300,2020/03/19 13:31:00,6.1,3.3,1.6,2020/03/19 18:18:00,3.9,2020/03/19 17:33:00,0.0,0.0,1.93,5.0,-1.0,3,2020/03/19 13:00:00,9.7,19.3,19.4,19.4,19.3,19.6,19.7,20.4,,
2020-03-20,20,1013.7,1016.2,1015.1,2020/03/20 00:05:00,1009.8,2020/03/20 11:27:00,20.5,23.2,2020/03/20 14:05:00,18.0,2020/03/20 03:54:00,19.3,93,81,2020/03/20 10:56:00,4.3,40,11.8,50,2020/03/20 10:52:00,0.0,0.0,0.0,--,0.0,--,3.6,29.9,12.39,6.3,2.7,5,2020/03/20 12:00:00,7.3,19.4,19.8,19.7,19.6,19.8,20.0,20.3,,
2020-03-21,21,1013.1,1015.6,1015.6,2020/03/21 07:39:00,1009.9,2020/03/21 15:12:00,22.0,26.2,2020/03/21 15:17:00,18.4,2020/03/21 06:23:00,20.4,91,62,2020/03/21 12:53:00,2.4,210,9.5,300,2020/03/21 15:55:00,0.0,0.0,0.0,--,0.0,--,8.4,69.7,18.48,8.0,3.5,7,2020/03/21 13:00:00,6.3,21.0,20.7,20.6,20.3,20.2,20.2,20.4,,
2020-03-22,22,1011.1,1013.6,1014.3,2020/03/22 22:27:00,1008.1,2020/03/22 15:57:00,24.0,26.8,2020/03/22 13:29:00,21.9,2020/03/22 23:23:00,22.2,90,78,2020/03/22 13:16:00,5.9,230,15.6,230,2020/03/22 11:31:00,0.0,0.0,0.0,--,0.0,--,8.3,68.7,19.66,9.0,4.5,8,2020/03/22 12:00:00,5.0,22.1,21.9,21.7,21.3,21.1,20.6,20.5,,
2020-03-23,23,1013.6,1016.1,1017.3,2020/03/23 21:40:00,1011.5,2020/03/23 04:18:00,20.6,22.4,2020/03/23 01:07:00,18.1,2020/03/23 21:59:00,19.0,91,80,2020/03/23 19:47:00,6.1,50,15.3,40,2020/03/23 11:16:00,3.0,0.4,1.7,2020/03/23 21:43:00,3.0,2020/03/23 21:40:00,0.0,0.0,5.17,7.7,-3.3,3,2020/03/23 14:00:00,9.5,20.6,21.2,21.3,21.4,21.5,21.1,20.6,,
2020-03-24,24,1013.6,1016.1,1014.8,2020/03/24 08:53:00,1012.5,2020/03/24 15:35:00,21.1,23.3,2020/03/24 12:04:00,18.8,2020/03/24 02:51:00,19.1,89,79,2020/03/24 09:58:00,5.8,40,14.8,50,2020/03/24 13:16:00,0.0,0.0,0.0,--,0.0,--,5.3,43.7,15.96,12.8,3.3,8,2020/03/24 12:00:00,6.8,20.5,20.8,20.9,20.8,21.0,21.1,20.8,,
2020-03-25,25,1012.4,1014.9,1014.0,2020/03/25 09:00:00,1010.9,2020/03/25 14:41:00,21.9,25.4,2020/03/25 10:45:00,19.1,2020/03/25 03:37:00,21.2,96,88,2020/03/25 10:43:00,1.7,340,7.0,340,2020/03/25 11:39:00,0.0,0.0,0.0,--,0.0,--,4.9,40.3,17.22,8.7,2.8,8,2020/03/25 13:00:00,5.8,21.7,21.7,21.6,21.3,21.3,21.2,21.1,,
2020-03-26,26,1012.2,1014.7,1013.9,2020/03/26 09:00:00,1009.7,2020/03/26 15:13:00,24.0,28.9,2020/03/26 11:20:00,19.8,2020/03/26 00:11:00,22.1,90,67,2020/03/26 10:28:00,1.5,320,6.9,20,2020/03/26 13:54:00,0.0,0.0,0.0,--,0.0,--,8.8,72.2,21.87,9.5,4.6,10,2020/03/26 13:00:00,5.0,22.9,22.6,22.5,21.9,21.9,21.5,21.1,,
2020-03-27,27,1012.0,1014.5,1013.4,2020/03/27 09:19:00,1010.6,2020/03/27 15:05:00,24.1,27.7,2020/03/27 11:04:00,21.2,2020/03/27 21:05:00,22.8,93,79,2020/03/27 16:54:00,3.1,210,13.6,70,2020/03/27 20:54:00,0.0,0.0,0.0,--,0.0,--,2.9,23.8,13.21,11.3,/,10,2020/03/27 12:00:00,8.7,22.7,23.2,23.2,22.7,22.6,22.0,21.3,,
2020-03-28,28,1014.3,1016.9,1018.3,2020/03/28 21:42:00,1010.0,2020/03/28 04:29:00,17.6,21.9,2020/03/28 04:01:00,14.1,2020/03/28 23:03:00,16.8,95,86,2020/03/28 20:22:00,6.3,40,14.7,30,2020/03/28 15:56:00,36.4,14.4,12.3,2020/03/28 04:41:00,21.6,2020/03/28 04:20:00,0.0,0.0,1.8,11.7,-0.4,2,2020/03/28 12:00:00,10.0,19.8,21.1,21.3,21.8,22.3,22.4,21.5,,
2020-03-29,29,1014.2,1016.8,1017.8,2020/03/29 00:12:00,1010.2,2020/03/29 15:11:00,17.4,20.8,2020/03/29 15:09:00,14.1,2020/03/29 02:18:00,14.4,83,72,2020/03/29 14:06:00,4.5,60,12.4,40,2020/03/29 00:19:00,0.0,0.0,0.0,--,0.0,--,1.8,14.7,13.55,14.8,3.4,7,2020/03/29 12:00:00,9.7,18.8,19.4,19.6,20.2,20.8,21.7,21.6,,
2020-03-30,30,1012.2,1014.7,1013.6,2020/03/30 21:32:00,1010.8,2020/03/30 04:18:00,18.6,20.1,2020/03/30 12:41:00,17.8,2020/03/30 04:52:00,18.3,98,90,2020/03/30 00:01:00,3.4,60,9.5,20,2020/03/30 12:48:00,2.4,3.5,1.3,2020/03/30 18:50:00,2.0,2020/03/30 18:10:00,0.0,0.0,0.66,9.5,-0.3,1,2020/03/30 13:00:00,9.7,19.6,20.1,20.1,20.4,20.7,21.5,21.7,,
2020-03-31,31,1011.4,1014.0,1013.7,2020/03/31 06:58:00,1008.6,2020/03/31 16:20:00,20.1,23.2,2020/03/31 10:57:00,18.0,2020/03/31 01:26:00,19.2,95,86,2020/03/31 10:57:00,3.1,50,10.3,40,2020/03/31 11:59:00,3.6,3.1,0.5,2020/03/31 21:34:00,1.0,2020/03/31 23:31:00,1.8,14.6,10.43,11.0,-1.7,6,2020/03/31 11:00:00,8.8,20.2,20.4,20.5,20.5,20.8,21.3,21.6,,
2020-04-01,1,1015.6,1018.2,1017.9,2020/04/01 21:04:00,1011.8,2020/04/01 00:07:00,17.6,18.9,2020/04/01 00:01:00,16.7,2020/04/01 20:58:00,15.1,86,73,2020/04/01 13:41:00,5.6,60,15.0,50,2020/04/01 17:44:00,9.2,6.6,1.5,2020/04/01 00:11:00,3.0,2020/04/01 00:11:00,0.0,0.0,4.03,12.7,-3.3,3,2020/04/01 14:00:00,9.5,19.2,19.7,19.9,20.3,20.7,21.3,21.5,,
2020-04-02,2,1016.8,1019.4,1019.4,2020/04/02 09:56:00,1014.4,2020/04/02 02:27:00,18.4,21.2,2020/04/02 13:36:00,16.2,2020/04/02 04:24:00,16.8,91,75,2020/04/02 00:27:00,5.3,50,15.7,40,2020/04/02 03:39:00,15.5,3.9,4.5,2020/04/02 04:05:00,8.5,2020/04/02 04:05:00,0.2,1.6,6.41,7.8,-1.5,6,2020/04/02 12:00:00,9.5,18.6,19.1,19.2,19.4,20.1,20.8,21.5,,
2020-04-03,3,1016.5,1019.1,1018.5,2020/04/03 21:00:00,1014.7,2020/04/03 13:49:00,19.1,21.9,2020/04/03 11:47:00,17.9,2020/04/03 22:58:00,17.8,92,87,2020/04/03 11:44:00,5.7,40,13.9,30,2020/04/03 15:04:00,0.1,0.4,0.1,2020/04/03 05:35:00,0.1,2020/04/03 05:30:00,0.2,1.6,6.44,10.0,-1.3,6,2020/04/03 12:00:00,9.7,19.2,19.6,19.6,19.7,20.2,20.6,21.5,,
2020-04-04,4,1017.9,1020.5,1020.2,2020/04/04 20:57:00,1015.0,2020/04/04 03:12:00,17.8,18.7,2020/04/04 11:34:00,17.0,2020/04/04 02:15:00,15.1,85,70,2020/04/04 20:55:00,6.0,50,14.2,50,2020/04/04 20:44:00,0.8,1.7,0.2,2020/04/04 04:49:00,0.4,2020/04/04 04:47:00,0.0,0.0,2.19,12.0,3.1,1,2020/04/04 12:00:00,10.0,18.1,19.0,19.1,19.4,20.0,20.6,21.4,,
2020-04-05,5,1018.5,1021.1,1019.6,2020/04/05 09:26:00,1017.3,2020/04/05 04:17:00,17.5,20.1,2020/04/05 09:56:00,15.7,2020/04/05 17:09:00,13.1,76,63,2020/04/05 10:47:00,7.1,50,16.5,50,2020/04/05 12:31:00,1.5,2.6,0.3,2020/04/05 16:01:00,1.0,2020/04/05 15:11:00,0.3,2.4,5.48,11.0,-2.1,4,2020/04/05 11:00:00,9.3,17.2,18.3,18.3,18.8,19.4,20.4,21.2,,
2020-04-06,6,1015.5,1018.1,1018.5,2020/04/06 00:11:00,1013.4,2020/04/06 16:02:00,18.0,20.9,2020/04/06 10:42:00,16.1,2020/04/06 00:06:00,15.1,84,73,2020/04/06 09:30:00,5.5,50,13.5,60,2020/04/06 09:16:00,4.2,6.1,0.4,2020/04/06 22:29:00,1.2,2020/04/06 22:25:00,0.5,4.0,7.63,12.7,-1.0,4,2020/04/06 11:00:00,9.5,17.8,18.4,18.4,18.6,19.2,20.0,21.1,,
2020-04-07,7,1014.6,1017.2,1015.9,2020/04/07 20:55:00,1012.2,2020/04/07 03:11:00,16.6,18.1,2020/04/07 10:55:00,15.4,2020/04/07 08:03:00,14.4,87,71,2020/04/07 18:23:00,4.9,40,11.5,50,2020/04/07 15:47:00,1.4,3.9,0.4,2020/04/07 02:39:00,1.0,2020/04/07 02:36:00,0.0,0.0,4.3,12.7,2.0,4,2020/04/07 11:00:00,9.5,17.3,18.1,18.2,18.6,19.2,20.0,20.9,,
2020-04-08,8,1014.4,1017.0,1016.0,2020/04/08 20:37:00,1013.0,2020/04/08 16:03:00,18.9,20.5,2020/04/08 11:56:00,16.3,2020/04/08 00:01:00,14.7,77,68,2020/04/08 18:18:00,5.7,50,12.9,40,2020/04/08 12:31:00,0.0,0.0,0.0,--,0.0,--,0.0,0.0,9.02,17.0,2.7,5,2020/04/08 12:00:00,9.7,17.8,18.4,18.4,18.5,19.0,19.8,20.8,,
2020-04-09,9,1015.9,1018.5,1017.3,2020/04/09 09:46:00,1014.0,2020/04/09 02:15:00,20.0,23.7,2020/04/09 13:51:00,18.5,2020/04/09 06:40:00,16.5,80,66,2020/04/09 13:27:00,5.2,50,14.4,40,2020/04/09 17:13:00,0.0,0.0,0.0,--,0.0,--,4.9,39.1,16.75,16.0,4.4,8,2020/04/09 14:00:00,6.2,19.3,19.6,19.6,19.4,19.5,19.8,20.6,,
2020-04-10,10,1015.7,1018.3,1018.0,2020/04/10 08:03:00,1013.5,2020/04/10 15:45:00,22.1,26.8,2020/04/10 15:32:00,18.6,2020/04/10 00:24:00,17.0,73,59,2020/04/10 15:22:00,5.5,50,13.9,40,2020/04/10 10:35:00,0.0,0.0,0.0,--,0.0,--,10.8,86.0,24.36,15.5,6.0,10,2020/04/10 12:00:00,0.8,20.1,20.4,20.3,20.2,20.1,20.0,20.6,,
2020-04-11,11,1013.1,1015.6,1014.9,2020/04/11 09:28:00,1011.0,2020/04/11 18:18:00,19.1,21.0,2020/04/11 07:46:00,16.8,2020/04/11 16:15:00,18.2,95,74,2020/04/11 00:01:00,2.4,220,8.7,320,2020/04/11 15:00:00,24.0,9.6,3.4,2020/04/11 15:33:00,13.0,2020/04/11 14:54:00,0.0,0.0,1.95,10.2,-0.3,1,2020/04/11 11:00:00,10.0,19.7,20.2,20.2,20.2,20.5,20.5,20.6,,
2020-04-12,12,1015.9,1018.5,1018.1,2020/04/12 20:43:00,1012.5,2020/04/12 02:34:00,15.3,18.3,2020/04/12 00:54:00,12.1,2020/04/12 23:49:00,11.6,80,52,2020/04/12 17:30:00,4.4,40,12.5,50,2020/04/12 03:42:00,2.5,5.3,0.4,2020/04/12 01:05:00,1.0,2020/04/12 02:05:00,2.3,18.2,7.34,15.5,2.1,4,2020/04/12 14:00:00,6.7,17.6,18.7,18.9,19.4,20.0,20.5,20.7,,
2020-04-13,13,1017.7,1020.2,1019.1,2020/04/13 22:28:00,1016.1,2020/04/13 02:54:00,16.0,21.3,2020/04/13 12:58:00,9.4,2020/04/13 03:37:00,7.5,59,41,2020/04/13 09:57:00,4.0,40,12.8,30,2020/04/13 15:17:00,0.0,0.0,0.0,--,0.0,--,11.8,93.4,25.93,14.0,7.0,9,2020/04/13 13:00:00,0.7,17.1,17.8,17.8,18.3,19.0,20.0,20.8,,
2020-04-14,14,1015.4,1017.9,1017.9,2020/04/14 00:05:00,1013.3,2020/04/14 16:32:00,19.7,24.8,2020/04/14 11:57:00,14.4,2020/04/14 02:23:00,11.0,58,30,2020/04/14 12:40:00,3.0,60,9.9,70,2020/04/14 07:42:00,0.0,0.0,0.0,--,0.0,--,6.2,49.0,20.0,13.0,-2.9,9,2020/04/14 12:00:00,8.8,18.7,18.8,18.8,18.8,19.2,19.9,20.7,,
2020-04-15,15,1013.5,1016.1,1015.5,2020/04/15 08:45:00,1012.1,2020/04/15 16:06:00,19.8,23.1,2020/04/15 13:58:00,17.1,2020/04/15 23:57:00,15.9,79,69,2020/04/15 12:41:00,2.9,290,9.5,280,2020/04/15 13:36:00,0.2,0.3,0.1,2020/04/15 09:37:00,0.1,2020/04/15 09:37:00,6.7,52.9,19.17,12.3,-7.0,9,2020/04/15 13:00:00,5.5,19.9,20.0,20.0,19.9,19.9,20.1,20.7,,
2020-04-16,16,1013.3,1015.8,1014.4,2020/04/16 09:52:00,1012.2,2020/04/16 02:20:00,20.2,24.5,2020/04/16 09:30:00,14.6,2020/04/16 05:22:00,15.7,76,49,2020/04/16 09:22:00,1.8,280,6.2,290,2020/04/16 14:30:00,0.0,0.0,0.0,--,0.0,--,11.8,92.9,25.82,16.0,2.5,10,2020/04/16 12:00:00,2.3,20.4,20.2,20.3,20.3,20.5,20.5,20.8,,
2020-04-17,17,1013.4,1015.9,1015.7,2020/04/17 10:54:00,1012.1,2020/04/17 16:40:00,21.9,25.9,2020/04/17 12:36:00,16.5,2020/04/17 02:52:00,18.6,82,68,2020/04/17 08:12:00,2.8,230,8.8,280,2020/04/17 11:46:00,0.0,0.0,0.0,--,0.0,--,11.2,88.0,25.18,12.7,4.8,10,2020/04/17 12:00:00,0.8,21.2,21.0,21.2,21.0,20.8,20.7,20.7,,
2020-04-18,18,1012.8,1015.3,1015.0,2020/04/18 08:45:00,1011.2,2020/04/18 16:39:00,23.6,27.0,2020/04/18 11:50:00,19.5,2020/04/18 04:47:00,20.8,84,75,2020/04/18 10:23:00,2.1,40,5.4,320,2020/04/18 12:28:00,0.0,0.0,0.0,--,0.0,--,5.1,40.0,19.68,8.5,5.1,10,2020/04/18 13:00:00,6.5,22.3,22.1,22.0,21.6,21.6,21.2,20.9,,
2020-04-19,19,1009.7,1012.2,1011.3,2020/04/19 00:01:00,1007.4,2020/04/19 16:54:00,24.2,26.2,2020/04/19 12:13:00,22.2,2020/04/19 05:51:00,23.0,93,85,2020/04/19 00:01:00,3.1,220,12.2,250,2020/04/19 16:31:00,0.0,0.0,0.0,--,0.0,--,2.4,18.8,9.92,6.8,2.5,5,2020/04/19 12:00:00,7.5,22.7,22.7,22.7,22.3,22.2,21.6,21.1,,
2020-04-20,20,1011.3,1013.8,1013.8,2020/04/20 08:56:00,1009.5,2020/04/20 16:10:00,24.4,27.6,2020/04/20 15:16:00,22.2,2020/04/20 06:36:00,21.6,85,70,2020/04/20 15:15:00,3.5,40,12.7,40,2020/04/20 12:40:00,0.0,0.0,0.0,--,0.0,--,8.0,62.5,21.65,11.0,5.5,10,2020/04/20 13:00:00,5.8,23.4,23.4,23.4,23.0,22.7,22.0,21.2,,
2020-04-21,21,1012.2,1014.7,1014.6,2020/04/21 21:55:00,1010.3,2020/04/21 02:31:00,21.2,24.3,2020/04/21 01:21:00,18.7,2020/04/21 23:57:00,20.0,93,82,2020/04/21 01:21:00,4.9,40,13.0,30,2020/04/21 13:55:00,0.3,1.0,0.1,2020/04/21 22:47:00,0.2,2020/04/21 22:43:00,0.0,0.0,2.28,7.7,-1.0,2,2020/04/21 11:00:00,9.7,22.0,22.5,22.7,22.6,22.9,22.5,21.5,,
2020-04-22,22,1014.9,1017.5,1016.9,2020/04/22 09:51:00,1013.0,2020/04/22 13:17:00,18.4,20.2,2020/04/22 13:25:00,17.2,2020/04/22 08:23:00,16.6,89,82,2020/04/22 13:11:00,8.8,50,21.7,50,2020/04/22 12:34:00,4.6,4.6,0.9,2020/04/22 22:18:00,2.0,2020/04/22 21:56:00,0.3,2.3,7.17,13.0,-2.1,7,2020/04/22 13:00:00,9.5,20.0,20.9,20.9,21.3,22.0,22.4,21.7,,
2020-04-23,23,1016.2,1018.8,1018.0,2020/04/23 21:31:00,1014.0,2020/04/23 01:41:00,18.0,20.9,2020/04/23 12:30:00,15.4,2020/04/23 23:09:00,15.4,85,66,2020/04/23 13:47:00,7.9,50,20.0,40,2020/04/23 10:40:00,6.2,7.6,0.7,2020/04/23 05:53:00,2.5,2020/04/23 05:18:00,0.2,1.6,8.29,14.2,-2.0,7,2020/04/23 12:00:00,10.0,19.3,20.1,20.2,20.7,21.3,21.9,21.8,,
2020-04-24,24,1016.6,1019.2,1018.0,2020/04/24 09:52:00,1014.8,2020/04/24 04:02:00,17.5,19.4,2020/04/24 13:07:00,15.6,2020/04/24 00:06:00,13.7,79,65,2020/04/24 22:11:00,7.3,60,18.7,40,2020/04/24 08:35:00,0.8,2.4,0.5,2020/04/24 00:49:00,0.7,2020/04/24 00:45:00,0.1,0.8,7.28,15.5,2.8,4,2020/04/24 12:00:00,10.0,18.4,19.3,19.3,19.9,20.5,21.5,21.8,,
2020-04-25,25,1014.7,1017.3,1016.3,2020/04/25 09:45:00,1013.1,2020/04/25 15:56:00,20.1,24.1,2020/04/25 13:40:00,15.8,2020/04/25 02:41:00,17.1,83,71,2020/04/25 11:46:00,1.7,80,8.9,100,2020/04/25 00:01:00,0.0,0.0,0.0,--,0.0,--,0.2,1.5,11.14,16.0,1.1,6,2020/04/25 12:00:00,9.2,20.3,20.4,20.2,20.1,20.5,21.0,21.6,,
2020-04-26,26,1014.9,1017.4,1016.6,2020/04/26 09:06:00,1013.6,2020/04/26 02:45:00,21.3,24.1,2020/04/26 13:55:00,19.0,2020/04/26 03:30:00,18.5,85,69,2020/04/26 22:10:00,2.9,50,9.0,40,2020/04/26 23:07:00,0.0,0.0,0.0,--,0.0,--,0.8,6.2,11.22,14.5,3.6,7,2020/04/26 13:00:00,10.0,21.1,21.2,21.2,21.0,21.1,21.0,21.6,,
2020-04-27,27,1014.3,1016.8,1015.5,2020/04/27 21:46:00,1013.0,2020/04/27 16:11:00,22.8,26.4,2020/04/27 14:13:00,20.3,2020/04/27 01:31:00,17.5,72,64,2020/04/27 14:12:00,5.0,60,11.4,60,2020/04/27 08:36:00,0.0,0.0,0.0,--,0.0,--,2.6,20.1,13.09,17.5,4.7,8,2020/04/27 13:00:00,9.3,21.4,21.5,21.4,21.3,21.4,21.3,21.6,,
2020-04-28,28,1015.0,1017.5,1017.0,2020/04/28 09:01:00,1013.4,2020/04/28 15:24:00,23.6,27.2,2020/04/28 11:22:00,20.7,2020/04/28 02:28:00,17.0,67,52,2020/04/28 02:59:00,7.3,50,17.1,50,2020/04/28 13:00:00,0.0,0.0,0.0,--,0.0,--,11.8,91.0,25.71,16.0,8.4,10,2020/04/28 13:00:00,6.2,21.8,21.9,21.9,21.7,21.8,21.5,21.6,,
2020-04-29,29,1014.2,1016.7,1016.1,2020/04/29 08:23:00,1012.8,2020/04/29 14:39:00,23.7,27.7,2020/04/29 13:51:00,19.5,2020/04/29 23:19:00,18.5,73,62,2020/04/29 17:37:00,2.5,120,7.9,10,2020/04/29 15:50:00,0.0,0.0,0.0,--,0.0,--,9.9,76.2,24.43,13.7,9.9,10,2020/04/29 12:00:00,4.3,22.9,23.1,22.7,22.4,22.3,21.9,21.7,,
2020-04-30,30,1013.5,1016.0,1015.6,2020/04/30 09:20:00,1011.4,2020/04/30 23:40:00,23.0,27.2,2020/04/30 13:51:00,19.1,2020/04/30 00:05:00,20.3,85,64,2020/04/30 17:32:00,1.9,310,6.3,310,2020/04/30 11:51:00,0.0,0.0,0.0,--,0.0,--,11.5,88.3,26.32,12.0,6.2,11,2020/04/30 12:00:00,3.7,22.9,22.8,23.0,22.7,22.8,22.3,21.8,,
2020-05-01,1,1010.8,1013.3,1013.0,2020/05/01 09:11:00,1009.0,2020/05/01 16:36:00,23.8,28.8,2020/05/01 12:01:00,19.5,2020/05/01 00:01:00,21.5,87,60,2020/05/01 11:53:00,1.4,320,5.6,320,2020/05/01 13:28:00,0.0,0.0,0.0,--,0.0,--,3.5,26.8,17.71,8.7,4.8,11,2020/05/01 12:00:00,7.5,23.7,23.7,23.8,23.3,23.1,22.6,22.0,,
2020-05-02,2,1007.7,1010.2,1009.7,2020/05/02 07:44:00,1006.0,2020/05/02 23:55:00,25.2,28.6,2020/05/02 11:27:00,22.4,2020/05/02 03:47:00,21.3,80,52,2020/05/02 13:25:00,1.9,260,6.6,290,2020/05/02 10:38:00,0.0,0.0,0.0,--,0.0,--,3.0,23.0,17.61,8.2,5.8,12,2020/05/02 12:00:00,7.5,24.4,24.3,24.3,23.9,23.6,23.1,22.3,,
2020-05-03,3,1006.2,1008.7,1007.9,2020/05/03 21:42:00,1004.7,2020/05/03 14:10:00,26.1,28.9,2020/05/03 14:07:00,23.2,2020/05/03 00:34:00,23.7,86,78,2020/05/03 14:02:00,4.5,250,13.1,250,2020/05/03 14:10:00,0.0,0.0,0.0,--,0.0,--,7.4,56.6,23.19,14.0,6.9,11,2020/05/03 12:00:00,5.8,25.7,25.0,24.9,24.4,24.3,23.5,22.5,,
2020-05-04,4,1008.0,1010.5,1009.2,2020/05/04 09:42:00,1006.6,2020/05/04 01:53:00,27.0,29.8,2020/05/04 13:12:00,25.2,2020/05/04 00:01:00,23.9,84,74,2020/05/04 10:23:00,5.4,240,11.5,230,2020/05/04 06:56:00,0.0,0.0,0.0,--,0.0,--,10.9,83.2,25.38,13.3,7.3,11,2020/05/04 12:00:00,3.0,26.7,25.9,25.8,25.4,25.0,24.0,22.6,,
2020-05-05,5,1005.8,1008.3,1008.4,2020/05/05 00:01:00,1003.1,2020/05/05 17:28:00,27.5,31.1,2020/05/05 09:26:00,24.6,2020/05/05 04:23:00,24.0,81,64,2020/05/05 23:59:00,6.3,230,18.8,220,2020/05/05 15:55:00,0.0,0.0,0.0,--,0.0,--,9.1,69.4,22.37,10.7,7.9,11,2020/05/05 12:00:00,4.8,26.7,26.3,26.3,26.0,25.5,24.5,22.8,,
2020-05-06,6,1006.8,1009.3,1009.3,2020/05/06 22:27:00,1003.6,2020/05/06 03:36:00,26.7,30.2,2020/05/06 11:12:00,23.4,2020/05/06 22:39:00,22.7,79,63,2020/05/06 00:05:00,5.8,240,18.2,250,2020/05/06 00:10:00,0.0,0.0,0.0,--,0.0,--,3.9,29.7,15.66,12.3,-4.9,11,2020/05/06 12:00:00,7.8,26.2,26.2,26.3,26.1,25.9,25.0,23.1,,
2020-05-07,7,1008.2,1010.7,1009.5,2020/05/07 04:37:00,1006.8,2020/05/07 04:45:00,25.2,28.3,2020/05/07 13:09:00,22.7,2020/05/07 04:11:00,22.8,87,75,2020/05/07 15:28:00,1.7,80,8.4,120,2020/05/07 04:47:00,22.9,1.5,7.5,2020/05/07 04:08:00,20.9,2020/05/07 03:48:00,0.4,3.0,10.9,12.7,2.5,6,2020/05/07 11:00:00,8.3,25.0,25.3,25.6,25.6,25.5,25.1,23.5,,
2020-05-08,8,1007.2,1009.7,1008.7,2020/05/08 08:57:00,1005.5,2020/05/08 16:23:00,27.3,30.0,2020/05/08 12:18:00,23.8,2020/05/08 04:43:00,24.6,86,78,2020/05/08 09:19:00,3.6,220,11.6,220,2020/05/08 19:52:00,0.0,0.0,0.0,--,0.0,--,7.7,58.4,23.25,11.8,6.1,12,2020/05/08 12:00:00,5.3,27.0,26.4,26.4,26.2,25.7,25.1,23.8,,
2020-05-09,9,1006.3,1008.8,1007.5,2020/05/09 09:54:00,1004.4,2020/05/09 16:48:00,28.0,30.6,2020/05/09 12:38:00,26.1,2020/05/09 04:25:00,24.9,83,74,2020/05/09 12:55:00,6.3,230,15.3,230,2020/05/09 10:55:00,0.0,0.0,0.0,--,0.0,--,8.7,65.9,23.56,16.0,6.3,12,2020/05/09 13:00:00,3.5,27.6,27.0,27.2,26.8,26.4,25.5,24.0,,
2020-05-10,10,1007.7,1010.2,1009.9,2020/05/10 20:34:00,1006.1,2020/05/10 14:27:00,27.5,31.5,2020/05/10 09:10:00,25.2,2020/05/10 23:48:00,24.9,86,67,2020/05/10 09:32:00,3.5,210,8.5,240,2020/05/10 13:54:00,0.0,0.0,0.0,--,0.0,--,5.1,38.6,19.93,15.0,5.1,11,2020/05/10 12:00:00,6.3,27.7,27.3,27.4,27.0,26.7,25.9,24.1,,
2020-05-11,11,1008.7,1011.2,1010.3,2020/05/11 08:14:00,1007.2,2020/05/11 16:23:00,24.8,27.2,2020/05/11 12:41:00,23.7,2020/05/11 20:34:00,22.9,90,80,2020/05/11 12:38:00,4.6,40,11.1,30,2020/05/11 01:12:00,0.0,0.0,0.0,--,0.0,--,0.4,3.0,12.44,13.5,-2.8,7,2020/05/11 13:00:00,10.0,25.8,26.7,26.9,26.9,26.8,26.2,24.5,,
2020-05-12,12,1009.3,1011.8,1011.0,2020/05/12 22:06:00,1007.2,2020/05/12 03:54:00,23.4,24.8,2020/05/12 16:15:00,22.0,2020/05/12 21:59:00,21.0,87,75,2020/05/12 21:27:00,3.7,50,9.3,50,2020/05/12 15:59:00,9.8,1.9,5.0,2020/05/12 09:52:00,8.0,2020/05/12 09:45:00,0.6,4.5,5.08,12.7,-2.4,3,2020/05/12 15:00:00,9.8,24.3,25.3,25.6,26.0,26.1,26.0,24.6,,
2020-05-13,13,1010.8,1013.3,1012.9,2020/05/13 08:57:00,1009.4,2020/05/13 02:07:00,25.3,28.4,2020/05/13 09:34:00,22.6,2020/05/13 00:01:00,19.3,70,48,2020/05/13 09:06:00,5.9,50,15.3,50,2020/05/13 13:47:00,0.0,0.0,0.0,--,0.0,--,12.0,90.4,26.62,14.3,7.5,11,2020/05/13 13:00:00,1.2,24.0,24.8,25.0,25.2,25.5,25.5,24.7,,
2020-05-14,14,1009.7,1012.2,1011.4,2020/05/14 09:18:00,1007.8,2020/05/14 17:05:00,26.2,29.8,2020/05/14 09:41:00,22.8,2020/05/14 00:20:00,22.6,81,71,2020/05/14 09:04:00,2.3,140,6.8,220,2020/05/14 16:57:00,0.0,0.0,0.0,--,0.0,--,10.6,79.8,24.28,10.7,5.1,11,2020/05/14 12:00:00,2.5,26.2,26.3,26.0,25.9,25.8,25.6,24.8,,
2020-05-15,15,1007.4,1009.9,1008.6,2020/05/15 00:01:00,1006.1,2020/05/15 15:23:00,27.5,30.2,2020/05/15 15:52:00,24.5,2020/05/15 04:39:00,23.5,79,70,2020/05/15 15:22:00,2.6,220,7.4,230,2020/05/15 16:03:00,0.0,0.0,0.0,--,0.0,--,12.3,92.4,27.15,15.7,6.4,13,2020/05/15 12:00:00,1.8,27.3,26.8,26.9,26.6,26.4,25.8,24.8,,
2020-05-16,16,1006.9,1009.3,1008.6,2020/05/16 09:10:00,1005.6,2020/05/16 21:42:00,27.3,31.4,2020/05/16 14:52:00,23.8,2020/05/16 19:09:00,24.6,85,74,2020/05/16 14:51:00,2.6,190,16.9,180,2020/05/16 18:48:00,1.8,0.2,1.8,2020/05/16 19:01:00,1.8,2020/05/16 19:01:00,7.8,58.5,23.57,15.0,-5.6,13,2020/05/16 13:00:00,6.0,27.6,27.3,27.5,27.2,26.9,26.2,25.0,,
2020-05-17,17,1003.5,1006.0,1005.6,2020/05/17 00:01:00,1001.1,2020/05/17 16:16:00,28.1,31.6,2020/05/17 12:33:00,23.9,2020/05/17 00:04:00,23.4,76,61,2020/05/17 16:51:00,2.6,300,10.1,240,2020/05/17 23:40:00,0.0,0.0,0.0,--,0.0,--,12.1,90.7,27.91,22.7,-7.0,13,2020/05/17 12:00:00,2.2,27.6,27.3,27.3,27.3,27.2,26.6,25.1,,
2020-05-18,18,1001.9,1004.4,1004.6,2020/05/18 11:16:00,999.4,2020/05/18 03:07:00,26.0,27.8,2020/05/18 08:41:00,22.8,2020/05/18 09:19:00,23.8,88,75,2020/05/18 21:15:00,6.6,240,18.9,220,2020/05/18 08:57:00,19.9,2.4,5.2,2020/05/18 09:10:00,10.2,2020/05/18 08:57:00,0.0,0.0,5.27,13.3,-3.0,4,2020/05/18 13:00:00,8.7,26.1,26.4,26.6,26.8,27.1,26.7,25.3,,
2020-05-19,19,1005.1,1007.6,1007.2,2020/05/19 21:27:00,1002.0,2020/05/19 01:53:00,23.3,27.1,2020/05/19 00:20:00,21.1,2020/05/19 11:35:00,22.4,95,75,2020/05/19 01:08:00,3.6,240,15.1,220,2020/05/19 01:03:00,106.0,8.6,16.0,2020/05/19 11:08:00,64.0,2020/05/19 10:48:00,0.0,0.0,2.09,8.0,-0.4,1,2020/05/19 15:00:00,9.7,24.7,25.0,25.1,25.5,26.0,26.5,25.5,,
2020-05-20,20,1007.1,1009.5,1008.3,2020/05/20 09:19:00,1006.2,2020/05/20 03:30:00,24.6,30.6,2020/05/20 11:24:00,21.2,2020/05/20 01:11:00,22.9,90,75,2020/05/20 11:24:00,1.8,40,6.1,20,2020/05/20 13:41:00,0.7,0.4,0.4,2020/05/20 07:34:00,0.4,2020/05/20 07:32:00,0.1,0.7,8.25,11.3,-0.9,7,2020/05/20 12:00:00,9.3,24.6,25.1,25.1,25.1,25.4,25.7,25.4,,
2020-05-21,21,1004.7,1007.2,1006.8,2020/05/21 00:01:00,1002.8,2020/05/21 16:06:00,24.6,27.2,2020/05/21 12:18:00,22.6,2020/05/21 23:51:00,23.4,93,84,2020/05/21 09:40:00,2.3,80,7.1,210,2020/05/21 17:11:00,75.5,10.2,8.0,2020/05/21 17:49:00,32.0,2020/05/21 17:36:00,0.0,0.0,6.01,10.3,/,4,2020/05/21 13:00:00,9.8,25.1,25.3,25.4,25.4,25.6,25.4,25.1,,
2020-05-22,22,1002.1,1004.6,1003.8,2020/05/22 00:01:00,1000.6,2020/05/22 15:50:00,23.3,24.6,2020/05/22 09:54:00,22.6,2020/05/22 00:01:00,23.2,99,97,2020/05/22 14:16:00,3.3,50,10.8,50,2020/05/22 15:50:00,87.0,21.2,2.8,2020/05/22 12:45:00,9.6,2020/05/22 11:58:00,0.0,0.0,2.25,5.3,/,2,2020/05/22 14:00:00,10.0,24.4,24.8,24.8,25.0,25.4,25.5,25.1,,
2020-05-23,23,1004.5,1007.0,1006.4,2020/05/23 22:03:00,1002.1,2020/05/23 03:07:00,23.8,26.1,2020/05/23 13:25:00,22.5,2020/05/23 03:38:00,23.2,96,90,2020/05/23 16:31:00,4.3,50,9.9,40,2020/05/23 05:51:00,16.7,8.0,1.5,2020/05/23 04:16:00,5.8,2020/05/23 04:10:00,0.0,0.0,7.79,8.8,-0.8,5,2020/05/23 12:00:00,10.0,24.2,24.6,24.7,24.7,25.1,25.1,25.1,,
2020-05-24,24,1007.2,1009.7,1008.5,2020/05/24 22:27:00,1005.9,2020/05/24 01:26:00,25.4,28.3,2020/05/24 10:03:00,23.3,2020/05/24 01:00:00,22.6,85,74,2020/05/24 09:56:00,3.7,40,10.9,50,2020/05/24 15:49:00,0.0,0.0,0.0,--,0.0,--,9.2,68.4,25.94,15.5,6.6,13,2020/05/24 13:00:00,6.7,25.3,25.8,25.8,25.6,25.5,25.1,25.0,,
2020-05-25,25,1008.2,1010.7,1009.3,2020/05/25 08:14:00,1007.2,2020/05/25 23:26:00,25.9,29.7,2020/05/25 11:18:00,22.9,2020/05/25 01:15:00,23.8,88,75,2020/05/25 11:05:00,2.3,40,9.0,20,2020/05/25 13:39:00,0.0,0.0,0.0,--,0.0,--,7.5,55.7,23.3,14.8,4.4,14,2020/05/25 12:00:00,6.0,26.2,26.4,26.5,26.3,26.1,25.5,25.0,,
2020-05-26,26,1005.8,1008.3,1007.9,2020/05/26 00:32:00,1004.4,2020/05/26 17:16:00,27.1,29.4,2020/05/26 09:55:00,24.2,2020/05/26 03:10:00,25.1,89,83,2020/05/26 19:47:00,6.4,240,17.9,230,2020/05/26 14:12:00,1.5,2.1,1.0,2020/05/26 12:04:00,1.0,2020/05/26 11:45:00,2.8,20.8,12.85,13.0,-3.1,8,2020/05/26 10:00:00,7.8,26.2,26.4,26.5,26.5,26.4,25.9,25.0,,
2020-05-27,27,1007.7,1010.2,1009.6,2020/05/27 22:23:00,1005.6,2020/05/27 01:54:00,24.1,27.8,2020/05/27 10:20:00,22.6,2020/05/27 22:24:00,23.3,95,86,2020/05/27 00:01:00,4.2,50,10.0,40,2020/05/27 06:32:00,26.1,6.3,5.0,2020/05/27 05:41:00,14.5,2020/05/27 05:15:00,0.3,2.2,5.56,12.3,-3.5,7,2020/05/27 11:00:00,10.0,25.1,25.7,25.9,26.1,26.1,26.1,25.1,,
2020-05-28,28,1009.6,1012.1,1011.2,2020/05/28 21:14:00,1007.9,2020/05/28 02:50:00,23.7,27.3,2020/05/28 15:23:00,21.6,2020/05/28 01:11:00,22.7,94,82,2020/05/28 15:21:00,2.6,50,7.0,80,2020/05/28 00:20:00,45.0,3.6,10.0,2020/05/28 00:47:00,32.0,2020/05/28 00:09:00,0.0,0.0,6.25,11.0,-1.6,4,2020/05/28 11:00:00,10.0,24.3,24.8,25.0,25.0,25.4,25.7,25.4,,
2020-05-29,29,1009.4,1011.9,1010.4,2020/05/29 07:10:00,1008.2,2020/05/29 16:01:00,26.2,29.2,2020/05/29 13:32:00,22.5,2020/05/29 00:22:00,24.2,89,79,2020/05/29 17:19:00,1.7,20,7.0,350,2020/05/29 12:17:00,0.5,0.4,0.5,2020/05/29 05:20:00,0.5,2020/05/29 05:08:00,2.9,21.5,17.22,10.3,3.2,10,2020/05/29 11:00:00,7.7,25.7,26.0,26.0,25.8,25.5,25.6,25.4,,
2020-05-30,30,1008.5,1011.0,1009.9,2020/05/30 07:50:00,1007.0,2020/05/30 14:39:00,27.6,29.9,2020/05/30 14:24:00,24.5,2020/05/30 04:14:00,24.7,84,78,2020/05/30 14:07:00,6.5,250,18.7,240,2020/05/30 17:47:00,0.0,0.0,0.0,--,0.0,--,8.3,61.4,21.14,23.7,5.7,10,2020/05/30 14:00:00,7.2,26.6,26.3,26.7,26.4,26.3,25.9,25.4,,
2020-05-31,31,1009.1,1011.6,1010.6,2020/05/31 20:50:00,1007.2,2020/05/31 16:23:00,28.2,29.7,2020/05/31 11:21:00,27.2,2020/05/31 20:28:00,25.0,83,70,2020/05/31 05:24:00,6.0,250,15.0,270,2020/05/31 12:17:00,0.0,0.0,0.0,--,0.0,--,9.2,68.0,25.23,23.7,5.1,13,2020/05/31 12:00:00,5.2,27.7,27.3,27.3,27.0,26.6,26.1,25.4,,
2020-06-01,1,1009.1,1011.6,1010.4,2020/06/01 22:03:00,1006.9,2020/06/01 15:42:00,27.8,30.1,2020/06/01 11:19:00,26.4,2020/06/01 04:49:00,25.7,88,82,2020/06/01 10:27:00,4.5,250,14.5,260,2020/06/01 12:27:00,0.0,0.0,0.0,--,0.0,--,6.9,50.9,20.77,16.0,-3.4,13,2020/06/01 12:00:00,6.3,27.7,27.6,27.6,27.4,27.2,26.5,25.4,,
2020-06-02,2,1007.9,1010.4,1010.4,2020/06/02 00:04:00,1006.0,2020/06/02 16:25:00,27.4,29.8,2020/06/02 11:46:00,24.6,2020/06/02 02:18:00,25.2,88,80,2020/06/02 00:53:00,4.9,230,12.9,260,2020/06/02 00:28:00,0.4,0.1,0.4,2020/06/02 00:25:00,0.4,2020/06/02 00:25:00,7.3,53.9,23.23,15.3,8.5,14,2020/06/02 13:00:00,6.0,27.9,27.7,27.8,27.5,27.4,26.7,25.5,,
2020-06-03,3,1006.2,1008.6,1007.9,2020/06/03 09:05:00,1003.7,2020/06/03 16:22:00,28.3,30.6,2020/06/03 13:37:00,25.4,2020/06/03 02:00:00,24.8,81,71,2020/06/03 23:47:00,7.5,230,16.7,260,2020/06/03 12:42:00,0.0,0.0,0.0,--,0.0,--,12.3,90.7,28.39,16.0,7.8,14,2020/06/03 12:00:00,2.8,27.9,27.8,28.0,27.6,27.6,27.0,25.7,,
2020-06-04,4,1005.7,1008.1,1007.1,2020/06/04 09:45:00,1003.9,2020/06/04 03:20:00,28.7,30.7,2020/06/04 11:54:00,27.3,2020/06/04 04:23:00,24.5,78,70,2020/06/04 00:38:00,8.2,230,18.2,240,2020/06/04 12:34:00,0.0,0.0,0.0,--,0.0,--,8.6,63.4,22.62,17.3,6.0,12,2020/06/04 11:00:00,5.3,27.2,27.6,27.6,27.6,27.6,27.1,25.8,,
2020-06-05,5,1005.4,1007.8,1007.1,2020/06/05 08:07:00,1003.3,2020/06/05 16:55:00,28.6,30.4,2020/06/05 14:51:00,26.7,2020/06/05 04:32:00,24.9,80,73,2020/06/05 02:10:00,7.0,240,16.7,260,2020/06/05 14:04:00,0.0,0.0,0.0,--,0.0,--,6.4,47.1,20.59,17.3,5.5,10,2020/06/05 14:00:00,7.5,27.7,27.6,27.7,27.6,27.6,27.2,25.9,,
2020-06-06,6,1004.4,1006.9,1005.7,2020/06/06 22:39:00,1003.0,2020/06/06 03:49:00,28.9,30.7,2020/06/06 14:12:00,27.4,2020/06/06 19:38:00,25.4,82,76,2020/06/06 03:40:00,7.5,230,18.7,250,2020/06/06 09:47:00,0.0,0.0,0.0,--,0.0,--,7.3,53.7,22.67,16.7,-5.6,12,2020/06/06 11:00:00,7.0,28.1,27.9,28.0,27.8,27.7,27.3,26.1,,
2020-06-07,7,1005.6,1008.1,1006.7,2020/06/07 21:44:00,1004.4,2020/06/07 02:15:00,26.3,29.4,2020/06/07 07:07:00,24.3,2020/06/07 12:44:00,23.9,87,66,2020/06/07 03:30:00,4.2,230,16.3,240,2020/06/07 07:35:00,26.5,9.0,7.0,2020/06/07 12:36:00,11.0,2020/06/07 12:20:00,0.8,5.9,4.32,9.0,/,4,2020/06/07 11:00:00,9.8,26.4,26.9,27.2,27.3,27.6,27.4,26.2,,
2020-06-08,8,1006.5,1009.0,1007.9,2020/06/08 10:45:00,1004.7,2020/06/08 02:09:00,25.1,27.2,2020/06/08 09:13:00,23.8,2020/06/08 18:23:00,23.5,91,79,2020/06/08 22:21:00,2.7,90,16.2,230,2020/06/08 17:12:00,9.0,11.4,1.0,2020/06/08 15:54:00,3.0,2020/06/08 15:13:00,0.0,0.0,4.96,13.0,-1.0,3,2020/06/08 11:00:00,10.0,26.1,26.4,26.6,26.9,27.0,27.1,26.3,,
2020-06-09,9,1007.4,1009.9,1008.3,2020/06/09 11:22:00,1006.0,2020/06/09 03:46:00,26.4,29.1,2020/06/09 13:52:00,24.2,2020/06/09 00:01:00,23.4,84,71,2020/06/09 19:30:00,3.0,230,12.8,250,2020/06/09 16:38:00,0.5,0.8,0.5,2020/06/09 16:45:00,0.5,2020/06/09 16:34:00,0.1,0.7,9.25,17.5,-2.6,5,2020/06/09 12:00:00,8.5,26.1,26.3,26.5,26.5,26.8,26.9,26.5,,
2020-06-10,10,1007.2,1009.6,1008.6,2020/06/10 09:26:00,1005.6,2020/06/10 16:18:00,27.8,30.7,2020/06/10 12:09:00,24.5,2020/06/10 00:11:00,24.5,82,70,2020/06/10 08:23:00,4.2,220,12.9,240,2020/06/10 09:42:00,0.0,0.0,0.0,--,0.0,--,3.6,26.4,19.95,17.7,4.3,12,2020/06/10 12:00:00,9.3,27.0,26.9,27.1,26.8,27.0,26.7,26.2,,
2020-06-11,11,1005.9,1008.4,1007.4,2020/06/11 00:01:00,1004.2,2020/06/11 17:18:00,27.8,29.1,2020/06/11 10:44:00,26.2,2020/06/11 23:51:00,26.0,90,87,2020/06/11 00:01:00,3.7,230,9.6,230,2020/06/11 12:20:00,0.0,0.0,0.0,--,0.0,--,0.0,0.0,8.43,16.3,1.7,5,2020/06/11 12:00:00,10.0,27.3,27.4,27.4,27.2,27.3,26.9,26.2,,
2020-06-12,12,1005.0,1007.4,1006.6,2020/06/12 09:52:00,1003.2,2020/06/12 17:35:00,28.7,31.5,2020/06/12 13:03:00,26.1,2020/06/12 00:08:00,25.9,85,75,2020/06/12 16:14:00,2.0,210,6.5,290,2020/06/12 11:20:00,0.0,0.0,0.0,--,0.0,--,11.4,83.7,28.21,17.3,6.1,13,2020/06/12 12:00:00,5.7,28.5,28.2,28.3,28.1,27.6,27.0,26.2,,
2020-06-13,13,1006.3,1008.7,1009.4,2020/06/13 22:17:00,1003.5,2020/06/13 02:16:00,29.1,32.1,2020/06/13 13:50:00,26.0,2020/06/13 04:09:00,26.0,84,73,2020/06/13 10:16:00,1.7,320,7.2,310,2020/06/13 15:29:00,0.0,0.0,0.0,--,0.0,--,9.0,66.0,26.0,15.3,5.8,13,2020/06/13 12:00:00,3.8,29.1,28.8,28.9,28.5,28.1,27.0,26.3,,
2020-06-14,14,1010.0,1012.4,1012.2,2020/06/14 21:11:00,1007.4,2020/06/14 02:32:00,28.8,32.0,2020/06/14 13:21:00,26.2,2020/06/14 21:43:00,25.9,84,74,2020/06/14 11:28:00,3.0,250,8.4,240,2020/06/14 17:28:00,0.0,0.0,0.0,--,0.0,--,10.5,77.0,26.64,17.3,6.9,13,2020/06/14 12:00:00,4.5,29.2,29.0,29.0,28.6,28.5,27.7,26.6,,
2020-06-15,15,1009.8,1012.3,1011.7,2020/06/15 00:01:00,1008.2,2020/06/15 15:08:00,28.7,31.2,2020/06/15 12:20:00,25.8,2020/06/15 01:43:00,25.7,84,78,2020/06/15 13:23:00,5.8,230,14.9,250,2020/06/15 13:39:00,0.0,0.0,0.0,--,0.0,--,12.5,91.6,28.47,19.7,6.7,12,2020/06/15 12:00:00,3.5,29.0,28.8,28.9,28.6,28.6,27.9,26.6,,
2020-06-16,16,1006.9,1009.4,1008.8,2020/06/16 00:01:00,1005.3,2020/06/16 15:55:00,28.9,30.9,2020/06/16 12:36:00,26.6,2020/06/16 01:52:00,24.9,79,69,2020/06/16 21:21:00,7.4,230,15.9,240,2020/06/16 11:48:00,0.0,0.0,0.0,--,0.0,--,12.8,93.8,28.48,23.7,8.6,13,2020/06/16 12:00:00,2.2,28.9,28.8,28.9,28.8,28.6,28.1,26.9,,
2020-06-17,17,1005.5,1007.9,1006.6,2020/06/17 21:43:00,1004.3,2020/06/17 15:34:00,29.3,31.4,2020/06/17 13:37:00,26.8,2020/06/17 00:24:00,25.1,78,68,2020/06/17 10:45:00,8.3,230,18.1,220,2020/06/17 10:42:00,0.0,0.0,0.0,--,0.0,--,12.9,94.5,28.9,20.7,7.4,13,2020/06/17 12:00:00,5.3,29.0,28.7,29.0,28.5,28.6,28.1,26.9,,
2020-06-18,18,1005.5,1007.9,1007.6,2020/06/18 08:43:00,1003.8,2020/06/18 17:04:00,29.4,31.5,2020/06/18 13:17:00,27.5,2020/06/18 04:40:00,24.8,77,68,2020/06/18 13:01:00,8.7,230,16.5,220,2020/06/18 10:01:00,0.0,0.0,0.0,--,0.0,--,12.3,90.1,28.5,18.0,8.7,13,2020/06/18 12:00:00,4.7,28.9,28.8,29.0,28.6,28.6,28.1,27.0,,
2020-06-19,19,1006.2,1008.6,1007.5,2020/06/19 11:37:00,1005.2,2020/06/19 01:32:00,29.2,31.3,2020/06/19 14:27:00,26.7,2020/06/19 23:37:00,25.3,80,72,2020/06/19 00:32:00,7.8,230,19.0,220,2020/06/19 09:48:00,0.0,0.0,0.0,--,0.0,--,12.1,88.7,27.13,18.0,7.8,12,2020/06/19 12:00:00,6.2,29.2,29.0,29.2,28.8,28.7,28.2,27.1,,
2020-06-20,20,1005.7,1008.2,1007.2,2020/06/20 10:01:00,1004.0,2020/06/20 16:44:00,29.2,31.4,2020/06/20 13:02:00,26.3,2020/06/20 00:42:00,25.3,80,74,2020/06/20 09:42:00,6.3,220,16.6,230,2020/06/20 09:44:00,0.0,0.0,0.0,--,0.0,--,12.5,91.6,27.76,16.7,6.9,12,2020/06/20 13:00:00,4.7,29.3,29.1,29.3,28.9,28.8,28.3,27.2,,
2020-06-21,21,1003.0,1005.5,1005.0,2020/06/21 00:01:00,1000.6,2020/06/21 16:51:00,29.5,31.3,2020/06/21 13:58:00,26.6,2020/06/21 03:15:00,25.1,77,70,2020/06/21 21:53:00,8.0,240,20.2,240,2020/06/21 11:00:00,0.0,0.0,0.0,--,0.0,--,8.9,65.2,22.75,18.0,6.4,12,2020/06/21 12:00:00,6.5,29.1,28.9,29.2,28.9,28.8,28.4,27.3,,
2020-06-22,22,1003.4,1005.8,1004.9,2020/06/22 22:06:00,1002.1,2020/06/22 03:03:00,29.9,31.4,2020/06/22 12:00:00,28.4,2020/06/22 06:12:00,25.6,78,70,2020/06/22 20:04:00,8.8,230,18.7,230,2020/06/22 09:43:00,0.0,0.0,0.0,--,0.0,--,11.5,84.3,27.59,19.3,6.9,12,2020/06/22 13:00:00,5.3,29.7,29.3,29.4,29.1,29.0,28.4,27.5,,
2020-06-23,23,1004.1,1006.5,1004.9,2020/06/23 22:01:00,1003.0,2020/06/23 18:55:00,29.8,32.0,2020/06/23 12:36:00,26.6,2020/06/23 04:17:00,25.6,78,74,2020/06/23 07:51:00,7.2,220,18.4,240,2020/06/23 14:03:00,0.0,0.0,0.0,--,0.0,--,12.0,87.9,27.73,18.7,2.0,12,2020/06/23 12:00:00,7.2,30.0,29.6,29.8,29.4,29.4,28.5,27.5,,
2020-06-24,24,1003.7,1006.1,1004.8,2020/06/24 07:29:00,1002.2,2020/06/24 15:01:00,29.5,31.8,2020/06/24 11:11:00,27.6,2020/06/24 02:33:00,25.6,80,76,2020/06/24 09:16:00,7.5,220,17.5,230,2020/06/24 08:18:00,0.0,0.0,0.0,--,0.0,--,8.5,62.3,24.02,18.0,9.0,12,2020/06/24 13:00:00,7.7,30.0,29.6,29.8,29.5,29.4,28.7,27.5,,
2020-06-25,25,1004.6,1007.0,1006.5,2020/06/25 22:13:00,1003.3,2020/06/25 15:07:00,29.8,31.9,2020/06/25 12:23:00,27.8,2020/06/25 02:29:00,24.9,75,68,2020/06/25 08:48:00,7.3,220,17.3,270,2020/06/25 11:21:00,0.0,0.0,0.0,--,0.0,--,11.8,86.5,26.23,18.0,7.5,12,2020/06/25 13:00:00,6.0,29.9,29.7,29.9,29.5,29.5,28.8,27.6,,
2020-06-26,26,1006.8,1009.2,1008.5,2020/06/26 22:07:00,1005.6,2020/06/26 01:23:00,29.8,32.4,2020/06/26 12:14:00,27.3,2020/06/26 23:02:00,25.6,78,71,2020/06/26 00:01:00,5.6,230,13.1,260,2020/06/26 11:36:00,0.0,0.0,0.0,--,0.0,--,5.2,38.1,20.89,18.0,5.7,12,2020/06/26 12:00:00,8.7,30.0,29.9,30.0,29.7,29.5,29.0,27.8,,
2020-06-27,27,1006.8,1009.3,1008.0,2020/06/27 08:40:00,1005.5,2020/06/27 14:34:00,29.3,31.8,2020/06/27 11:32:00,26.2,2020/06/27 05:03:00,25.6,81,75,2020/06/27 06:48:00,5.6,250,16.3,260,2020/06/27 13:56:00,0.0,0.0,0.0,--,0.0,--,11.5,84.3,27.2,18.7,7.2,12,2020/06/27 12:00:00,5.5,30.4,30.1,30.1,29.8,29.6,29.0,28.0,,
2020-06-28,28,1005.8,1008.3,1007.1,2020/06/28 08:45:00,1004.7,2020/06/28 23:40:00,29.5,31.9,2020/06/28 10:35:00,27.3,2020/06/28 23:49:00,25.6,80,70,2020/06/28 09:23:00,5.5,230,14.9,260,2020/06/28 11:15:00,0.0,0.0,0.0,--,0.0,--,10.8,79.2,26.76,23.0,6.8,12,2020/06/28 12:00:00,7.7,30.9,30.5,30.4,30.0,29.8,29.1,28.0,,
2020-06-29,29,1003.5,1006.0,1005.3,2020/06/29 07:24:00,1001.9,2020/06/29 17:16:00,29.8,32.2,2020/06/29 12:39:00,27.2,2020/06/29 00:40:00,26.1,81,72,2020/06/29 12:49:00,7.6,250,17.1,260,2020/06/29 14:39:00,0.0,0.0,0.0,--,0.0,--,10.8,79.2,26.79,19.7,7.9,12,2020/06/29 13:00:00,7.7,31.0,30.7,30.6,30.3,30.1,29.3,28.1,,
2020-06-30,30,1002.7,1005.1,1004.0,2020/06/30 21:43:00,1001.4,2020/06/30 17:16:00,30.0,32.1,2020/06/30 13:21:00,28.7,2020/06/30 00:31:00,26.7,83,76,2020/06/30 00:01:00,8.3,240,16.5,240,2020/06/30 11:43:00,0.0,0.0,0.0,--,0.0,--,11.2,82.2,26.08,20.3,7.9,13,2020/06/30 12:00:00,7.0,31.3,30.9,30.8,30.4,30.1,29.4,28.3,,
2020-07-01,1,1003.7,1006.1,1005.9,2020/07/01 22:51:00,1001.8,2020/07/01 02:40:00,29.5,32.5,2020/07/01 11:56:00,26.8,2020/07/01 17:40:00,26.0,81,75,2020/07/01 09:19:00,6.1,230,17.3,230,2020/07/01 17:03:00,1.0,0.5,1.0,2020/07/01 17:17:00,1.0,2020/07/01 17:15:00,8.1,59.5,24.5,20.7,-6.6,13,2020/07/01 12:00:00,8.0,31.1,30.8,30.9,30.7,30.3,29.6,28.4,,
2020-07-02,2,1005.8,1008.3,1008.4,2020/07/02 21:18:00,1004.0,2020/07/02 14:15:00,29.1,32.5,2020/07/02 10:07:00,26.3,2020/07/02 05:23:00,25.5,81,69,2020/07/02 09:22:00,3.4,260,13.7,240,2020/07/02 16:03:00,T,0.1,T,2020/07/02 17:26:00,T,2020/07/02 17:26:00,7.0,51.4,21.71,19.3,-5.9,9,2020/07/02 11:00:00,7.2,30.1,30.3,30.3,30.1,30.1,29.6,28.5,,
2020-07-03,3,1007.7,1010.1,1009.0,2020/07/03 20:50:00,1006.6,2020/07/03 00:59:00,29.4,32.1,2020/07/03 11:18:00,26.6,2020/07/03 04:01:00,25.6,80,70,2020/07/03 08:26:00,5.0,250,13.0,250,2020/07/03 11:50:00,0.0,0.0,0.0,--,0.0,--,7.3,53.6,19.96,17.3,5.5,9,2020/07/03 12:00:00,7.5,30.1,30.2,30.3,30.1,30.0,29.5,28.5,,
2020-07-04,4,1007.3,1009.7,1008.7,2020/07/04 00:01:00,1005.6,2020/07/04 15:28:00,29.6,32.4,2020/07/04 12:31:00,27.6,2020/07/04 23:55:00,26.4,83,72,2020/07/04 16:56:00,5.2,220,12.1,230,2020/07/04 01:31:00,0.0,0.0,0.0,--,0.0,--,10.6,77.9,25.47,16.7,6.9,12,2020/07/04 13:00:00,6.8,31.0,30.7,30.7,30.4,30.2,29.5,28.5,,
2020-07-05,5,1005.1,1007.5,1006.5,2020/07/05 00:01:00,1003.7,2020/07/05 17:43:00,29.6,32.5,2020/07/05 12:46:00,27.2,2020/07/05 01:21:00,25.7,80,66,2020/07/05 12:44:00,6.3,230,14.3,220,2020/07/05 07:19:00,0.0,0.0,0.0,--,0.0,--,11.2,82.4,28.03,16.0,8.2,12,2020/07/05 13:00:00,4.5,31.4,30.9,31.1,30.5,30.3,29.7,28.6,,
2020-07-06,6,1005.1,1007.5,1006.9,2020/07/06 22:31:00,1003.0,2020/07/06 03:31:00,29.8,32.1,2020/07/06 12:54:00,27.5,2020/07/06 00:16:00,25.5,78,68,2020/07/06 10:37:00,7.8,220,17.6,230,2020/07/06 08:55:00,0.0,0.0,0.0,--,0.0,--,10.1,74.3,26.81,16.7,8.6,12,2020/07/06 12:00:00,6.7,31.2,30.9,31.0,30.5,30.5,29.9,28.6,,
2020-07-07,7,1006.8,1009.2,1008.1,2020/07/07 10:22:00,1005.8,2020/07/07 17:40:00,30.0,32.2,2020/07/07 12:36:00,28.6,2020/07/07 02:55:00,25.4,77,72,2020/07/07 04:10:00,8.2,230,16.7,250,2020/07/07 09:52:00,0.0,0.0,0.0,--,0.0,--,6.7,49.3,21.45,19.3,6.9,12,2020/07/07 13:00:00,7.7,30.9,30.8,30.9,30.6,30.6,30.0,28.7,,
2020-07-08,8,1004.1,1006.5,1006.5,2020/07/08 00:01:00,1002.2,2020/07/08 23:59:59,29.8,31.9,2020/07/08 10:41:00,28.2,2020/07/08 02:00:00,25.8,79,74,2020/07/08 10:07:00,8.2,230,18.6,260,2020/07/08 14:19:00,0.0,0.0,0.0,--,0.0,--,6.5,47.9,21.27,18.0,7.6,10,2020/07/08 14:00:00,8.7,31.1,30.8,30.9,30.6,30.5,30.0,29.0,,
2020-07-09,9,1001.3,1003.7,1002.3,2020/07/09 00:12:00,1000.2,2020/07/09 14:23:00,30.1,31.5,2020/07/09 15:35:00,29.0,2020/07/09 04:43:00,25.4,76,65,2020/07/09 23:58:00,10.2,230,20.3,250,2020/07/09 14:15:00,0.0,0.0,0.0,--,0.0,--,1.5,11.1,15.26,18.0,6.3,7,2020/07/09 13:00:00,9.8,30.2,30.3,30.6,30.4,30.4,29.9,29.0,,
2020-07-10,10,1004.3,1006.7,1006.5,2020/07/10 23:41:00,1001.9,2020/07/10 00:55:00,30.1,32.8,2020/07/10 12:19:00,27.9,2020/07/10 23:59:59,25.7,78,64,2020/07/10 00:25:00,8.0,230,17.7,230,2020/07/10 02:07:00,0.0,0.0,0.0,--,0.0,--,3.7,27.3,19.71,17.3,6.5,12,2020/07/10 13:00:00,9.3,31.1,30.6,30.7,30.4,30.3,29.8,29.0,,
2020-07-11,11,1006.4,1008.9,1007.4,2020/07/11 06:59:00,1005.3,2020/07/11 16:23:00,29.4,32.7,2020/07/11 12:05:00,26.1,2020/07/11 04:58:00,25.7,81,70,2020/07/11 10:36:00,4.5,230,12.4,250,2020/07/11 10:34:00,0.0,0.0,0.0,--,0.0,--,12.5,92.3,27.35,18.0,7.7,12,2020/07/11 13:00:00,7.5,31.3,31.0,31.0,30.5,30.5,29.9,29.0,,
2020-07-12,12,1006.2,1008.7,1007.6,2020/07/12 07:20:00,1004.1,2020/07/12 15:26:00,29.8,32.7,2020/07/12 12:33:00,27.1,2020/07/12 01:38:00,25.5,78,68,2020/07/12 12:49:00,4.3,220,11.4,240,2020/07/12 09:28:00,0.0,0.0,0.0,--,0.0,--,12.8,94.5,28.04,18.0,7.6,13,2020/07/12 13:00:00,3.8,31.9,31.3,31.3,30.9,30.6,30.0,29.0,,
2020-07-13,13,1005.4,1007.8,1006.5,2020/07/13 08:44:00,1003.9,2020/07/13 15:59:00,30.3,33.8,2020/07/13 12:46:00,27.3,2020/07/13 01:40:00,25.9,78,59,2020/07/13 14:51:00,4.1,240,10.7,230,2020/07/13 07:35:00,0.0,0.0,0.0,--,0.0,--,12.0,88.7,27.22,16.0,8.2,12,2020/07/13 12:00:00,6.8,32.5,31.7,31.6,31.3,31.0,30.2,29.1,,
2020-07-14,14,1004.2,1006.6,1005.7,2020/07/14 07:51:00,1002.4,2020/07/14 16:51:00,30.0,33.9,2020/07/14 13:28:00,27.1,2020/07/14 04:24:00,26.0,80,58,2020/07/14 13:18:00,2.9,310,7.6,10,2020/07/14 16:40:00,0.0,0.0,0.0,--,0.0,--,11.1,82.1,24.84,15.3,6.2,11,2020/07/14 12:00:00,5.0,32.3,31.9,31.9,31.4,31.2,30.4,29.2,,
2020-07-15,15,1003.5,1005.9,1005.2,2020/07/15 08:06:00,1001.5,2020/07/15 15:56:00,30.0,33.1,2020/07/15 12:20:00,27.6,2020/07/15 04:49:00,26.6,82,73,2020/07/15 15:09:00,5.3,260,15.9,230,2020/07/15 18:49:00,0.0,0.0,0.0,--,0.0,--,7.4,54.8,23.83,12.3,8.6,12,2020/07/15 12:00:00,7.7,32.1,31.9,31.9,31.5,31.3,30.6,29.4,,
2020-07-16,16,1004.1,1006.5,1005.7,2020/07/16 22:25:00,1003.1,2020/07/16 03:07:00,30.2,33.1,2020/07/16 10:17:00,27.7,2020/07/16 13:11:00,24.3,71,54,2020/07/16 16:40:00,8.2,230,19.0,230,2020/07/16 10:20:00,3.0,0.5,2.0,2020/07/16 12:57:00,2.5,2020/07/16 12:24:00,3.9,28.9,16.17,22.0,-7.2,8,2020/07/16 11:00:00,7.5,29.7,30.8,31.2,31.0,31.1,30.6,29.4,,
2020-07-17,17,1005.7,1008.1,1007.0,2020/07/17 07:46:00,1004.1,2020/07/17 02:42:00,30.4,32.8,2020/07/17 13:22:00,28.3,2020/07/17 00:31:00,25.7,76,69,2020/07/17 12:06:00,8.3,230,18.5,240,2020/07/17 10:28:00,0.0,0.0,0.0,--,0.0,--,10.7,79.4,27.3,21.3,8.5,12,2020/07/17 13:00:00,4.7,31.0,30.7,30.9,30.6,30.7,30.6,29.5,,
2020-07-18,18,1005.8,1008.2,1006.7,2020/07/18 07:56:00,1004.6,2020/07/18 16:01:00,30.5,33.1,2020/07/18 12:02:00,28.7,2020/07/18 04:44:00,25.9,77,70,2020/07/18 11:50:00,7.8,220,18.1,240,2020/07/18 10:37:00,0.0,0.0,0.0,--,0.0,--,12.6,93.6,27.63,18.7,8.5,12,2020/07/18 12:00:00,4.8,31.8,31.2,31.3,31.0,30.9,30.4,29.5,,
2020-07-19,19,1006.1,1008.5,1007.8,2020/07/19 23:03:00,1004.8,2020/07/19 02:43:00,30.3,33.8,2020/07/19 12:59:00,28.2,2020/07/19 22:58:00,26.1,78,68,2020/07/19 12:34:00,6.2,220,15.8,230,2020/07/19 09:04:00,0.0,0.0,0.0,--,0.0,--,9.6,71.4,25.92,17.3,7.6,12,2020/07/19 13:00:00,6.3,32.2,31.6,31.7,31.4,31.1,30.5,29.5,,
2020-07-20,20,1008.4,1010.8,1010.0,2020/07/20 23:02:00,1006.7,2020/07/20 15:38:00,29.6,32.9,2020/07/20 11:08:00,27.0,2020/07/20 01:45:00,25.3,78,67,2020/07/20 09:39:00,3.7,260,11.7,240,2020/07/20 10:43:00,T,0.1,T,2020/07/20 18:01:00,T,2020/07/20 18:01:00,9.2,68.5,24.51,18.0,-6.8,12,2020/07/20 13:00:00,4.2,32.0,31.5,31.7,31.4,31.3,30.6,29.5,,
2020-07-21,21,1009.8,1012.2,1010.9,2020/07/21 22:20:00,1008.6,2020/07/21 16:57:00,30.0,33.4,2020/07/21 13:03:00,25.9,2020/07/21 03:04:00,25.0,75,64,2020/07/21 10:39:00,2.3,290,8.3,280,2020/07/21 12:15:00,0.0,0.0,0.0,--,0.0,--,11.0,81.9,28.03,18.0,7.4,12,2020/07/21 13:00:00,4.3,32.2,31.7,31.7,31.5,31.4,30.7,29.6,,
2020-07-22,22,1008.6,1011.0,1010.1,2020/07/22 00:01:00,1007.0,2020/07/22 17:03:00,30.2,33.8,2020/07/22 12:00:00,26.8,2020/07/22 05:09:00,25.5,76,63,2020/07/22 10:25:00,2.2,260,7.7,270,2020/07/22 12:17:00,0.0,0.0,0.0,--,0.0,--,12.1,90.2,26.9,18.7,6.2,12,2020/07/22 12:00:00,2.2,32.7,32.2,32.2,31.7,31.6,30.9,29.7,,
2020-07-23,23,1007.4,1009.8,1008.8,2020/07/23 07:44:00,1005.9,2020/07/23 17:57:00,30.0,33.0,2020/07/23 11:57:00,27.4,2020/07/23 04:39:00,26.3,81,74,2020/07/23 23:14:00,3.4,210,9.4,250,2020/07/23 09:46:00,0.0,0.0,0.0,--,0.0,--,8.9,66.4,24.01,16.0,8.6,12,2020/07/23 12:00:00,5.7,32.5,32.2,32.3,31.9,31.9,31.1,30.0,,
2020-07-24,24,1006.0,1008.4,1007.6,2020/07/24 07:23:00,1004.0,2020/07/24 16:26:00,30.4,33.6,2020/07/24 13:02:00,27.2,2020/07/24 01:50:00,25.8,77,69,2020/07/24 12:58:00,5.2,240,14.7,230,2020/07/24 09:51:00,0.0,0.0,0.0,--,0.0,--,11.5,85.9,26.37,18.0,-5.7,12,2020/07/24 12:00:00,4.8,32.2,32.0,32.1,31.8,31.6,31.1,30.0,,
2020-07-25,25,1005.5,1008.0,1006.4,2020/07/25 09:41:00,1004.1,2020/07/25 16:31:00,30.0,32.6,2020/07/25 11:34:00,28.3,2020/07/25 23:48:00,27.1,85,75,2020/07/25 10:57:00,4.2,250,13.1,250,2020/07/25 10:30:00,1.5,0.3,1.5,2020/07/25 02:34:00,1.5,2020/07/25 01:44:00,3.3,24.7,18.13,16.0,6.2,10,2020/07/25 13:00:00,9.7,30.8,31.7,31.9,31.7,31.7,31.1,30.0,,
2020-07-26,26,1005.2,1007.6,1006.3,2020/07/26 21:41:00,1003.2,2020/07/26 15:05:00,30.3,33.0,2020/07/26 14:37:00,27.0,2020/07/26 05:18:00,26.0,78,65,2020/07/26 16:56:00,4.0,240,14.0,260,2020/07/26 11:51:00,0.0,0.0,0.0,--,0.0,--,9.7,72.7,27.48,16.0,9.7,12,2020/07/26 12:00:00,8.7,32.0,32.0,32.0,31.4,31.4,31.1,30.0,,
2020-07-27,27,1005.6,1008.0,1006.9,2020/07/27 21:45:00,1004.0,2020/07/27 02:48:00,29.7,33.4,2020/07/27 10:07:00,27.3,2020/07/27 04:21:00,25.0,76,68,2020/07/27 09:34:00,2.9,210,11.4,230,2020/07/27 10:28:00,0.0,0.0,0.0,--,0.0,--,6.9,51.8,20.97,18.0,6.4,11,2020/07/27 12:00:00,8.2,32.2,32.0,32.1,31.8,31.6,31.2,30.1,,
2020-07-28,28,1006.9,1009.4,1008.2,2020/07/28 09:53:00,1005.6,2020/07/28 16:55:00,29.3,33.6,2020/07/28 11:49:00,27.0,2020/07/28 01:38:00,25.5,80,65,2020/07/28 11:11:00,2.0,250,7.6,140,2020/07/28 14:42:00,T,0.4,T,2020/07/28 15:14:00,T,2020/07/28 15:01:00,5.7,42.8,17.67,15.3,-5.5,12,2020/07/28 13:00:00,6.8,31.2,31.8,31.9,31.5,31.6,31.3,30.3,,
2020-07-29,29,1006.0,1008.4,1007.5,2020/07/29 08:17:00,1003.1,2020/07/29 16:35:00,30.2,34.0,2020/07/29 13:09:00,27.1,2020/07/29 05:05:00,26.3,80,65,2020/07/29 11:33:00,2.5,240,8.6,290,2020/07/29 14:41:00,0.0,0.0,0.0,--,0.0,--,8.3,62.4,20.82,13.3,6.6,10,2020/07/29 14:00:00,2.5,32.6,32.0,32.1,31.8,31.7,31.3,30.3,,
2020-07-30,30,1005.3,1007.7,1006.9,2020/07/30 09:28:00,1003.7,2020/07/30 21:40:00,30.4,33.5,2020/07/30 10:34:00,28.0,2020/07/30 05:22:00,24.3,70,58,2020/07/30 17:11:00,2.6,70,12.4,90,2020/07/30 21:29:00,0.0,0.0,0.0,--,0.0,--,2.2,16.6,12.53,16.0,4.9,8,2020/07/30 11:00:00,8.3,32.0,31.9,32.1,31.9,31.8,31.4,30.4,,
2020-07-31,31,1005.4,1007.8,1006.9,2020/07/31 08:22:00,1003.6,2020/07/31 02:38:00,31.0,36.2,2020/07/31 12:53:00,28.2,2020/07/31 03:26:00,26.3,77,55,2020/07/31 12:53:00,2.0,320,8.3,300,2020/07/31 14:55:00,0.0,0.0,0.0,--,0.0,--,8.6,64.8,22.65,11.7,7.5,11,2020/07/31 13:00:00,6.0,33.1,32.2,32.2,32.0,31.8,31.4,30.5,,
2020-08-01,1,1006.4,1008.8,1008.3,2020/08/01 22:50:00,1004.7,2020/08/01 15:01:00,30.6,34.7,2020/08/01 11:29:00,27.7,2020/08/01 06:01:00,26.6,80,61,2020/08/01 11:28:00,2.8,320,9.4,320,2020/08/01 12:52:00,0.0,0.0,0.0,--,0.0,--,11.4,86.1,26.64,12.2,8.5,11,2020/08/01 13:00:00,3.2,33.1,32.7,32.7,32.3,32.2,31.4,30.4,,
2020-08-02,2,1005.7,1008.1,1008.3,2020/08/02 00:01:00,1003.6,2020/08/02 16:06:00,30.0,33.7,2020/08/02 14:03:00,27.2,2020/08/02 05:21:00,25.4,77,64,2020/08/02 13:04:00,3.6,50,13.6,40,2020/08/02 15:07:00,0.0,0.0,0.0,--,0.0,--,7.4,55.9,20.88,15.7,-6.6,12,2020/08/02 13:00:00,5.7,32.4,32.4,32.7,32.3,32.2,31.6,30.5,,
2020-08-03,3,1001.8,1004.3,1004.5,2020/08/03 00:01:00,1000.4,2020/08/03 14:38:00,27.2,28.5,2020/08/03 12:28:00,25.3,2020/08/03 14:21:00,25.3,90,80,2020/08/03 22:56:00,6.0,230,20.6,220,2020/08/03 22:48:00,71.0,9.4,14.0,2020/08/03 10:28:00,32.0,2020/08/03 09:57:00,0.2,1.5,5.86,9.0,/,7,2020/08/03 12:00:00,8.7,28.8,30.0,30.4,30.9,31.5,31.6,30.5,,
2020-08-04,4,1004.9,1007.3,1009.0,2020/08/04 23:15:00,1000.7,2020/08/04 01:07:00,28.8,31.8,2020/08/04 11:03:00,26.5,2020/08/04 21:44:00,24.8,79,65,2020/08/04 11:08:00,6.5,230,20.8,240,2020/08/04 01:01:00,1.5,0.9,1.0,2020/08/04 21:29:00,1.5,2020/08/04 21:04:00,3.0,22.7,17.13,17.3,-3.1,9,2020/08/04 11:00:00,8.7,28.6,29.1,29.4,29.6,30.2,30.8,30.6,,
2020-08-05,5,1009.3,1011.7,1011.1,2020/08/05 23:02:00,1007.4,2020/08/05 02:37:00,29.0,33.2,2020/08/05 14:35:00,26.1,2020/08/05 05:04:00,25.7,83,70,2020/08/05 14:34:00,2.3,20,7.9,20,2020/08/05 14:01:00,0.0,0.0,0.0,--,0.0,--,3.7,28.1,16.88,17.3,4.4,10,2020/08/05 12:00:00,8.2,29.2,30.0,30.1,30.1,30.3,30.5,30.5,,
2020-08-06,6,1008.9,1011.3,1010.6,2020/08/06 00:01:00,1006.9,2020/08/06 17:01:00,30.5,34.4,2020/08/06 12:50:00,26.3,2020/08/06 05:25:00,25.6,76,56,2020/08/06 11:10:00,2.6,20,9.1,10,2020/08/06 15:25:00,0.0,0.0,0.0,--,0.0,--,11.8,89.7,27.64,18.7,8.0,12,2020/08/06 12:00:00,5.3,30.4,30.7,30.9,30.7,30.7,30.5,30.3,,
2020-08-07,7,1006.9,1009.3,1008.5,2020/08/07 00:08:00,1005.0,2020/08/07 17:10:00,30.1,32.9,2020/08/07 13:11:00,27.2,2020/08/07 05:31:00,26.0,79,69,2020/08/07 13:41:00,2.7,260,7.7,270,2020/08/07 02:32:00,0.0,0.0,0.0,--,0.0,--,10.9,83.0,26.91,15.0,7.0,12,2020/08/07 13:00:00,4.0,30.8,30.9,31.0,31.0,31.1,30.7,30.2,,
2020-08-08,8,1004.2,1006.6,1006.0,2020/08/08 00:21:00,1002.2,2020/08/08 23:49:00,29.5,32.3,2020/08/08 13:26:00,27.4,2020/08/08 05:04:00,26.2,83,71,2020/08/08 10:48:00,2.2,280,7.3,260,2020/08/08 14:16:00,0.0,0.0,0.0,--,0.0,--,9.6,73.2,25.57,15.3,6.5,12,2020/08/08 12:00:00,4.2,31.0,31.4,31.6,31.3,31.4,30.9,30.2,,
2020-08-09,9,1002.1,1004.5,1003.1,2020/08/09 08:02:00,1000.8,2020/08/09 16:37:00,29.7,32.6,2020/08/09 12:27:00,27.6,2020/08/09 00:28:00,25.1,77,69,2020/08/09 12:26:00,3.3,260,8.8,260,2020/08/09 14:13:00,0.0,0.0,0.0,--,0.0,--,5.1,39.0,19.91,18.7,5.4,11,2020/08/09 13:00:00,9.0,30.8,31.1,31.3,31.3,31.4,31.0,30.3,,
2020-08-10,10,1003.9,1006.4,1005.4,2020/08/10 20:45:00,1002.3,2020/08/10 01:59:00,29.2,33.0,2020/08/10 14:54:00,26.5,2020/08/10 20:06:00,25.5,81,70,2020/08/10 12:01:00,2.4,180,8.4,190,2020/08/10 18:41:00,2.5,1.9,1.0,2020/08/10 19:16:00,2.5,2020/08/10 19:04:00,6.3,48.2,19.95,14.0,-4.1,9,2020/08/10 13:00:00,9.2,30.5,31.0,31.2,31.2,31.4,31.0,30.4,,
2020-08-11,11,1007.9,1010.4,1011.5,2020/08/11 23:20:00,1003.9,2020/08/11 01:38:00,27.4,32.1,2020/08/11 08:56:00,25.0,2020/08/11 18:02:00,26.0,92,76,2020/08/11 08:41:00,2.1,340,7.6,280,2020/08/11 17:56:00,28.0,5.2,6.0,2020/08/11 14:11:00,12.0,2020/08/11 16:35:00,1.9,14.6,10.21,11.3,-2.9,7,2020/08/11 12:00:00,10.0,29.1,30.2,30.5,30.8,31.2,31.0,30.4,,
2020-08-12,12,1011.9,1014.4,1013.5,2020/08/12 21:46:00,1010.3,2020/08/12 02:32:00,28.5,32.3,2020/08/12 11:55:00,24.8,2020/08/12 03:15:00,25.2,83,X,--,1.8,20,7.3,20,2020/08/12 12:15:00,0.0,0.0,0.0,--,0.0,--,8.1,62.2,22.24,17.7,5.0,12,2020/08/12 12:00:00,5.0,29.9,30.2,30.3,30.3,30.6,30.6,30.4,,
2020-08-13,13,1010.7,1013.2,1013.0,2020/08/13 00:01:00,1009.2,2020/08/13 23:50:00,29.1,31.8,2020/08/13 10:16:00,26.2,2020/08/13 03:49:00,25.4,81,71,2020/08/13 07:55:00,1.7,320,7.7,300,2020/08/13 11:46:00,0.0,0.0,0.0,--,0.0,--,7.5,57.7,20.62,16.2,5.2,10,2020/08/13 13:00:00,5.7,30.1,30.6,30.7,30.6,30.7,30.5,30.3,,
2020-08-14,14,1008.2,1010.7,1009.7,2020/08/14 08:40:00,1006.6,2020/08/14 16:25:00,28.7,31.7,2020/08/14 12:35:00,26.2,2020/08/14 05:25:00,24.8,79,71,2020/08/14 11:58:00,2.3,300,6.9,320,2020/08/14 13:13:00,T,0.3,T,2020/08/14 19:41:00,T,2020/08/14 19:41:00,9.6,73.9,24.29,16.3,-5.3,11,2020/08/14 12:00:00,5.7,29.9,30.4,30.6,30.6,30.8,30.5,30.2,,
2020-08-15,15,1007.7,1010.2,1009.4,2020/08/15 21:39:00,1006.2,2020/08/15 14:41:00,28.1,31.6,2020/08/15 12:42:00,26.2,2020/08/15 22:32:00,24.6,82,73,2020/08/15 12:04:00,2.2,180,7.2,320,2020/08/15 13:30:00,3.5,1.6,1.5,2020/08/15 15:59:00,3.0,2020/08/15 15:31:00,6.7,51.7,19.06,17.3,-5.7,11,2020/08/15 13:00:00,7.3,30.0,30.4,30.5,30.6,30.7,30.6,30.3,,
2020-08-16,16,1007.9,1010.4,1009.2,2020/08/16 00:01:00,1006.3,2020/08/16 17:10:00,28.0,31.3,2020/08/16 12:44:00,25.5,2020/08/16 05:37:00,25.0,84,75,2020/08/16 12:44:00,1.8,340,8.7,330,2020/08/16 13:32:00,T,0.5,T,2020/08/16 16:33:00,T,2020/08/16 16:28:00,6.2,47.9,16.97,13.7,-2.7,10,2020/08/16 13:00:00,5.7,29.5,30.0,30.2,30.2,30.5,30.5,30.3,,
2020-08-17,17,1006.2,1008.7,1007.7,2020/08/17 00:01:00,1005.4,2020/08/17 15:40:00,28.9,33.2,2020/08/17 10:02:00,24.9,2020/08/17 05:21:00,24.7,79,63,2020/08/17 10:00:00,2.2,110,8.4,80,2020/08/17 09:30:00,0.0,0.0,0.0,--,0.0,--,8.9,68.9,22.84,14.3,5.2,11,2020/08/17 11:00:00,6.0,29.4,30.0,30.2,30.2,30.4,30.5,30.3,,
2020-08-18,18,1005.8,1008.3,1007.3,2020/08/18 00:01:00,1003.9,2020/08/18 14:40:00,29.1,32.5,2020/08/18 12:17:00,25.6,2020/08/18 05:32:00,24.3,76,60,2020/08/18 12:11:00,2.2,250,9.0,70,2020/08/18 10:55:00,0.0,0.0,0.0,--,0.0,--,5.5,42.6,14.54,19.0,4.3,8,2020/08/18 12:00:00,7.5,29.7,30.2,30.3,30.2,30.4,30.3,30.3,,
2020-08-19,19,1006.2,1008.7,1007.6,2020/08/19 23:02:00,1004.3,2020/08/19 15:35:00,30.3,35.2,2020/08/19 12:04:00,27.2,2020/08/19 00:29:00,24.8,73,53,2020/08/19 12:07:00,2.5,80,8.0,10,2020/08/19 11:23:00,0.0,0.0,0.0,--,0.0,--,10.9,84.7,25.67,13.3,6.9,11,2020/08/19 12:00:00,3.7,30.4,30.6,30.8,30.6,30.5,30.3,30.2,,
2020-08-20,20,1006.9,1009.3,1008.3,2020/08/20 23:04:00,1004.8,2020/08/20 16:09:00,30.3,35.7,2020/08/20 13:08:00,27.0,2020/08/20 02:17:00,24.9,73,50,2020/08/20 13:12:00,2.2,230,9.4,230,2020/08/20 14:49:00,0.0,0.0,0.0,--,0.0,--,10.5,81.7,24.79,10.0,6.4,11,2020/08/20 12:00:00,3.3,30.8,30.9,31.0,30.8,30.7,30.4,30.0,,
2020-08-21,21,1005.5,1007.9,1008.4,2020/08/21 00:14:00,1002.7,2020/08/21 16:15:00,30.9,35.5,2020/08/21 11:59:00,26.9,2020/08/21 05:09:00,23.7,67,52,2020/08/21 14:28:00,3.9,70,14.0,100,2020/08/21 16:29:00,0.0,0.0,0.0,--,0.0,--,12.0,93.5,26.16,14.7,9.2,11,2020/08/21 13:00:00,2.8,30.2,30.9,31.1,30.9,31.0,30.5,30.0,,
2020-08-22,22,1004.4,1006.9,1005.7,2020/08/22 00:01:00,1003.3,2020/08/22 15:30:00,28.1,31.6,2020/08/22 09:54:00,25.6,2020/08/22 22:59:00,24.2,80,66,2020/08/22 09:46:00,4.3,40,14.7,30,2020/08/22 14:09:00,17.5,2.0,4.0,2020/08/22 20:21:00,5.0,2020/08/22 19:42:00,8.4,65.6,23.73,17.0,-5.4,12,2020/08/22 12:00:00,5.7,29.3,30.2,30.5,30.7,30.8,30.6,30.1,,
2020-08-23,23,1004.3,1006.7,1005.6,2020/08/23 09:22:00,1003.1,2020/08/23 15:35:00,28.6,31.0,2020/08/23 15:43:00,25.3,2020/08/23 02:46:00,24.8,80,65,2020/08/23 15:43:00,4.8,250,11.7,240,2020/08/23 22:33:00,10.5,1.0,4.5,2020/08/23 02:38:00,6.0,2020/08/23 02:40:00,9.7,75.9,25.17,17.3,7.5,12,2020/08/23 13:00:00,5.2,29.4,29.7,30.0,30.1,30.4,30.5,30.1,,
2020-08-24,24,1001.8,1004.2,1004.2,2020/08/24 00:01:00,999.8,2020/08/24 16:44:00,29.4,31.4,2020/08/24 13:54:00,28.0,2020/08/24 03:09:00,25.8,81,75,2020/08/24 13:21:00,7.2,240,15.8,240,2020/08/24 04:50:00,0.0,0.0,0.0,--,0.0,--,9.7,76.0,21.38,16.7,6.1,10,2020/08/24 12:00:00,6.0,29.7,29.9,30.0,30.2,30.4,30.4,30.1,,
2020-08-25,25,1000.0,1002.4,1001.4,2020/08/25 00:01:00,998.1,2020/08/25 15:44:00,30.0,32.8,2020/08/25 12:05:00,28.1,2020/08/25 03:53:00,26.0,79,68,2020/08/25 10:15:00,8.7,230,18.8,220,2020/08/25 23:07:00,0.0,0.0,0.0,--,0.0,--,11.5,90.3,25.0,16.2,7.7,11,2020/08/25 12:00:00,1.2,29.9,30.0,30.2,30.1,30.4,30.2,30.0,,
2020-08-26,26,999.5,1001.9,1001.0,2020/08/26 21:45:00,997.8,2020/08/26 15:57:00,30.2,32.7,2020/08/26 13:21:00,28.5,2020/08/26 04:05:00,24.8,73,64,2020/08/26 21:34:00,8.9,230,20.3,220,2020/08/26 07:38:00,0.0,0.0,0.0,--,0.0,--,11.3,88.9,24.58,17.0,8.0,11,2020/08/26 13:00:00,2.8,29.5,29.9,30.2,30.1,30.4,30.3,30.0,,
2020-08-27,27,1000.6,1003.1,1002.7,2020/08/27 20:09:00,999.2,2020/08/27 13:56:00,28.9,33.2,2020/08/27 12:58:00,26.3,2020/08/27 22:12:00,24.2,76,59,2020/08/27 12:58:00,4.6,220,14.5,230,2020/08/27 13:28:00,T,0.8,T,2020/08/27 10:54:00,T,2020/08/27 10:54:00,4.4,34.7,16.58,16.3,-4.4,10,2020/08/27 13:00:00,8.3,29.1,29.7,29.9,30.0,30.2,30.1,30.0,,
2020-08-28,28,1001.7,1004.1,1003.6,2020/08/28 20:52:00,1000.5,2020/08/28 00:35:00,29.0,32.3,2020/08/28 11:41:00,26.2,2020/08/28 00:04:00,24.9,79,64,2020/08/28 11:29:00,4.1,240,15.0,230,2020/08/28 10:21:00,0.0,0.0,0.0,--,0.0,--,6.6,52.1,21.44,16.5,5.8,9,2020/08/28 13:00:00,8.0,29.4,29.7,29.9,30.0,30.0,30.0,30.0,,
2020-08-29,29,1002.9,1005.4,1004.2,2020/08/29 08:56:00,1002.1,2020/08/29 02:16:00,29.0,32.3,2020/08/29 12:22:00,26.6,2020/08/29 05:28:00,25.4,81,69,2020/08/29 10:09:00,2.9,40,9.9,40,2020/08/29 16:11:00,0.0,0.0,0.0,--,0.0,--,6.5,51.4,18.52,14.8,5.1,11,2020/08/29 12:00:00,5.5,29.4,29.9,30.1,29.9,30.2,30.0,30.0,,
2020-08-30,30,1003.3,1005.7,1005.1,2020/08/30 09:10:00,1001.7,2020/08/30 15:29:00,29.3,32.2,2020/08/30 11:51:00,27.2,2020/08/30 05:55:00,25.3,79,63,2020/08/30 17:35:00,4.3,50,14.3,40,2020/08/30 16:08:00,0.0,0.0,0.0,--,0.0,--,7.9,62.6,19.73,15.0,6.0,11,2020/08/30 12:00:00,4.8,29.4,30.1,30.2,30.1,30.3,30.1,30.0,,
2020-08-31,31,1002.8,1005.3,1004.7,2020/08/31 11:00:00,1001.1,2020/08/31 16:24:00,28.0,31.4,2020/08/31 10:00:00,24.7,2020/08/31 12:41:00,24.9,83,72,2020/08/31 09:25:00,3.6,40,13.9,30,2020/08/31 10:48:00,18.5,2.0,7.5,2020/08/31 10:47:00,9.0,2020/08/31 10:47:00,5.9,46.9,13.78,13.3,-4.3,7,2020/08/31 10:00:00,5.2,28.5,29.2,29.6,29.8,30.1,30.2,30.0,,
2020-09-01,1,1001.2,1003.6,1002.6,2020/09/01 11:11:00,999.9,2020/09/01 03:00:00,28.8,31.0,2020/09/01 12:22:00,27.3,2020/09/01 03:09:00,25.6,83,77,2020/09/01 12:01:00,4.1,230,11.7,220,2020/09/01 23:22:00,T,0.1,T,2020/09/01 01:47:00,T,2020/09/01 01:47:00,7.6,60.5,20.95,13.0,6.3,11,2020/09/01 13:00:00,7.7,29.3,29.5,29.7,29.7,29.9,30.1,30.0,,
2020-09-02,2,1002.8,1005.2,1004.8,2020/09/02 22:40:00,1001.4,2020/09/02 01:58:00,29.7,32.1,2020/09/02 12:32:00,27.9,2020/09/02 05:57:00,25.9,80,70,2020/09/02 08:12:00,6.8,230,13.3,230,2020/09/02 02:03:00,0.0,0.0,0.0,--,0.0,--,10.7,85.3,23.52,13.0,-4.8,10,2020/09/02 12:00:00,4.5,29.5,29.7,29.8,29.1,29.9,30.0,30.0,,
2020-09-03,3,1007.0,1009.5,1009.2,2020/09/03 22:10:00,1004.3,2020/09/03 00:58:00,27.8,31.1,2020/09/03 14:45:00,24.9,2020/09/03 10:18:00,25.3,86,70,2020/09/03 15:30:00,3.6,40,11.3,240,2020/09/03 01:08:00,12.0,2.4,2.5,2020/09/03 08:03:00,6.5,2020/09/03 07:33:00,4.8,38.3,12.04,9.3,-4.4,7,2020/09/03 14:00:00,6.7,28.6,29.4,29.8,29.6,29.9,30.1,29.9,,
2020-09-04,4,1007.6,1010.1,1009.5,2020/09/04 08:25:00,1005.8,2020/09/04 16:51:00,27.8,30.6,2020/09/04 13:09:00,25.4,2020/09/04 02:30:00,24.4,82,75,2020/09/04 22:33:00,4.7,40,14.1,30,2020/09/04 17:26:00,0.0,0.0,0.0,--,0.0,--,10.6,84.8,22.87,11.3,6.1,9,2020/09/04 13:00:00,2.0,28.0,29.1,29.3,29.2,29.8,30.0,29.9,,
2020-09-05,5,1005.6,1008.1,1007.5,2020/09/05 08:44:00,1004.0,2020/09/05 15:44:00,27.0,30.2,2020/09/05 11:59:00,24.3,2020/09/05 23:59:00,22.1,75,62,2020/09/05 17:40:00,3.6,40,10.2,10,2020/09/05 15:12:00,0.0,0.0,0.0,--,0.0,--,5.2,41.7,19.13,13.7,5.4,9,2020/09/05 13:00:00,6.0,27.2,28.6,29.0,29.0,29.5,29.9,29.9,,
2020-09-06,6,1004.2,1006.7,1005.1,2020/09/06 08:48:00,1003.1,2020/09/06 14:27:00,26.2,29.8,2020/09/06 14:30:00,23.1,2020/09/06 23:55:00,19.1,66,46,2020/09/06 16:26:00,2.0,100,6.2,40,2020/09/06 07:55:00,0.0,0.0,0.0,--,0.0,--,10.1,81.2,25.21,15.3,6.0,10,2020/09/06 12:00:00,3.0,27.1,28.1,28.7,28.8,29.3,29.6,29.8,,
2020-09-07,7,1007.0,1009.4,1009.5,2020/09/07 23:00:00,1004.6,2020/09/07 00:23:00,27.1,31.5,2020/09/07 12:40:00,21.0,2020/09/07 05:23:00,18.7,60,50,2020/09/07 09:54:00,2.3,40,7.2,30,2020/09/07 15:48:00,0.0,0.0,0.0,--,0.0,--,6.6,53.1,20.39,13.7,5.3,9,2020/09/07 12:00:00,5.5,26.8,27.7,28.2,28.4,29.0,29.5,29.7,,
2020-09-08,8,1010.4,1012.9,1011.8,2020/09/08 20:10:00,1009.3,2020/09/08 01:05:00,28.3,31.6,2020/09/08 11:59:00,25.6,2020/09/08 05:31:00,23.1,74,55,2020/09/08 16:06:00,1.8,210,5.8,300,2020/09/08 14:00:00,0.0,0.0,0.0,--,0.0,--,4.7,37.9,17.24,11.5,4.1,8,2020/09/08 12:00:00,8.5,28.4,28.8,28.9,28.7,29.2,29.4,29.6,,
2020-09-09,9,1008.4,1010.9,1011.0,2020/09/09 00:01:00,1006.6,2020/09/09 15:51:00,28.2,32.1,2020/09/09 11:47:00,25.3,2020/09/09 00:42:00,24.3,79,58,2020/09/09 10:04:00,1.5,300,6.6,310,2020/09/09 12:56:00,0.0,0.0,0.0,--,0.0,--,7.2,58.2,20.82,12.0,4.9,10,2020/09/09 13:00:00,7.8,29.2,29.2,29.5,29.2,29.6,29.5,29.5,,
2020-09-10,10,1005.8,1008.3,1007.5,2020/09/10 09:26:00,1003.7,2020/09/10 15:13:00,27.9,31.9,2020/09/10 14:05:00,26.0,2020/09/10 05:51:00,24.8,84,69,2020/09/10 14:10:00,1.3,170,5.1,320,2020/09/10 15:31:00,T,1.4,T,2020/09/10 10:12:00,T,2020/09/10 09:25:00,4.3,34.8,12.73,11.0,-2.7,8,2020/09/10 14:00:00,7.0,29.3,29.3,29.6,29.6,29.9,29.6,29.5,,
2020-09-11,11,1006.7,1009.2,1008.7,2020/09/11 22:05:00,1005.4,2020/09/11 15:09:00,28.5,31.5,2020/09/11 14:33:00,26.1,2020/09/11 00:58:00,25.0,82,74,2020/09/11 09:31:00,3.4,220,11.1,240,2020/09/11 11:31:00,0.0,0.0,0.0,--,0.0,--,6.5,52.8,17.93,13.7,4.3,10,2020/09/11 12:00:00,6.7,29.2,29.3,29.6,29.6,29.9,29.6,29.5,,
2020-09-12,12,1009.7,1012.1,1011.2,2020/09/12 20:00:00,1007.7,2020/09/12 03:59:00,27.7,31.5,2020/09/12 13:28:00,26.2,2020/09/12 22:40:00,24.9,85,76,2020/09/12 13:28:00,2.9,40,11.4,30,2020/09/12 15:21:00,0.0,0.0,0.0,--,0.0,--,1.5,12.2,11.88,14.0,3.3,7,2020/09/12 14:00:00,9.2,29.0,29.3,29.6,29.6,29.9,29.7,29.5,,
2020-09-13,13,1010.2,1012.7,1011.5,2020/09/13 08:41:00,1008.7,2020/09/13 16:30:00,27.9,31.6,2020/09/13 12:53:00,26.3,2020/09/13 03:47:00,24.9,84,73,2020/09/13 11:12:00,5.2,40,12.9,50,2020/09/13 20:24:00,0.0,0.0,0.0,--,0.0,--,4.9,39.9,19.04,16.2,-5.3,10,2020/09/13 13:00:00,8.8,28.6,29.3,29.6,29.6,29.8,29.6,29.5,,
2020-09-14,14,1009.0,1011.4,1010.3,2020/09/14 09:26:00,1007.3,2020/09/14 15:44:00,27.8,30.7,2020/09/14 10:39:00,25.9,2020/09/14 06:12:00,25.2,86,77,2020/09/14 11:50:00,4.4,40,11.7,50,2020/09/14 12:25:00,T,0.1,T,2020/09/14 04:39:00,T,2020/09/14 04:39:00,5.8,47.4,19.3,14.0,5.0,10,2020/09/14 12:00:00,6.5,28.8,29.3,29.8,29.6,30.0,29.8,29.6,,
2020-09-15,15,1008.1,1010.6,1009.2,2020/09/15 00:01:00,1006.9,2020/09/15 15:35:00,28.2,31.5,2020/09/15 12:53:00,26.1,2020/09/15 23:59:00,25.8,87,77,2020/09/15 13:44:00,2.6,330,7.9,330,2020/09/15 13:33:00,0.0,0.0,0.0,--,0.0,--,6.7,54.8,20.32,15.3,4.4,10,2020/09/15 13:00:00,5.8,29.6,29.7,29.8,29.7,30.0,29.8,29.7,,
2020-09-16,16,1007.5,1010.0,1008.7,2020/09/16 09:57:00,1006.2,2020/09/16 17:06:00,28.5,32.0,2020/09/16 14:58:00,25.6,2020/09/16 06:00:00,25.8,85,72,2020/09/16 16:24:00,1.8,40,7.0,330,2020/09/16 12:22:00,0.0,0.0,0.0,--,0.0,--,7.1,58.2,17.22,12.2,5.8,9,2020/09/16 13:00:00,7.0,29.8,29.8,30.0,29.9,30.2,30.0,29.7,,
2020-09-17,17,1007.0,1009.5,1008.5,2020/09/17 23:16:00,1005.6,2020/09/17 15:48:00,28.5,32.3,2020/09/17 14:15:00,25.4,2020/09/17 05:41:00,25.5,84,69,2020/09/17 14:12:00,1.7,290,5.3,320,2020/09/17 10:10:00,0.0,0.0,0.0,--,0.0,--,9.1,74.8,19.37,13.0,5.6,9,2020/09/17 12:00:00,7.3,29.8,29.8,30.0,29.8,30.4,30.2,29.7,,
2020-09-18,18,1010.2,1012.6,1011.4,2020/09/18 10:21:00,1008.3,2020/09/18 00:01:00,28.7,33.0,2020/09/18 11:39:00,25.0,2020/09/18 05:55:00,25.2,82,59,2020/09/18 09:00:00,3.8,40,12.4,40,2020/09/18 18:24:00,0.0,0.0,0.0,--,0.0,--,7.3,60.1,18.95,12.0,5.7,9,2020/09/18 12:00:00,6.3,29.2,29.8,30.0,29.9,30.3,30.3,29.8,,
2020-09-19,19,1011.1,1013.6,1012.8,2020/09/19 09:28:00,1010.1,2020/09/19 03:31:00,28.7,32.2,2020/09/19 14:18:00,27.0,2020/09/19 22:31:00,26.2,86,78,2020/09/19 12:06:00,3.2,210,9.5,30,2020/09/19 15:34:00,0.0,0.0,0.0,--,0.0,--,4.8,39.6,16.57,13.3,-6.3,10,2020/09/19 12:00:00,7.2,29.6,30.0,30.2,30.1,30.5,30.3,29.8,,
2020-09-20,20,1010.5,1012.9,1011.6,2020/09/20 09:40:00,1009.2,2020/09/20 16:54:00,27.1,32.3,2020/09/20 12:40:00,23.9,2020/09/20 04:35:00,24.5,86,70,2020/09/20 12:33:00,5.4,40,15.0,60,2020/09/20 13:19:00,28.5,2.7,5.5,2020/09/20 06:37:00,17.0,2020/09/20 06:07:00,2.6,21.5,13.54,13.7,-2.8,8,2020/09/20 13:00:00,7.8,27.0,28.8,29.4,29.5,30.1,30.3,29.9,,
2020-09-21,21,1009.9,1012.4,1011.0,2020/09/21 08:58:00,1008.3,2020/09/21 14:59:00,26.7,30.2,2020/09/21 12:22:00,24.4,2020/09/21 23:58:00,21.4,73,61,2020/09/21 15:02:00,5.8,50,15.1,30,2020/09/21 12:36:00,0.5,0.5,0.5,2020/09/21 08:01:00,0.5,2020/09/21 07:43:00,8.4,69.6,20.43,13.7,7.4,10,2020/09/21 12:00:00,4.5,26.3,27.9,28.3,28.9,29.8,30.0,30.0,,
2020-09-22,22,1009.1,1011.6,1010.3,2020/09/22 08:24:00,1007.6,2020/09/22 14:50:00,26.2,30.2,2020/09/22 10:45:00,23.6,2020/09/22 05:17:00,19.4,67,53,2020/09/22 10:36:00,5.0,60,13.6,60,2020/09/22 16:50:00,0.0,0.0,0.0,--,0.0,--,9.3,77.2,21.91,17.3,7.5,10,2020/09/22 12:00:00,5.2,25.8,27.3,27.8,28.1,28.8,29.6,29.9,,
2020-09-23,23,1008.9,1011.4,1009.9,2020/09/23 10:08:00,1007.8,2020/09/23 14:52:00,26.4,30.3,2020/09/23 12:37:00,23.0,2020/09/23 05:11:00,20.4,70,58,2020/09/23 12:42:00,3.9,40,10.1,20,2020/09/23 11:36:00,0.0,0.0,0.0,--,0.0,--,10.6,88.2,21.81,18.7,5.7,10,2020/09/23 12:00:00,2.0,26.5,27.5,27.7,28.0,28.7,29.3,29.6,,
2020-09-24,24,1009.3,1011.8,1010.5,2020/09/24 21:20:00,1008.0,2020/09/24 04:14:00,24.2,26.3,2020/09/24 11:17:00,22.1,2020/09/24 21:53:00,21.4,84,73,2020/09/24 00:02:00,3.8,30,10.2,60,2020/09/24 16:14:00,3.0,7.3,0.5,2020/09/24 13:05:00,1.0,2020/09/24 12:28:00,0.0,0.0,1.87,13.0,-0.9,2,2020/09/24 12:00:00,10.0,25.3,26.9,27.2,27.9,28.6,29.0,29.5,,
2020-09-25,25,1008.9,1011.4,1009.9,2020/09/25 00:01:00,1007.5,2020/09/25 14:44:00,24.0,28.0,2020/09/25 12:34:00,21.2,2020/09/25 04:55:00,20.4,81,65,2020/09/25 12:36:00,3.7,60,11.7,50,2020/09/25 13:08:00,1.0,1.1,0.5,2020/09/25 00:15:00,0.5,2020/09/25 00:15:00,1.4,11.7,8.63,14.0,3.1,6,2020/09/25 13:00:00,10.0,24.4,25.9,26.3,27.0,27.7,28.6,29.5,,
2020-09-26,26,1009.1,1011.6,1010.9,2020/09/26 21:49:00,1007.2,2020/09/26 04:09:00,23.8,26.0,2020/09/26 13:35:00,21.9,2020/09/26 23:26:00,19.7,78,65,2020/09/26 15:17:00,5.6,60,15.1,50,2020/09/26 22:29:00,T,0.1,T,2020/09/26 20:00:00,T,2020/09/26 19:10:00,0.0,0.0,4.4,17.3,-0.4,4,2020/09/26 14:00:00,10.0,23.9,25.3,25.6,26.5,27.4,28.2,29.2,,
2020-09-27,27,1010.5,1013.0,1012.1,2020/09/27 09:49:00,1009.2,2020/09/27 03:38:00,21.3,22.3,2020/09/27 00:35:00,20.4,2020/09/27 06:58:00,20.0,92,85,2020/09/27 00:01:00,3.7,50,13.5,50,2020/09/27 00:02:00,49.5,16.3,2.5,2020/09/27 06:48:00,7.0,2020/09/27 06:02:00,0.0,0.0,1.16,7.3,/,1,2020/09/27 11:00:00,10.0,22.9,24.2,24.5,25.4,26.3,27.8,29.0,,
2020-09-28,28,1009.5,1012.0,1011.4,2020/09/28 08:34:00,1008.0,2020/09/28 14:50:00,22.1,23.2,2020/09/28 13:12:00,21.4,2020/09/28 00:01:00,20.6,91,88,2020/09/28 18:41:00,2.8,60,10.3,30,2020/09/28 09:59:00,9.0,11.0,1.0,2020/09/28 15:46:00,2.5,2020/09/28 15:45:00,0.0,0.0,2.2,11.5,-0.3,2,2020/09/28 13:00:00,9.8,23.1,24.3,24.4,25.1,25.8,27.0,28.7,,
2020-09-29,29,1007.1,1009.6,1009.2,2020/09/29 00:20:00,1004.9,2020/09/29 15:07:00,24.2,27.6,2020/09/29 12:12:00,22.1,2020/09/29 00:01:00,20.3,79,64,2020/09/29 15:42:00,3.2,60,8.6,20,2020/09/29 13:33:00,T,0.2,T,2020/09/29 07:11:00,T,2020/09/29 07:11:00,0.4,3.4,10.24,14.0,-1.6,7,2020/09/29 12:00:00,9.5,23.7,24.7,25.0,25.2,25.7,26.6,28.4,,
2020-09-30,30,1007.9,1010.4,1009.7,2020/09/30 09:35:00,1005.8,2020/09/30 04:00:00,21.5,22.7,2020/09/30 00:01:00,20.3,2020/09/30 05:39:00,18.6,84,78,2020/09/30 16:34:00,3.6,70,9.3,70,2020/09/30 02:30:00,2.0,3.4,0.5,2020/09/30 12:40:00,1.5,2020/09/30 12:13:00,0.0,0.0,5.11,11.2,-2.5,2,2020/09/30 14:00:00,8.0,22.7,24.1,24.5,25.0,25.7,26.6,28.1,,
2020-10-01,1,1008.3,1010.8,1010.2,2020/10/01 10:19:00,1006.7,2020/10/01 15:17:00,24.7,28.1,2020/10/01 13:17:00,21.4,2020/10/01 00:38:00,19.1,72,53,2020/10/01 12:16:00,6.3,50,15.9,40,2020/10/01 11:34:00,0.0,0.0,0.0,--,0.0,--,9.5,80.4,20.54,18.3,5.6,9,2020/10/01 12:00:00,2.8,23.3,24.3,24.5,24.8,25.4,26.4,28.0,,
2020-10-02,2,1008.9,1011.4,1010.2,2020/10/02 08:29:00,1006.8,2020/10/02 14:59:00,26.0,29.1,2020/10/02 11:19:00,23.8,2020/10/02 03:21:00,21.2,75,65,2020/10/02 09:37:00,5.3,50,15.0,40,2020/10/02 13:01:00,0.0,0.0,0.0,--,0.0,--,10.7,90.7,21.71,14.0,5.6,9,2020/10/02 12:00:00,2.8,24.7,25.3,25.4,25.5,25.8,25.9,27.7,,
2020-10-03,3,1008.5,1011.0,1010.0,2020/10/03 08:45:00,1006.1,2020/10/03 14:50:00,26.7,31.6,2020/10/03 12:25:00,22.4,2020/10/03 04:26:00,22.1,77,59,2020/10/03 10:19:00,2.5,30,10.6,30,2020/10/03 15:02:00,0.0,0.0,0.0,--,0.0,--,10.8,91.7,21.42,15.7,5.3,9,2020/10/03 12:00:00,1.2,25.8,26.0,26.4,26.6,26.4,26.5,27.5,,
2020-10-04,4,1007.7,1010.1,1009.2,2020/10/04 00:01:00,1005.4,2020/10/04 14:38:00,26.9,30.9,2020/10/04 12:08:00,22.9,2020/10/04 03:02:00,22.3,77,63,2020/10/04 15:25:00,2.9,40,11.0,50,2020/10/04 23:59:00,0.0,0.0,0.0,--,0.0,--,11.1,94.5,21.36,16.7,-4.4,9,2020/10/04 12:00:00,1.0,26.0,26.4,26.5,26.7,27.1,26.9,27.5,,
2020-10-05,5,1011.1,1013.6,1013.6,2020/10/05 22:36:00,1008.9,2020/10/05 00:01:00,24.3,26.3,2020/10/05 00:13:00,23.1,2020/10/05 23:49:00,20.7,80,70,2020/10/05 22:39:00,8.6,50,18.8,60,2020/10/05 19:09:00,2.5,3.3,0.5,2020/10/05 05:02:00,1.5,2020/10/05 04:45:00,0.0,0.0,4.25,8.2,-3.2,4,2020/10/05 13:00:00,9.2,24.0,25.4,25.7,26.2,26.7,27.1,27.5,,
2020-10-06,6,1013.5,1016.0,1014.8,2020/10/06 21:18:00,1011.9,2020/10/06 15:16:00,24.0,26.3,2020/10/06 13:19:00,22.6,2020/10/06 01:27:00,18.0,69,60,2020/10/06 15:35:00,8.2,50,19.4,50,2020/10/06 14:24:00,0.0,0.0,0.0,--,0.0,--,4.0,34.2,12.23,17.3,5.3,7,2020/10/06 13:00:00,6.8,23.1,24.3,24.6,25.3,26.0,26.9,27.5,,
2020-10-07,7,1013.7,1016.2,1015.6,2020/10/07 09:37:00,1012.6,2020/10/07 14:24:00,23.9,26.4,2020/10/07 12:45:00,22.2,2020/10/07 23:59:59,17.2,66,60,2020/10/07 12:42:00,7.8,50,17.0,40,2020/10/07 19:41:00,0.0,0.0,0.0,--,0.0,--,1.3,11.1,6.55,18.7,-2.8,6,2020/10/07 13:00:00,8.7,22.9,23.9,24.2,24.7,25.5,26.5,27.5,,
2020-10-08,8,1013.9,1016.4,1014.9,2020/10/08 07:44:00,1012.7,2020/10/08 14:30:00,23.3,26.8,2020/10/08 10:37:00,21.1,2020/10/08 03:21:00,18.5,75,58,2020/10/08 11:04:00,6.4,50,17.3,50,2020/10/08 12:34:00,7.5,2.6,1.0,2020/10/08 21:59:00,2.5,2020/10/08 21:19:00,2.7,23.2,12.15,15.5,-2.0,8,2020/10/08 11:00:00,8.5,22.9,23.8,24.0,24.4,25.4,26.1,27.3,,
2020-10-09,9,1013.5,1016.0,1015.3,2020/10/09 09:41:00,1012.0,2020/10/09 16:09:00,23.4,26.4,2020/10/09 12:44:00,21.3,2020/10/09 00:06:00,19.0,76,63,2020/10/09 12:09:00,6.7,50,16.2,50,2020/10/09 13:25:00,2.5,2.9,0.5,2020/10/09 18:10:00,1.0,2020/10/09 17:46:00,3.0,25.8,12.88,14.5,-3.9,7,2020/10/09 13:00:00,8.8,22.6,23.9,24.0,24.1,25.2,25.9,27.0,,
2020-10-10,10,1011.1,1013.6,1012.9,2020/10/10 00:01:00,1009.8,2020/10/10 23:58:00,24.0,25.1,2020/10/10 08:53:00,22.8,2020/10/10 00:15:00,19.5,76,70,2020/10/10 03:10:00,7.8,50,15.9,40,2020/10/10 02:15:00,T,0.6,T,2020/10/10 13:05:00,T,2020/10/10 12:15:00,0.2,1.7,6.23,16.0,-1.7,3,2020/10/10 11:00:00,10.0,22.8,23.7,24.0,24.2,25.1,25.8,27.0,,
2020-10-11,11,1008.2,1010.7,1009.8,2020/10/11 00:01:00,1005.8,2020/10/11 14:30:00,25.5,27.8,2020/10/11 11:47:00,24.0,2020/10/11 00:18:00,22.4,83,74,2020/10/11 10:06:00,8.6,40,20.3,40,2020/10/11 14:50:00,0.5,0.3,0.5,2020/10/11 23:32:00,0.5,2020/10/11 22:42:00,7.3,63.1,19.27,16.8,-3.8,8,2020/10/11 12:00:00,8.7,24.6,24.9,24.9,24.7,25.2,25.6,26.9,,
2020-10-12,12,1008.2,1010.7,1010.0,2020/10/12 23:58:00,1005.9,2020/10/12 13:26:00,25.1,27.1,2020/10/12 13:42:00,24.0,2020/10/12 00:07:00,22.9,88,82,2020/10/12 14:24:00,10.0,40,20.8,40,2020/10/12 15:15:00,T,0.7,T,2020/10/12 04:53:00,T,2020/10/12 04:53:00,2.1,18.2,11.89,13.2,-3.2,6,2020/10/12 13:00:00,10.0,24.8,25.3,25.3,25.4,25.7,25.9,26.7,,
2020-10-13,13,1011.2,1013.7,1013.4,2020/10/13 21:02:00,1009.4,2020/10/13 02:41:00,24.8,27.0,2020/10/13 12:29:00,23.1,2020/10/13 05:17:00,21.5,82,76,2020/10/13 20:39:00,10.2,50,21.3,40,2020/10/13 11:11:00,0.5,1.0,0.5,2020/10/13 04:55:00,0.5,2020/10/13 04:50:00,4.2,36.4,15.33,14.3,5.3,8,2020/10/13 13:00:00,7.5,24.3,25.1,25.2,25.4,25.8,26.0,26.7,,
2020-10-14,14,1012.9,1015.4,1014.6,2020/10/14 08:52:00,1010.9,2020/10/14 16:23:00,25.0,27.0,2020/10/14 12:08:00,23.9,2020/10/14 05:48:00,20.5,76,72,2020/10/14 12:05:00,10.4,50,22.4,50,2020/10/14 15:10:00,0.0,0.0,0.0,--,0.0,--,6.5,56.5,16.18,17.7,6.0,7,2020/10/14 13:00:00,5.2,24.2,24.9,25.1,25.3,25.7,26.0,26.8,,
2020-10-15,15,1012.4,1014.9,1014.5,2020/10/15 10:00:00,1010.5,2020/10/15 15:35:00,25.2,27.9,2020/10/15 12:03:00,23.7,2020/10/15 05:32:00,20.5,75,69,2020/10/15 11:54:00,10.1,50,24.1,50,2020/10/15 14:34:00,0.0,0.0,0.0,--,0.0,--,7.8,67.9,16.05,14.0,4.5,7,2020/10/15 12:00:00,6.0,24.4,24.7,24.9,25.3,25.6,26.0,26.8,,
2020-10-16,16,1012.3,1014.8,1014.6,2020/10/16 22:26:00,1010.7,2020/10/16 13:48:00,25.4,28.4,2020/10/16 11:59:00,23.5,2020/10/16 23:46:00,21.3,78,72,2020/10/16 09:37:00,9.6,50,19.6,50,2020/10/16 13:48:00,0.0,0.0,0.0,--,0.0,--,5.8,50.6,17.6,13.7,-6.1,8,2020/10/16 13:00:00,7.0,24.8,25.3,25.4,25.6,25.8,26.1,26.7,,
2020-10-17,17,1014.7,1017.2,1016.2,2020/10/17 21:43:00,1013.4,2020/10/17 04:25:00,23.1,24.4,2020/10/17 09:29:00,21.5,2020/10/17 17:45:00,19.0,78,68,2020/10/17 04:49:00,8.8,50,17.7,40,2020/10/17 05:06:00,0.5,3.2,0.5,2020/10/17 17:03:00,0.5,2020/10/17 17:03:00,0.1,0.9,5.45,14.0,-2.4,3,2020/10/17 13:00:00,9.7,23.1,24.2,24.6,25.1,25.7,26.2,26.8,,
2020-10-18,18,1014.9,1017.4,1016.7,2020/10/18 21:05:00,1013.3,2020/10/18 13:35:00,22.7,24.7,2020/10/18 09:39:00,21.0,2020/10/18 23:47:00,18.8,79,74,2020/10/18 11:45:00,8.4,50,18.3,60,2020/10/18 16:02:00,0.0,0.0,0.0,--,0.0,--,0.1,0.9,5.45,12.0,2.0,3,2020/10/18 10:00:00,9.5,22.5,23.6,23.8,24.3,25.1,25.8,26.7,,
2020-10-19,19,1014.4,1016.9,1016.1,2020/10/19 20:09:00,1012.5,2020/10/19 14:37:00,23.0,25.5,2020/10/19 10:46:00,20.9,2020/10/19 00:23:00,18.6,76,65,2020/10/19 10:16:00,9.1,50,19.4,60,2020/10/19 18:08:00,T,0.3,T,2020/10/19 22:39:00,T,2020/10/19 22:39:00,2.8,24.6,11.4,15.0,-3.8,7,2020/10/19 11:00:00,8.2,22.7,23.4,23.5,23.9,25.0,25.6,26.6,,
2020-10-20,20,1012.2,1014.7,1014.6,2020/10/20 00:01:00,1009.8,2020/10/20 23:58:00,23.7,25.7,2020/10/20 11:40:00,22.8,2020/10/20 00:07:00,19.9,79,71,2020/10/20 09:21:00,10.8,50,25.0,50,2020/10/20 13:39:00,0.0,0.0,0.0,--,0.0,--,1.4,12.3,11.48,14.0,3.7,7,2020/10/20 12:00:00,7.7,23.3,23.7,23.8,24.0,24.7,25.4,26.5,,
2020-10-21,21,1007.1,1009.6,1009.9,2020/10/21 00:01:00,1004.9,2020/10/21 14:09:00,24.4,27.5,2020/10/21 10:57:00,22.3,2020/10/21 20:18:00,22.6,89,82,2020/10/21 09:45:00,10.7,40,22.2,50,2020/10/21 09:02:00,3.0,5.5,0.5,2020/10/21 18:05:00,1.5,2020/10/21 18:01:00,3.3,29.1,12.48,14.2,-0.7,6,2020/10/21 11:00:00,8.5,24.2,24.5,24.5,24.6,25.1,25.4,26.4,,
2020-10-22,22,1009.7,1012.2,1013.1,2020/10/22 22:47:00,1005.9,2020/10/22 00:20:00,20.7,22.3,2020/10/22 00:01:00,19.0,2020/10/22 17:04:00,19.0,91,75,2020/10/22 21:04:00,8.1,50,19.1,50,2020/10/22 06:45:00,9.5,13.9,1.0,2020/10/22 05:39:00,2.0,2020/10/22 05:34:00,0.0,0.0,4.23,5.2,-0.9,3,2020/10/22 12:00:00,10.0,21.5,23.3,23.5,24.1,24.9,25.5,26.3,,
2020-10-23,23,1013.2,1015.7,1014.9,2020/10/23 08:54:00,1011.1,2020/10/23 02:32:00,20.6,21.2,2020/10/23 10:12:00,19.3,2020/10/23 00:01:00,15.0,70,59,2020/10/23 19:47:00,8.5,50,19.1,60,2020/10/23 16:35:00,1.5,3.8,0.5,2020/10/23 05:28:00,0.5,2020/10/23 04:38:00,0.0,0.0,1.48,9.5,-2.9,1,2020/10/23 10:00:00,9.7,19.8,21.8,21.9,22.8,23.9,25.2,26.2,,
2020-10-24,24,1014.1,1016.6,1016.2,2020/10/24 07:56:00,1012.7,2020/10/24 14:49:00,21.9,24.1,2020/10/24 11:02:00,20.7,2020/10/24 00:15:00,14.3,62,55,2020/10/24 09:53:00,10.7,50,23.5,50,2020/10/24 12:01:00,0.0,0.0,0.0,--,0.0,--,3.9,34.6,14.39,17.7,6.1,7,2020/10/24 12:00:00,8.0,20.2,21.6,21.7,22.0,23.3,24.5,26.1,,
2020-10-25,25,1013.1,1015.6,1015.0,2020/10/25 08:32:00,1011.0,2020/10/25 15:23:00,23.5,27.1,2020/10/25 14:01:00,21.5,2020/10/25 01:49:00,16.6,66,56,2020/10/25 12:05:00,7.9,50,17.0,60,2020/10/25 11:40:00,0.0,0.0,0.0,--,0.0,--,7.6,67.5,16.7,20.0,4.9,8,2020/10/25 12:00:00,4.2,21.9,22.3,22.3,22.2,23.3,24.1,25.9,,
2020-10-26,26,1011.1,1013.6,1013.6,2020/10/26 08:24:00,1008.7,2020/10/26 15:36:00,24.6,27.7,2020/10/26 14:37:00,22.6,2020/10/26 03:25:00,18.7,70,59,2020/10/26 15:38:00,8.2,50,18.3,60,2020/10/26 22:53:00,0.0,0.0,0.0,--,0.0,--,10.3,91.7,18.74,19.3,6.0,8,2020/10/26 12:00:00,2.7,22.9,23.2,23.2,23.0,23.6,24.2,25.6,,
2020-10-27,27,1011.0,1013.5,1013.1,2020/10/27 22:03:00,1008.9,2020/10/27 14:18:00,25.4,28.6,2020/10/27 13:01:00,22.9,2020/10/27 02:39:00,18.4,65,58,2020/10/27 10:04:00,7.5,50,17.3,60,2020/10/27 09:18:00,0.0,0.0,0.0,--,0.0,--,10.6,94.6,18.32,19.3,6.1,7,2020/10/27 12:00:00,0.3,23.4,23.5,23.5,23.6,24.1,24.5,25.5,,
2020-10-28,28,1014.0,1016.5,1015.7,2020/10/28 21:28:00,1012.2,2020/10/28 02:43:00,24.8,27.5,2020/10/28 12:21:00,23.7,2020/10/28 18:44:00,20.2,76,68,2020/10/28 09:52:00,8.4,50,18.4,30,2020/10/28 10:51:00,0.0,0.0,0.0,--,0.0,--,10.1,90.3,17.27,15.7,5.3,7,2020/10/28 12:00:00,2.3,23.9,24.0,24.0,24.0,24.5,24.6,25.5,,
2020-10-29,29,1016.3,1018.8,1018.0,2020/10/29 08:39:00,1014.7,2020/10/29 00:36:00,23.5,25.7,2020/10/29 11:26:00,22.7,2020/10/29 17:21:00,18.8,75,68,2020/10/29 10:17:00,9.4,40,18.4,60,2020/10/29 11:32:00,0.0,0.0,0.0,--,0.0,--,0.9,8.1,10.28,14.3,5.5,6,2020/10/29 12:00:00,9.8,23.4,23.8,23.9,23.9,24.6,24.7,25.6,,
2020-10-30,30,1017.8,1020.3,1019.5,2020/10/30 09:06:00,1016.5,2020/10/30 02:07:00,22.3,24.3,2020/10/30 12:09:00,20.4,2020/10/30 23:20:00,15.5,66,59,2020/10/30 11:40:00,8.6,50,18.1,50,2020/10/30 16:32:00,0.0,0.0,0.0,--,0.0,--,1.3,11.7,9.45,19.0,4.8,5,2020/10/30 13:00:00,7.0,22.0,23.1,23.3,23.8,24.4,24.9,25.6,,
2020-10-31,31,1015.5,1018.0,1018.1,2020/10/31 00:38:00,1013.5,2020/10/31 23:40:00,22.3,25.2,2020/10/31 10:56:00,19.7,2020/10/31 05:41:00,15.3,64,51,2020/10/31 10:54:00,8.2,50,18.6,40,2020/10/31 13:28:00,0.0,0.0,0.0,--,0.0,--,9.9,89.0,18.06,23.0,5.4,6,2020/10/31 12:00:00,1.7,21.9,22.6,22.7,22.8,23.9,24.7,25.6,,
2020-11-01,1,1012.0,1014.5,1014.0,2020/11/01 09:05:00,1009.8,2020/11/01 14:42:00,24.5,28.9,2020/11/01 14:38:00,22.0,2020/11/01 01:42:00,19.1,72,58,2020/11/01 14:29:00,6.9,50,16.2,30,2020/11/01 10:14:00,0.0,0.0,0.0,--,0.0,--,10.0,90.0,17.14,15.3,6.0,6,2020/11/01 12:00:00,1.0,23.7,23.5,23.6,23.6,24.1,24.6,25.5,,
2020-11-02,2,1012.7,1015.2,1015.5,2020/11/02 21:26:00,1010.9,2020/11/02 03:32:00,23.7,26.5,2020/11/02 10:31:00,21.1,2020/11/02 23:58:00,18.6,73,67,2020/11/02 09:05:00,9.0,50,20.7,40,2020/11/02 14:10:00,0.0,0.0,0.0,--,0.0,--,4.6,41.5,13.52,21.0,-3.9,6,2020/11/02 12:00:00,7.8,23.1,23.6,23.7,23.9,24.4,24.7,25.5,,
2020-11-03,3,1016.5,1019.0,1018.4,2020/11/03 21:51:00,1014.9,2020/11/03 00:03:00,20.9,22.9,2020/11/03 13:31:00,18.8,2020/11/03 21:19:00,15.1,70,57,2020/11/03 17:00:00,8.5,50,18.3,40,2020/11/03 08:45:00,0.5,1.6,0.5,2020/11/03 04:46:00,0.5,2020/11/03 04:44:00,0.3,2.7,3.36,11.2,3.8,3,2020/11/03 14:00:00,9.5,21.1,22.5,22.6,23.1,24.1,24.8,25.5,,
2020-11-04,4,1016.6,1019.1,1018.1,2020/11/04 08:23:00,1014.6,2020/11/04 14:29:00,21.2,23.8,2020/11/04 11:27:00,19.4,2020/11/04 00:01:00,13.8,63,56,2020/11/04 10:08:00,9.3,50,22.7,40,2020/11/04 13:21:00,0.0,0.0,0.0,--,0.0,--,7.2,65.2,14.88,17.3,5.4,6,2020/11/04 12:00:00,4.0,21.0,21.9,22.0,22.4,23.4,24.4,25.5,,
2020-11-05,5,1015.0,1017.5,1017.0,2020/11/05 09:10:00,1013.3,2020/11/05 15:35:00,22.5,24.9,2020/11/05 13:09:00,20.1,2020/11/05 04:31:00,17.4,73,64,2020/11/05 08:19:00,8.0,50,19.7,30,2020/11/05 12:29:00,0.0,0.0,0.0,--,0.0,--,7.2,65.3,14.16,17.3,3.8,6,2020/11/05 13:00:00,4.5,22.1,22.4,22.4,22.5,23.4,24.1,25.4,,
2020-11-06,6,1008.8,1011.3,1013.7,2020/11/06 00:01:00,1005.6,2020/11/06 15:34:00,26.2,30.9,2020/11/06 14:13:00,22.3,2020/11/06 00:10:00,22.4,80,66,2020/11/06 16:04:00,7.9,40,21.9,40,2020/11/06 07:51:00,0.0,0.0,0.0,--,0.0,--,8.5,77.2,15.45,17.0,4.5,7,2020/11/06 12:00:00,6.0,24.9,24.1,24.0,23.7,24.0,24.2,25.2,,
2020-11-07,7,1012.7,1015.2,1016.7,2020/11/07 23:26:00,1007.7,2020/11/07 00:40:00,23.6,28.1,2020/11/07 09:10:00,19.6,2020/11/07 23:49:00,21.4,88,78,2020/11/07 09:15:00,5.5,40,17.9,30,2020/11/07 20:52:00,0.5,4.1,0.5,2020/11/07 22:09:00,0.5,2020/11/07 21:19:00,0.5,4.6,7.14,9.2,-0.5,4,2020/11/07 11:00:00,9.5,23.7,24.4,24.5,24.4,24.7,24.6,25.1,,
2020-11-08,8,1017.7,1020.3,1019.2,2020/11/08 09:14:00,1016.2,2020/11/08 03:01:00,19.7,21.0,2020/11/08 19:47:00,18.2,2020/11/08 03:25:00,16.6,82,66,2020/11/08 19:48:00,8.9,50,20.0,50,2020/11/08 20:13:00,1.0,7.9,0.5,2020/11/08 01:22:00,0.5,2020/11/08 00:32:00,0.1,0.9,4.08,10.8,-3.2,3,2020/11/08 12:00:00,10.0,20.6,22.4,22.6,23.3,24.2,24.8,25.2,,
2020-11-09,9,1017.7,1020.2,1018.8,2020/11/09 20:11:00,1016.5,2020/11/09 04:41:00,20.9,23.1,2020/11/09 12:23:00,20.1,2020/11/09 01:54:00,13.8,64,59,2020/11/09 12:12:00,9.9,60,22.2,40,2020/11/09 09:50:00,0.0,0.0,0.0,--,0.0,--,3.9,35.6,12.48,15.0,-5.2,6,2020/11/09 12:00:00,8.8,20.9,21.8,21.9,22.4,23.5,24.4,25.2,,
2020-11-10,10,1018.9,1021.4,1020.5,2020/11/10 20:41:00,1017.0,2020/11/10 02:16:00,20.5,22.5,2020/11/10 12:03:00,18.5,2020/11/10 04:14:00,14.2,67,61,2020/11/10 02:00:00,8.8,50,20.3,50,2020/11/10 12:11:00,T,0.3,T,2020/11/10 03:52:00,T,2020/11/10 03:52:00,0.7,6.4,9.14,17.3,4.8,5,2020/11/10 12:00:00,8.8,20.5,21.5,21.7,22.0,23.2,24.0,25.1,,
2020-11-11,11,1019.7,1022.2,1021.2,2020/11/11 09:29:00,1018.6,2020/11/11 13:25:00,21.6,23.7,2020/11/11 10:58:00,20.2,2020/11/11 05:45:00,14.2,63,56,2020/11/11 13:49:00,11.1,50,25.1,40,2020/11/11 12:01:00,0.0,0.0,0.0,--,0.0,--,10.0,91.6,15.98,18.7,6.2,6,2020/11/11 12:00:00,2.0,21.1,21.6,21.7,21.9,22.9,23.7,25.0,,
2020-11-12,12,1016.9,1019.4,1019.1,2020/11/12 00:01:00,1014.9,2020/11/12 14:56:00,22.6,24.8,2020/11/12 12:27:00,21.0,2020/11/12 05:50:00,17.0,71,65,2020/11/12 10:18:00,10.6,50,24.1,60,2020/11/12 13:48:00,0.0,0.0,0.0,--,0.0,--,6.9,63.3,14.6,16.7,-5.1,5,2020/11/12 12:00:00,7.0,22.3,22.3,22.4,22.4,23.1,23.6,25.0,,
2020-11-13,13,1016.6,1019.1,1017.8,2020/11/13 21:05:00,1015.0,2020/11/13 04:21:00,21.5,22.4,2020/11/13 12:28:00,20.7,2020/11/13 22:20:00,18.7,84,73,2020/11/13 00:01:00,8.3,50,18.9,60,2020/11/13 05:41:00,10.0,8.1,1.5,2020/11/13 14:57:00,4.5,2020/11/13 14:44:00,0.0,0.0,1.91,8.2,-0.6,2,2020/11/13 13:00:00,10.0,21.5,22.4,22.5,22.7,23.3,23.7,25.0,,
2020-11-14,14,1016.9,1019.4,1018.5,2020/11/14 21:15:00,1014.9,2020/11/14 03:37:00,22.2,24.6,2020/11/14 11:05:00,20.5,2020/11/14 05:58:00,17.4,75,65,2020/11/14 12:00:00,8.8,50,21.6,40,2020/11/14 13:09:00,0.5,0.0,0.5,2020/11/14 00:21:00,0.5,2020/11/14 00:01:00,2.8,25.8,12.55,18.0,4.1,5,2020/11/14 13:00:00,8.8,21.0,22.2,22.2,22.4,23.2,23.8,25.0,,
2020-11-15,15,1016.0,1018.5,1017.5,2020/11/15 00:01:00,1014.4,2020/11/15 13:58:00,24.1,28.6,2020/11/15 13:05:00,22.0,2020/11/15 01:01:00,19.5,76,59,2020/11/15 13:16:00,7.1,40,17.1,30,2020/11/15 08:20:00,0.0,0.0,0.0,--,0.0,--,9.4,86.7,15.5,17.3,4.2,6,2020/11/15 12:00:00,3.7,22.6,22.8,22.8,22.8,23.3,23.8,25.0,,
2020-11-16,16,1014.4,1016.9,1016.6,2020/11/16 08:28:00,1012.3,2020/11/16 15:29:00,24.4,28.5,2020/11/16 11:24:00,21.8,2020/11/16 05:11:00,19.7,75,63,2020/11/16 11:17:00,6.2,40,16.4,50,2020/11/16 17:36:00,0.0,0.0,0.0,--,0.0,--,8.0,73.9,14.66,16.7,5.6,6,2020/11/16 12:00:00,4.2,23.2,23.3,23.3,23.3,23.7,23.9,24.9,,
2020-11-17,17,1012.7,1015.2,1014.4,2020/11/17 09:00:00,1011.5,2020/11/17 23:48:00,24.4,28.3,2020/11/17 09:43:00,20.7,2020/11/17 23:31:00,19.1,73,60,2020/11/17 09:27:00,2.5,80,10.3,80,2020/11/17 00:45:00,0.0,0.0,0.0,--,0.0,--,8.5,78.6,14.11,15.3,3.0,6,2020/11/17 12:00:00,4.8,23.4,23.4,23.4,23.6,23.9,24.2,24.9,,
2020-11-18,18,1011.1,1013.6,1013.2,2020/11/18 09:12:00,1009.7,2020/11/18 14:31:00,22.6,26.3,2020/11/18 09:39:00,20.3,2020/11/18 02:06:00,20.4,88,73,2020/11/18 09:16:00,1.6,200,6.1,300,2020/11/18 10:41:00,0.0,0.0,0.0,--,0.0,--,8.9,82.4,14.52,6.3,2.4,5,2020/11/18 12:00:00,2.5,23.1,23.2,23.3,23.5,24.0,24.3,24.9,,
2020-11-19,19,1010.3,1012.8,1012.5,2020/11/19 09:17:00,1008.3,2020/11/19 14:42:00,23.9,29.0,2020/11/19 14:18:00,19.9,2020/11/19 05:29:00,20.9,84,63,2020/11/19 14:17:00,1.7,40,5.6,50,2020/11/19 14:36:00,0.0,0.0,0.0,--,0.0,--,5.9,54.7,12.53,9.5,3.1,5,2020/11/19 12:00:00,5.0,23.6,23.6,23.6,23.5,24.1,24.3,25.0,,
2020-11-20,20,1012.1,1014.6,1013.5,2020/11/20 20:25:00,1009.9,2020/11/20 01:00:00,23.8,28.6,2020/11/20 09:56:00,21.8,2020/11/20 05:14:00,20.8,84,68,2020/11/20 10:07:00,4.5,50,15.0,50,2020/11/20 22:00:00,0.0,0.0,0.0,--,0.0,--,5.3,49.2,11.63,11.0,3.7,5,2020/11/20 11:00:00,6.5,23.5,24.0,24.0,24.0,24.4,24.5,25.0,,
2020-11-21,21,1013.1,1015.6,1014.8,2020/11/21 08:56:00,1011.8,2020/11/21 02:14:00,24.3,27.8,2020/11/21 13:52:00,21.9,2020/11/21 23:43:00,20.9,82,70,2020/11/21 14:33:00,5.6,50,13.8,40,2020/11/21 00:07:00,0.0,0.0,0.0,--,0.0,--,3.5,32.5,10.9,17.0,3.0,5,2020/11/21 13:00:00,6.5,23.8,24.1,24.0,24.0,24.5,24.6,25.0,,
2020-11-22,22,1016.3,1018.8,1019.6,2020/11/22 22:01:00,1013.2,2020/11/22 00:10:00,22.5,25.6,2020/11/22 10:02:00,20.3,2020/11/22 23:32:00,20.9,91,83,2020/11/22 22:45:00,4.9,50,18.5,40,2020/11/22 23:28:00,0.0,0.0,0.0,--,0.0,--,0.4,3.7,5.37,10.7,2.1,3,2020/11/22 11:00:00,9.0,23.0,23.9,24.1,24.1,24.6,24.7,25.0,,
2020-11-23,23,1018.2,1020.7,1020.1,2020/11/23 08:38:00,1016.0,2020/11/23 14:42:00,21.6,24.4,2020/11/23 13:03:00,19.9,2020/11/23 02:38:00,17.7,78,71,2020/11/23 13:03:00,9.7,50,20.1,50,2020/11/23 14:44:00,0.0,0.0,0.0,--,0.0,--,2.7,25.2,9.26,16.5,3.1,4,2020/11/23 13:00:00,9.2,21.9,23.1,23.3,23.8,24.4,24.7,25.0,,
2020-11-24,24,1017.5,1020.0,1019.4,2020/11/24 08:54:00,1015.1,2020/11/24 15:21:00,22.5,25.2,2020/11/24 14:20:00,20.9,2020/11/24 02:44:00,17.7,74,64,2020/11/24 14:16:00,8.4,50,18.4,60,2020/11/24 12:31:00,0.0,0.0,0.0,--,0.0,--,9.4,87.7,14.84,15.0,4.4,6,2020/11/24 12:00:00,2.5,22.4,23.0,23.1,23.3,24.1,24.5,25.0,,
2020-11-25,25,1015.7,1018.2,1017.4,2020/11/25 09:00:00,1013.3,2020/11/25 14:23:00,23.2,26.5,2020/11/25 11:53:00,21.3,2020/11/25 01:06:00,19.5,80,70,2020/11/25 11:50:00,7.2,50,16.1,50,2020/11/25 11:16:00,0.0,0.0,0.0,--,0.0,--,10.1,94.4,15.29,15.7,3.5,6,2020/11/25 12:00:00,0.2,23.0,23.3,23.4,23.5,24.1,24.4,25.0,,
2020-11-26,26,1016.1,1018.6,1018.2,2020/11/26 08:33:00,1014.4,2020/11/26 14:32:00,23.7,28.7,2020/11/26 10:52:00,19.6,2020/11/26 06:32:00,19.0,75,58,2020/11/26 10:50:00,5.7,40,15.6,40,2020/11/26 20:40:00,0.0,0.0,0.0,--,0.0,--,10.1,94.5,14.93,15.5,4.4,5,2020/11/26 12:00:00,4.2,23.1,23.5,23.6,23.6,24.3,24.4,25.0,,
2020-11-27,27,1019.1,1021.7,1021.4,2020/11/27 22:14:00,1016.7,2020/11/27 01:49:00,20.9,23.4,2020/11/27 00:18:00,19.9,2020/11/27 23:36:00,16.8,77,69,2020/11/27 00:13:00,10.4,40,19.8,50,2020/11/27 23:30:00,0.0,0.0,0.0,--,0.0,--,0.4,3.7,6.15,14.5,3.3,3,2020/11/27 14:00:00,9.8,21.6,22.8,23.1,23.3,24.2,24.5,25.0,,
2020-11-28,28,1020.1,1022.7,1022.2,2020/11/28 09:35:00,1018.3,2020/11/28 15:32:00,19.4,20.9,2020/11/28 09:52:00,18.0,2020/11/28 23:45:00,15.4,78,72,2020/11/28 04:48:00,10.0,50,21.2,50,2020/11/28 13:06:00,T,1.7,T,2020/11/28 12:40:00,T,2020/11/28 12:40:00,0.0,0.0,3.14,13.3,-0.8,1,2020/11/28 10:00:00,9.0,20.1,21.8,22.1,22.6,23.6,24.3,25.0,,
2020-11-29,29,1020.2,1022.8,1021.6,2020/11/29 09:28:00,1018.6,2020/11/29 14:09:00,18.9,21.6,2020/11/29 13:15:00,17.4,2020/11/29 02:46:00,15.2,80,68,2020/11/29 13:30:00,9.4,50,18.9,40,2020/11/29 09:09:00,0.5,0.7,0.5,2020/11/29 05:01:00,0.5,2020/11/29 05:01:00,2.8,26.3,10.73,18.0,3.2,5,2020/11/29 12:00:00,8.2,20.0,21.4,21.6,22.0,23.0,24.0,25.0,,
2020-11-30,30,1021.0,1023.6,1022.6,2020/11/30 20:50:00,1019.1,2020/11/30 14:48:00,19.2,21.6,2020/11/30 14:14:00,17.9,2020/11/30 22:46:00,14.7,75,60,2020/11/30 14:17:00,9.6,50,20.7,60,2020/11/30 13:53:00,T,0.0,T,2020/11/30 22:36:00,T,2020/11/30 22:36:00,1.6,15.0,9.09,19.0,-1.5,4,2020/11/30 12:00:00,9.0,19.9,21.2,21.4,21.8,22.7,23.6,25.0,,
2020-12-01,1,1019.9,1022.5,1022.1,2020/12/01 08:30:00,1018.0,2020/12/01 23:55:00,18.8,20.2,2020/12/01 11:29:00,17.8,2020/12/01 00:23:00,15.6,82,75,2020/12/01 19:15:00,8.2,50,19.0,40,2020/12/01 11:02:00,6.0,6.2,1.0,2020/12/01 06:08:00,1.5,2020/12/01 05:18:00,0.0,0.0,3.8,10.3,-0.4,2,2020/12/01 12:00:00,9.3,19.0,20.6,20.9,21.5,22.4,23.4,24.8,,
2020-12-02,2,1018.5,1021.1,1020.0,2020/12/02 08:49:00,1016.9,2020/12/02 13:49:00,19.2,21.7,2020/12/02 11:21:00,17.8,2020/12/02 05:30:00,14.2,73,64,2020/12/02 23:57:00,10.4,50,21.0,60,2020/12/02 09:40:00,4.5,2.9,0.5,2020/12/02 03:14:00,2.0,2020/12/02 03:10:00,1.3,12.2,8.13,15.3,-2.8,5,2020/12/02 12:00:00,8.7,18.6,20.1,20.3,20.9,21.9,23.1,24.6,,
2020-12-03,3,1020.1,1022.7,1021.5,2020/12/03 08:53:00,1018.6,2020/12/03 02:15:00,16.6,18.6,2020/12/03 00:15:00,14.9,2020/12/03 17:57:00,12.4,76,64,2020/12/03 00:01:00,10.1,50,20.1,50,2020/12/03 20:53:00,4.5,10.5,1.0,2020/12/03 22:20:00,2.0,2020/12/03 21:48:00,0.0,0.0,1.81,9.3,-1.7,2,2020/12/03 12:00:00,10.0,16.6,19.0,19.3,20.1,21.3,22.7,24.4,,
2020-12-04,4,1019.0,1021.6,1020.7,2020/12/04 09:03:00,1017.6,2020/12/04 14:21:00,16.3,17.6,2020/12/04 11:24:00,15.3,2020/12/04 07:25:00,14.0,86,79,2020/12/04 11:24:00,10.0,50,20.7,60,2020/12/04 22:48:00,11.0,14.7,0.5,2020/12/04 03:48:00,2.5,2020/12/04 03:11:00,0.0,0.0,3.07,8.7,-0.9,2,2020/12/04 12:00:00,10.0,16.7,18.5,18.6,19.3,20.5,22.1,24.2,,
2020-12-05,5,1018.9,1021.5,1020.7,2020/12/05 08:24:00,1017.3,2020/12/05 14:15:00,17.8,20.9,2020/12/05 11:51:00,16.4,2020/12/05 00:19:00,14.5,81,70,2020/12/05 12:13:00,9.9,50,20.5,50,2020/12/05 14:13:00,0.5,1.7,0.5,2020/12/05 07:10:00,0.5,2020/12/05 06:44:00,0.6,5.7,7.11,14.0,-1.4,5,2020/12/05 12:00:00,9.3,17.4,18.7,18.8,19.2,20.3,21.6,23.9,,
2020-12-06,6,1017.4,1020.0,1019.0,2020/12/06 09:59:00,1015.8,2020/12/06 14:46:00,18.9,20.3,2020/12/06 09:13:00,17.7,2020/12/06 02:46:00,16.5,86,81,2020/12/06 09:45:00,9.8,50,19.9,30,2020/12/06 12:38:00,T,0.3,T,2020/12/06 05:50:00,T,2020/12/06 05:50:00,0.4,3.8,5.87,17.3,-0.4,2,2020/12/06 11:00:00,8.5,18.5,19.4,19.4,19.6,20.4,21.5,23.7,,
2020-12-07,7,1018.2,1020.8,1020.0,2020/12/07 09:10:00,1016.4,2020/12/07 14:52:00,19.0,20.4,2020/12/07 12:07:00,18.0,2020/12/07 23:42:00,17.9,93,85,2020/12/07 00:34:00,9.3,40,18.7,50,2020/12/07 14:52:00,1.0,4.5,0.5,2020/12/07 06:01:00,0.5,2020/12/07 05:59:00,0.0,0.0,3.12,9.5,-0.2,3,2020/12/07 12:00:00,10.0,19.1,20.0,20.0,20.2,20.7,21.5,23.5,,
2020-12-08,8,1018.2,1020.8,1019.7,2020/12/08 09:28:00,1016.6,2020/12/08 14:50:00,17.7,18.5,2020/12/08 09:45:00,16.8,2020/12/08 04:59:00,15.8,89,79,2020/12/08 18:34:00,8.9,50,19.0,60,2020/12/08 04:38:00,6.0,8.1,1.5,2020/12/08 22:13:00,2.5,2020/12/08 21:27:00,0.0,0.0,3.29,12.2,/,2,2020/12/08 13:00:00,10.0,18.0,19.6,19.7,20.0,20.8,21.5,23.3,,
2020-12-09,9,1015.3,1017.9,1018.2,2020/12/09 09:07:00,1012.3,2020/12/09 15:20:00,18.8,21.2,2020/12/09 13:41:00,17.0,2020/12/09 02:59:00,17.4,92,84,2020/12/09 13:55:00,7.3,40,16.2,50,2020/12/09 08:32:00,21.0,10.5,2.0,2020/12/09 06:21:00,4.0,2020/12/09 06:05:00,0.2,1.9,5.69,12.3,-0.4,3,2020/12/09 12:00:00,10.0,18.7,19.4,19.4,19.7,20.4,21.4,23.2,,
2020-12-10,10,1014.3,1016.9,1016.1,2020/12/10 07:44:00,1012.0,2020/12/10 14:59:00,19.9,20.8,2020/12/10 12:43:00,19.3,2020/12/10 20:29:00,18.7,93,88,2020/12/10 14:38:00,7.8,40,17.4,50,2020/12/10 20:31:00,0.5,2.1,0.5,2020/12/10 00:17:00,0.5,2020/12/10 00:01:00,0.0,0.0,3.93,13.5,-1.0,2,2020/12/10 13:00:00,10.0,19.8,20.4,20.4,20.4,20.8,21.4,23.1,,
2020-12-11,11,1013.8,1016.4,1015.4,2020/12/11 08:50:00,1011.7,2020/12/11 14:25:00,19.6,21.0,2020/12/11 13:55:00,18.8,2020/12/11 04:57:00,17.6,89,80,2020/12/11 23:50:00,6.4,40,14.0,50,2020/12/11 01:28:00,0.5,2.8,0.5,2020/12/11 15:49:00,0.5,2020/12/11 14:59:00,0.0,0.0,3.18,11.7,-0.7,2,2020/12/11 14:00:00,10.0,19.7,20.5,20.5,20.5,20.9,21.5,23.1,,
2020-12-12,12,1013.9,1016.5,1016.0,2020/12/12 08:32:00,1012.3,2020/12/12 14:36:00,19.1,20.2,2020/12/12 02:06:00,17.6,2020/12/12 23:57:00,15.0,77,70,2020/12/12 15:05:00,6.6,40,14.2,40,2020/12/12 11:55:00,0.0,0.0,0.0,--,0.0,--,0.0,0.0,3.64,11.0,2.2,2,2020/12/12 13:00:00,9.7,18.9,20.2,20.3,20.5,21.0,21.6,23.1,,
2020-12-13,13,1013.8,1016.4,1015.5,2020/12/13 08:51:00,1012.6,2020/12/13 15:06:00,18.9,21.9,2020/12/13 10:45:00,16.4,2020/12/13 04:19:00,15.7,82,72,2020/12/13 09:00:00,4.1,40,11.3,50,2020/12/13 00:01:00,0.0,0.0,0.0,--,0.0,--,1.1,10.4,6.87,9.2,-0.9,4,2020/12/13 11:00:00,7.5,19.1,20.0,20.0,20.2,20.8,21.5,23.0,,
2020-12-14,14,1018.0,1020.6,1021.1,2020/12/14 23:44:00,1013.6,2020/12/14 01:24:00,16.5,19.8,2020/12/14 03:02:00,14.6,2020/12/14 23:52:00,14.0,86,80,2020/12/14 05:36:00,9.4,40,20.0,40,2020/12/14 07:58:00,3.0,9.6,0.5,2020/12/14 07:04:00,1.0,2020/12/14 17:06:00,0.0,0.0,3.25,9.2,/,2,2020/12/14 13:00:00,10.0,17.8,19.4,19.5,19.9,20.6,21.5,22.9,,
2020-12-15,15,1020.7,1023.3,1022.9,2020/12/15 08:50:00,1018.9,2020/12/15 13:40:00,15.1,16.3,2020/12/15 12:58:00,13.8,2020/12/15 04:48:00,12.9,87,80,2020/12/15 12:27:00,9.3,50,19.4,40,2020/12/15 02:33:00,5.5,8.8,1.0,2020/12/15 18:53:00,1.0,2020/12/15 00:45:00,0.0,0.0,1.78,9.7,-0.1,2,2020/12/15 12:00:00,10.0,16.5,17.9,18.3,18.9,19.8,21.1,22.9,,
2020-12-16,16,1021.3,1023.9,1023.2,2020/12/16 09:18:00,1019.8,2020/12/16 15:21:00,15.5,16.5,2020/12/16 09:58:00,14.6,2020/12/16 05:03:00,12.8,84,78,2020/12/16 10:26:00,9.4,50,19.7,50,2020/12/16 22:37:00,1.5,5.1,0.5,2020/12/16 04:36:00,0.5,2020/12/16 03:46:00,0.0,0.0,3.82,12.7,-0.6,2,2020/12/16 12:00:00,9.5,16.4,17.8,18.0,18.6,19.2,20.6,22.7,,
2020-12-17,17,1019.0,1021.6,1021.7,2020/12/17 07:27:00,1016.5,2020/12/17 14:39:00,17.0,19.7,2020/12/17 13:36:00,15.0,2020/12/17 02:22:00,13.2,78,67,2020/12/17 12:37:00,8.1,50,18.5,50,2020/12/17 12:36:00,0.0,0.0,0.0,--,0.0,--,3.2,30.4,10.53,19.7,-1.6,5,2020/12/17 13:00:00,6.8,16.9,17.9,17.9,18.2,19.1,20.3,22.6,,
2020-12-18,18,1018.7,1021.3,1020.3,2020/12/18 21:44:00,1017.0,2020/12/18 14:51:00,17.7,19.8,2020/12/18 12:08:00,16.0,2020/12/18 02:01:00,16.5,93,79,2020/12/18 00:01:00,5.6,40,14.0,50,2020/12/18 21:16:00,3.5,6.6,0.5,2020/12/18 07:18:00,1.0,2020/12/18 06:47:00,0.0,0.0,4.11,8.3,-0.5,3,2020/12/18 13:00:00,9.8,18.1,18.6,18.6,18.7,19.3,20.1,22.3,,
2020-12-19,19,1022.3,1024.9,1024.4,2020/12/19 09:11:00,1020.0,2020/12/19 00:22:00,15.2,17.4,2020/12/19 00:01:00,13.7,2020/12/19 06:18:00,13.4,89,76,2020/12/19 22:13:00,9.5,40,19.3,50,2020/12/19 10:38:00,6.5,12.8,0.5,2020/12/19 04:05:00,2.0,2020/12/19 03:58:00,0.0,0.0,0.15,7.0,-0.8,1,2020/12/19 14:00:00,9.7,16.4,17.9,18.0,18.5,19.2,20.2,22.2,,
2020-12-20,20,1021.9,1024.5,1023.8,2020/12/20 09:30:00,1020.5,2020/12/20 14:19:00,16.2,18.2,2020/12/20 12:10:00,15.4,2020/12/20 05:16:00,12.4,79,73,2020/12/20 11:42:00,9.8,50,20.3,50,2020/12/20 15:35:00,1.0,1.2,0.5,2020/12/20 05:10:00,1.0,2020/12/20 04:36:00,0.6,5.7,5.53,16.3,-0.8,5,2020/12/20 13:00:00,9.3,16.2,17.5,17.5,17.9,18.8,20.0,22.0,,
2020-12-21,21,1020.2,1022.8,1022.3,2020/12/21 07:44:00,1018.0,2020/12/21 14:03:00,16.0,17.4,2020/12/21 14:07:00,14.3,2020/12/21 06:31:00,12.5,80,71,2020/12/21 14:06:00,8.4,60,17.2,60,2020/12/21 19:23:00,1.0,2.5,0.5,2020/12/21 05:45:00,1.0,2020/12/21 05:29:00,0.0,0.0,5.64,17.3,1.8,3,2020/12/21 11:00:00,8.5,16.2,17.4,17.4,17.8,18.5,19.6,21.8,,
2020-12-22,22,1016.7,1019.3,1019.9,2020/12/22 08:46:00,1013.5,2020/12/22 15:16:00,18.5,21.7,2020/12/22 13:48:00,16.1,2020/12/22 01:40:00,15.2,81,73,2020/12/22 11:02:00,9.9,50,20.1,50,2020/12/22 01:43:00,0.0,0.0,0.0,--,0.0,--,6.0,56.9,12.45,15.0,-1.0,5,2020/12/22 12:00:00,6.0,17.7,18.1,18.1,18.1,18.6,19.5,21.6,,
2020-12-23,23,1014.2,1016.8,1016.8,2020/12/23 10:04:00,1012.7,2020/12/23 14:48:00,18.4,19.7,2020/12/23 02:07:00,17.1,2020/12/23 15:53:00,17.3,93,80,2020/12/23 02:57:00,3.2,30,16.3,50,2020/12/23 00:24:00,19.5,12.9,2.0,2020/12/23 08:48:00,4.5,2020/12/23 06:45:00,0.0,0.0,1.94,9.3,-0.2,1,2020/12/23 13:00:00,10.0,18.5,18.9,19.0,19.0,19.2,19.7,21.5,,
2020-12-24,24,1014.8,1017.4,1017.1,2020/12/24 21:07:00,1012.9,2020/12/24 00:39:00,17.4,18.1,2020/12/24 00:33:00,16.5,2020/12/24 12:30:00,14.5,84,69,2020/12/24 19:09:00,6.5,40,15.4,20,2020/12/24 12:00:00,2.5,5.3,0.5,2020/12/24 00:26:00,0.5,2020/12/24 00:01:00,0.0,0.0,2.76,10.7,-1.9,2,2020/12/24 14:00:00,10.0,17.5,18.7,18.8,19.0,19.4,20.0,21.4,,
2020-12-25,25,1017.2,1019.8,1019.0,2020/12/25 07:55:00,1015.7,2020/12/25 14:09:00,17.4,19.5,2020/12/25 13:00:00,15.7,2020/12/25 08:02:00,12.6,73,65,2020/12/25 13:08:00,7.7,50,15.4,50,2020/12/25 05:21:00,T,2.7,T,2020/12/25 07:15:00,T,2020/12/25 07:15:00,1.7,16.1,8.78,13.2,2.3,4,2020/12/25 12:00:00,9.8,17.1,18.3,18.2,18.7,19.3,20.0,21.4,,
2020-12-26,26,1016.5,1019.0,1019.0,2020/12/26 09:06:00,1013.9,2020/12/26 15:19:00,19.2,22.7,2020/12/26 12:19:00,16.0,2020/12/26 07:06:00,16.1,82,72,2020/12/26 10:57:00,2.8,30,10.7,60,2020/12/26 00:13:00,0.0,0.0,0.0,--,0.0,--,7.6,72.1,13.89,14.5,2.7,5,2020/12/26 13:00:00,6.2,18.6,18.9,18.8,18.7,19.2,19.9,21.4,,
2020-12-27,27,1014.7,1017.2,1016.0,2020/12/27 23:39:00,1012.7,2020/12/27 15:32:00,18.8,20.4,2020/12/27 09:11:00,17.8,2020/12/27 05:12:00,16.5,87,73,2020/12/27 23:57:00,3.3,40,8.7,50,2020/12/27 15:30:00,0.0,0.0,0.0,--,0.0,--,0.3,2.8,3.93,9.3,-0.8,2,2020/12/27 14:00:00,9.5,18.9,19.4,19.4,19.3,19.6,20.0,21.3,,
2020-12-28,28,1012.6,1015.2,1015.5,2020/12/28 10:24:00,1010.3,2020/12/28 15:41:00,19.9,22.2,2020/12/28 13:04:00,18.3,2020/12/28 02:18:00,15.1,74,66,2020/12/28 13:59:00,6.7,60,18.6,60,2020/12/28 11:58:00,0.5,1.5,0.5,2020/12/28 11:32:00,0.5,2020/12/28 11:13:00,1.2,11.4,7.49,15.7,-2.2,4,2020/12/28 13:00:00,8.7,18.8,19.3,19.4,19.5,19.8,20.2,21.4,,
2020-12-29,29,1012.2,1014.8,1014.8,2020/12/29 23:49:00,1010.7,2020/12/29 13:43:00,19.2,21.3,2020/12/29 10:48:00,18.2,2020/12/29 05:05:00,17.1,88,76,2020/12/29 00:01:00,2.9,40,10.1,30,2020/12/29 23:51:00,0.0,0.0,0.0,--,0.0,--,0.1,0.9,5.39,9.0,-0.7,3,2020/12/29 11:00:00,9.8,19.4,19.8,19.8,19.7,19.9,20.2,21.4,,
2020-12-30,30,1023.7,1026.4,1026.8,2020/12/30 23:24:00,1014.8,2020/12/30 00:01:00,11.0,19.4,2020/12/30 00:10:00,9.4,2020/12/30 19:57:00,6.3,73,56,2020/12/30 23:18:00,9.6,40,21.9,40,2020/12/30 04:13:00,1.0,3.8,0.5,2020/12/30 04:10:00,0.5,2020/12/30 04:10:00,0.7,6.6,2.95,10.8,-2.1,2,2020/12/30 15:00:00,8.8,14.6,17.2,17.6,18.5,19.5,20.3,21.5,,
2020-12-31,31,1026.5,1029.2,1028.6,2020/12/31 08:47:00,1024.6,2020/12/31 14:23:00,9.0,10.7,2020/12/31 23:08:00,6.9,2020/12/31 06:44:00,2.2,62,54,2020/12/31 02:06:00,8.0,50,18.1,40,2020/12/31 19:31:00,0.0,0.0,0.0,--,0.0,--,0.1,0.9,0.18,17.3,2.1,1,2020/12/31 13:00:00,9.5,12.3,14.7,14.9,16.2,17.7,19.6,21.5,,
2021-01-01,1,1022.3,1024.9,1024.9,2021/01/01 00:01:00,1019.6,2021/01/01 15:15:00,13.1,15.4,2021/01/01 12:33:00,10.3,2021/01/01 00:04:00,7.0,67,58,2021/01/01 09:47:00,6.6,60,15.6,40,2021/01/01 13:35:00,0.0,0.0,0.0,--,0.0,--,2.6,24.6,10.67,16.7,3.1,X,2021/01/01 10:00:00,7.8,12.9,13.5,14.2,14.8,16.5,17.4,20.3,,
2021-01-02,2,1020.6,1023.2,1022.8,2021/01/02 04:29:00,1018.9,2021/01/02 15:09:00,14.4,17.2,2021/01/02 11:48:00,12.8,2021/01/02 06:53:00,9.7,73,61,2021/01/02 11:52:00,7.7,60,17.8,30,2021/01/02 13:45:00,0.0,0.0,0.0,--,0.0,--,4.3,40.6,12.44,17.3,4.0,X,2021/01/02 10:00:00,6.7,14.0,14.4,14.9,15.4,16.7,17.1,19.9,,
2021-01-03,3,1020.0,1022.6,1021.6,2021/01/03 06:01:00,1017.8,2021/01/03 14:57:00,17.2,20.5,2021/01/03 11:50:00,14.0,2021/01/03 00:07:00,13.2,78,64,2021/01/03 10:27:00,6.2,40,15.8,40,2021/01/03 14:27:00,0.0,0.0,0.0,--,0.0,--,9.9,93.5,15.6,18.7,-2.5,X,2021/01/03 10:00:00,4.0,15.8,15.6,15.7,15.8,17.0,17.1,19.7,,
2021-01-04,4,1018.6,1021.2,1020.9,2021/01/04 00:01:00,1016.2,2021/01/04 13:44:00,16.6,17.6,2021/01/04 13:40:00,15.6,2021/01/04 04:46:00,15.6,94,89,2021/01/04 00:01:00,6.8,40,17.2,30,2021/01/04 11:05:00,3.5,6.3,0.5,2021/01/04 02:00:00,1.0,2021/01/04 21:45:00,0.0,0.0,2.71,7.5,-0.6,X,2021/01/04 10:00:00,10.0,16.2,16.2,16.5,16.6,17.6,17.5,19.5,,
2021-01-05,5,1018.4,1021.0,1020.0,2021/01/05 20:47:00,1016.6,2021/01/05 13:35:00,15.6,16.8,2021/01/05 10:46:00,14.0,2021/01/05 21:52:00,14.1,91,84,2021/01/05 12:24:00,7.9,40,17.2,40,2021/01/05 22:13:00,3.5,5.8,0.5,2021/01/05 06:44:00,1.0,2021/01/05 06:35:00,0.0,0.0,3.88,9.3,-1.2,X,2021/01/05 10:00:00,9.8,15.7,16.0,16.5,16.8,17.8,17.7,19.5,,
2021-01-06,6,1017.3,1019.9,1019.6,2021/01/06 01:14:00,1014.4,2021/01/06 14:15:00,14.3,15.7,2021/01/06 09:56:00,13.4,2021/01/06 18:53:00,12.7,90,83,2021/01/06 09:26:00,8.2,50,18.2,40,2021/01/06 13:43:00,7.0,11.8,1.0,2021/01/06 04:57:00,2.0,2021/01/06 04:22:00,0.0,0.0,3.18,8.7,-0.7,X,2021/01/06 10:00:00,10.0,14.7,15.2,15.8,16.2,17.5,17.7,19.5,,
2021-01-07,7,1020.3,1022.9,1023.6,2021/01/07 23:58:00,1017.1,2021/01/07 02:28:00,11.1,13.8,2021/01/07 00:09:00,8.5,2021/01/07 23:55:00,9.7,91,86,2021/01/07 22:17:00,10.5,40,22.2,60,2021/01/07 17:08:00,16.5,18.4,1.0,2021/01/07 03:02:00,2.5,2021/01/07 02:27:00,0.0,0.0,1.47,6.5,-1.3,X,2021/01/07 10:00:00,10.0,12.6,13.7,14.7,15.4,16.9,17.3,19.4,,
2021-01-08,8,1023.7,1026.4,1024.7,2021/01/08 08:59:00,1022.5,2021/01/08 14:33:00,7.4,8.2,2021/01/08 19:17:00,6.3,2021/01/08 03:59:00,3.4,77,62,2021/01/08 19:01:00,7.8,40,20.5,50,2021/01/08 00:26:00,3.0,7.3,0.5,2021/01/08 00:41:00,1.0,2021/01/08 00:09:00,0.0,0.0,0.69,11.5,-1.0,X,2021/01/08 10:00:00,10.0,9.7,11.2,12.6,13.7,15.6,16.5,19.2,,
2021-01-09,9,1023.3,1026.0,1024.8,2021/01/09 09:19:00,1021.3,2021/01/09 14:11:00,8.4,10.1,2021/01/09 13:04:00,7.5,2021/01/09 00:11:00,2.0,64,59,2021/01/09 03:31:00,6.6,70,16.2,60,2021/01/09 13:42:00,0.0,0.0,0.0,--,0.0,--,1.6,15.0,6.61,17.3,1.7,X,2021/01/09 10:00:00,8.5,9.8,10.9,11.9,12.7,14.6,15.6,18.9,,
2021-01-10,10,1020.8,1023.6,1023.1,2021/01/10 01:01:00,1018.5,2021/01/10 15:05:00,12.2,16.0,2021/01/10 11:33:00,8.7,2021/01/10 01:36:00,5.7,65,54,2021/01/10 11:34:00,7.1,60,17.3,50,2021/01/10 12:42:00,T,0.6,T,2021/01/10 23:02:00,T,2021/01/10 23:02:00,2.8,26.3,10.29,18.7,-1.2,X,2021/01/10 10:00:00,7.2,11.2,11.5,12.1,12.7,14.3,15.1,18.6,,
2021-01-11,11,1021.8,1024.5,1023.6,2021/01/11 21:43:00,1020.3,2021/01/11 00:10:00,10.7,12.4,2021/01/11 00:01:00,8.7,2021/01/11 23:48:00,8.5,86,75,2021/01/11 16:13:00,6.5,40,15.5,40,2021/01/11 11:51:00,6.5,20.7,0.5,2021/01/11 04:55:00,1.5,2021/01/11 07:47:00,0.0,0.0,0.67,7.8,-0.2,X,2021/01/11 10:00:00,10.0,11.4,12.0,12.7,13.2,14.6,15.1,18.2,,
2021-01-12,12,1020.6,1023.3,1023.3,2021/01/12 00:02:00,1018.6,2021/01/12 15:00:00,9.7,12.9,2021/01/12 13:21:00,8.0,2021/01/12 04:24:00,4.6,71,54,2021/01/12 12:14:00,4.4,40,11.3,40,2021/01/12 15:05:00,1.0,3.1,0.5,2021/01/12 00:01:00,0.5,2021/01/12 00:01:00,6.0,56.2,11.58,11.5,2.4,X,2021/01/12 10:00:00,5.0,10.8,11.6,12.3,12.8,14.3,14.9,17.9,,
2021-01-13,13,1017.0,1019.6,1018.8,2021/01/13 00:01:00,1013.7,2021/01/13 15:01:00,12.1,17.6,2021/01/13 14:59:00,6.8,2021/01/13 05:31:00,6.3,69,48,2021/01/13 10:51:00,3.1,70,8.8,80,2021/01/13 09:33:00,0.0,0.0,0.0,--,0.0,--,10.2,95.5,16.55,16.2,2.1,X,2021/01/13 10:00:00,0.2,11.4,11.9,12.4,12.8,14.2,14.7,17.7,,
2021-01-14,14,1014.8,1017.5,1016.8,2021/01/14 00:41:00,1013.2,2021/01/14 14:03:00,13.5,19.6,2021/01/14 15:13:00,7.5,2021/01/14 06:53:00,8.5,74,46,2021/01/14 11:27:00,2.4,100,7.1,20,2021/01/14 13:55:00,0.0,0.0,0.0,--,0.0,--,10.3,96.3,16.4,20.3,1.5,X,2021/01/14 10:00:00,0.0,12.2,12.6,13.0,13.2,14.5,14.7,17.5,,
2021-01-15,15,1013.6,1016.3,1015.4,2021/01/15 07:59:00,1011.0,2021/01/15 15:12:00,13.9,19.3,2021/01/15 14:39:00,8.2,2021/01/15 05:08:00,11.2,85,60,2021/01/15 14:50:00,2.2,170,7.6,30,2021/01/15 16:04:00,0.0,0.0,0.0,--,0.0,--,10.1,94.3,15.96,13.7,2.4,6,2021/01/15 12:00:00,0.2,12.5,12.8,13.1,13.4,14.6,14.9,17.4,,
2021-01-16,16,1015.7,1018.3,1020.6,2021/01/16 23:57:00,1012.8,2021/01/16 04:45:00,16.5,21.1,2021/01/16 10:32:00,13.1,2021/01/16 00:28:00,12.4,77,57,2021/01/16 10:18:00,9.0,50,22.5,40,2021/01/16 15:57:00,T,1.0,T,2021/01/16 20:40:00,T,2021/01/16 20:40:00,6.9,64.4,13.69,17.2,-4.0,6,2021/01/16 12:00:00,5.2,14.6,14.3,14.3,14.2,15.2,15.1,17.3,,
2021-01-17,17,1022.9,1025.5,1025.0,2021/01/17 09:44:00,1020.6,2021/01/17 00:01:00,13.3,15.0,2021/01/17 01:16:00,12.3,2021/01/17 13:54:00,8.6,73,61,2021/01/17 23:30:00,9.8,50,20.9,40,2021/01/17 07:50:00,0.5,5.2,0.5,2021/01/17 08:15:00,0.5,2021/01/17 08:01:00,0.0,0.0,1.49,12.7,-1.6,1,2021/01/17 12:00:00,10.0,12.6,13.3,14.0,14.3,15.5,15.5,17.3,,
2021-01-18,18,1020.3,1022.9,1022.6,2021/01/18 00:01:00,1018.0,2021/01/18 14:47:00,13.7,16.0,2021/01/18 11:40:00,11.6,2021/01/18 04:15:00,7.5,66,57,2021/01/18 11:43:00,8.0,60,18.8,50,2021/01/18 14:04:00,0.0,0.0,0.0,--,0.0,--,8.5,79.1,14.64,14.0,3.7,6,2021/01/18 13:00:00,3.5,12.8,13.1,13.6,13.9,15.2,15.4,17.4,,
2021-01-19,19,1017.3,1019.9,1018.8,2021/01/19 00:01:00,1015.6,2021/01/19 14:22:00,16.6,21.1,2021/01/19 13:40:00,13.3,2021/01/19 00:10:00,9.6,64,48,2021/01/19 13:23:00,6.5,70,16.2,70,2021/01/19 09:01:00,0.0,0.0,0.0,--,0.0,--,10.1,93.9,15.88,18.0,3.1,6,2021/01/19 13:00:00,0.0,14.4,14.0,14.1,14.2,15.3,15.3,17.4,,
2021-01-20,20,1014.8,1017.4,1016.7,2021/01/20 00:01:00,1012.5,2021/01/20 14:38:00,18.9,26.2,2021/01/20 14:30:00,11.9,2021/01/20 06:27:00,14.3,76,50,2021/01/20 14:16:00,2.6,100,9.1,90,2021/01/20 09:53:00,0.0,0.0,0.0,--,0.0,--,10.2,94.7,16.28,18.0,2.6,7,2021/01/20 13:00:00,2.8,15.8,15.3,15.2,15.1,15.9,15.7,17.4,,
2021-01-21,21,1012.7,1015.3,1014.8,2021/01/21 09:10:00,1010.6,2021/01/21 23:30:00,18.2,22.0,2021/01/21 08:40:00,14.7,2021/01/21 02:40:00,16.5,90,65,2021/01/21 08:42:00,1.9,50,6.6,360,2021/01/21 13:45:00,0.0,0.0,0.0,--,0.0,--,2.7,25.0,11.34,14.3,2.1,5,2021/01/21 13:00:00,7.8,16.8,16.2,16.2,16.0,16.7,16.2,17.4,,
2021-01-22,22,1009.0,1011.5,1010.8,2021/01/22 00:16:00,1007.1,2021/01/22 14:51:00,19.5,24.6,2021/01/22 10:46:00,17.7,2021/01/22 00:01:00,18.3,93,75,2021/01/22 10:48:00,4.5,40,14.1,30,2021/01/22 13:31:00,T,0.8,T,2021/01/22 17:20:00,T,2021/01/22 17:20:00,2.7,25.0,10.32,11.6,-1.4,5,2021/01/22 11:00:00,8.7,18.0,17.3,17.1,16.9,17.4,16.7,17.6,,
2021-01-23,23,1011.7,1014.3,1015.7,2021/01/23 23:53:00,1008.6,2021/01/23 01:07:00,17.5,19.6,2021/01/23 13:41:00,16.7,2021/01/23 19:18:00,16.5,94,85,2021/01/23 13:42:00,4.9,40,12.4,30,2021/01/23 23:31:00,0.5,2.1,0.5,2021/01/23 06:49:00,0.5,2021/01/23 06:49:00,0.2,1.8,6.08,6.8,2.1,5,2021/01/23 13:00:00,9.2,17.3,17.3,17.4,17.3,17.9,17.3,17.8,,
2021-01-24,24,1016.0,1018.6,1017.3,2021/01/24 09:13:00,1014.5,2021/01/24 04:24:00,16.8,19.1,2021/01/24 11:10:00,15.6,2021/01/24 16:21:00,12.8,77,68,2021/01/24 11:11:00,8.4,50,19.4,50,2021/01/24 11:02:00,0.0,0.0,0.0,--,0.0,--,6.1,56.3,13.83,10.5,5.5,6,2021/01/24 12:00:00,5.3,16.1,16.3,16.8,16.9,17.8,17.4,18.1,,
2021-01-25,25,1016.2,1018.8,1018.6,2021/01/25 09:39:00,1014.7,2021/01/25 15:02:00,16.1,17.5,2021/01/25 11:53:00,14.4,2021/01/25 23:47:00,13.7,86,75,2021/01/25 00:45:00,4.9,40,11.0,20,2021/01/25 09:07:00,0.0,0.0,0.0,--,0.0,--,0.0,0.0,7.11,10.5,0.9,3,2021/01/25 12:00:00,8.8,16.0,16.2,16.5,16.7,17.6,17.4,18.2,,
2021-01-26,26,1015.0,1017.6,1016.2,2021/01/26 23:53:00,1013.8,2021/01/26 14:52:00,16.8,20.2,2021/01/26 10:13:00,14.3,2021/01/26 00:06:00,15.3,91,75,2021/01/26 10:14:00,4.9,40,13.8,40,2021/01/26 22:26:00,T,0.3,T,2021/01/26 20:22:00,T,2021/01/26 20:22:00,2.2,20.2,9.78,7.5,-2.2,5,2021/01/26 11:00:00,9.8,16.5,16.3,16.5,16.6,17.6,17.4,18.3,,
2021-01-27,27,1015.7,1018.3,1017.2,2021/01/27 09:03:00,1013.6,2021/01/27 14:55:00,17.1,19.2,2021/01/27 12:38:00,16.2,2021/01/27 04:54:00,14.4,84,76,2021/01/27 12:22:00,6.6,40,15.0,40,2021/01/27 09:41:00,T,0.4,T,2021/01/27 00:08:00,T,2021/01/27 00:08:00,0.1,0.9,6.14,12.5,2.2,5,2021/01/27 13:00:00,10.0,16.5,16.5,16.8,16.9,17.8,17.5,18.4,,
2021-01-28,28,1019.6,1022.2,1022.2,2021/01/28 22:06:00,1016.3,2021/01/28 00:01:00,14.9,17.3,2021/01/28 00:01:00,13.3,2021/01/28 12:12:00,10.8,77,58,2021/01/28 22:54:00,6.0,30,16.6,50,2021/01/28 19:47:00,T,0.9,T,2021/01/28 11:49:00,T,2021/01/28 11:49:00,0.0,0.0,2.7,14.3,-2.8,1,2021/01/28 12:00:00,9.5,15.0,15.6,16.3,16.6,17.7,17.5,18.5,,
2021-01-29,29,1021.0,1023.6,1022.7,2021/01/29 07:08:00,1019.4,2021/01/29 14:10:00,14.7,17.0,2021/01/29 12:55:00,13.4,2021/01/29 03:07:00,6.4,57,46,2021/01/29 10:35:00,9.2,60,21.9,70,2021/01/29 12:31:00,0.0,0.0,0.0,--,0.0,--,8.6,78.7,15.8,11.7,5.3,6,2021/01/29 13:00:00,3.0,14.1,14.2,15.1,15.5,16.9,17.2,18.5,,
2021-01-30,30,1019.7,1022.3,1021.5,2021/01/30 08:36:00,1017.4,2021/01/30 14:13:00,17.3,23.5,2021/01/30 13:39:00,13.1,2021/01/30 06:46:00,9.6,62,39,2021/01/30 13:40:00,3.7,70,13.5,60,2021/01/30 01:19:00,0.0,0.0,0.0,--,0.0,--,9.2,84.1,16.43,13.3,3.8,7,2021/01/30 13:00:00,2.5,16.4,15.5,15.7,15.8,16.8,16.9,18.5,,
2021-01-31,31,1019.4,1022.0,1021.7,2021/01/31 09:52:00,1017.5,2021/01/31 15:30:00,14.8,18.6,2021/01/31 15:51:00,10.2,2021/01/31 05:20:00,11.9,83,62,2021/01/31 15:51:00,1.6,280,5.8,260,2021/01/31 13:16:00,0.0,0.0,0.0,--,0.0,--,10.0,91.3,16.28,9.8,2.3,7,2021/01/31 13:00:00,0.8,15.8,15.5,15.9,16.1,17.2,17.0,18.4,,
2021-02-01,1,1017.0,1019.6,1019.1,2021/02/01 09:14:00,1015.5,2021/02/01 14:48:00,13.6,17.9,2021/02/01 14:44:00,11.3,2021/02/01 02:54:00,12.0,90,71,2021/02/01 18:09:00,1.8,230,6.1,260,2021/02/01 10:43:00,0.0,0.0,0.0,--,0.0,--,5.8,52.8,13.5,6.8,2.1,7,2021/02/01 13:00:00,0.0,15.4,15.5,16.0,16.2,17.3,17.2,18.4,,
2021-02-02,2,1019.3,1021.9,1021.1,2021/02/02 09:43:00,1016.6,2021/02/02 00:01:00,15.7,20.6,2021/02/02 11:55:00,10.5,2021/02/02 03:17:00,12.1,80,65,2021/02/02 11:56:00,6.6,50,19.3,40,2021/02/02 16:53:00,0.0,0.0,0.0,--,0.0,--,3.4,30.9,11.04,7.2,3.7,6,2021/02/02 13:00:00,5.8,15.3,15.4,15.8,16.1,17.2,17.2,18.4,,
2021-02-03,3,1019.3,1021.8,1020.9,2021/02/03 09:00:00,1016.8,2021/02/03 13:44:00,17.9,24.4,2021/02/03 13:34:00,14.3,2021/02/03 23:41:00,10.7,64,43,2021/02/03 12:09:00,5.4,60,16.3,50,2021/02/03 02:56:00,0.0,0.0,0.0,--,0.0,--,9.5,86.3,16.48,14.7,4.4,6,2021/02/03 13:00:00,1.0,16.8,16.1,16.3,16.4,17.4,17.2,18.4,,
2021-02-04,4,1018.7,1021.3,1020.6,2021/02/04 09:08:00,1016.9,2021/02/04 15:23:00,18.4,23.9,2021/02/04 10:46:00,13.0,2021/02/04 03:13:00,12.9,71,51,2021/02/04 10:43:00,5.5,60,16.5,40,2021/02/04 14:41:00,0.0,0.0,0.0,--,0.0,--,10.2,92.4,17.24,14.0,4.6,6,2021/02/04 13:00:00,1.0,17.3,16.5,16.7,16.7,17.6,17.4,18.5,,
2021-02-05,5,1016.5,1019.1,1018.3,2021/02/05 07:58:00,1015.1,2021/02/05 14:45:00,17.1,22.5,2021/02/05 11:33:00,14.2,2021/02/05 06:56:00,13.7,81,61,2021/02/05 11:38:00,2.5,60,7.6,270,2021/02/05 12:25:00,0.0,0.0,0.0,--,0.0,--,9.7,87.8,16.85,7.0,2.8,6,2021/02/05 13:00:00,1.7,17.3,17.0,17.2,17.3,18.1,17.6,18.5,,
2021-02-06,6,1015.6,1018.2,1017.4,2021/02/06 10:14:00,1014.4,2021/02/06 14:36:00,15.7,19.7,2021/02/06 14:24:00,12.8,2021/02/06 05:57:00,14.2,91,69,2021/02/06 14:25:00,2.5,20,9.5,320,2021/02/06 10:13:00,0.0,0.0,0.0,--,0.0,--,7.3,65.9,15.6,2.1,2.0,6,2021/02/06 13:00:00,2.8,16.7,16.8,17.1,17.3,18.2,17.8,18.7,,
2021-02-07,7,1015.5,1018.0,1017.6,2021/02/07 09:27:00,1013.6,2021/02/07 15:34:00,17.3,21.0,2021/02/07 17:01:00,14.0,2021/02/07 07:30:00,15.7,91,78,2021/02/07 13:49:00,2.9,40,9.9,40,2021/02/07 17:22:00,0.0,0.0,0.0,--,0.0,--,6.0,54.1,14.09,5.4,2.4,7,2021/02/07 13:00:00,2.0,18.0,17.6,17.7,17.7,18.5,18.0,18.8,,
2021-02-08,8,1017.8,1020.4,1021.0,2021/02/08 21:55:00,1014.9,2021/02/08 04:10:00,18.4,21.1,2021/02/08 08:34:00,16.1,2021/02/08 22:50:00,14.6,79,68,2021/02/08 12:16:00,8.2,50,20.6,60,2021/02/08 15:45:00,T,0.4,T,2021/02/08 09:35:00,T,2021/02/08 09:35:00,1.9,17.1,8.29,12.3,-4.3,4,2021/02/08 12:00:00,6.8,17.8,17.6,17.9,18.0,18.8,18.3,18.9,,
2021-02-09,9,1017.2,1019.8,1019.9,2021/02/09 00:01:00,1013.6,2021/02/09 23:56:00,17.5,20.6,2021/02/09 10:43:00,15.5,2021/02/09 04:09:00,12.8,74,58,2021/02/09 10:05:00,9.9,50,20.5,50,2021/02/09 11:16:00,0.0,0.0,0.0,--,0.0,--,4.2,37.7,12.75,17.3,3.6,5,2021/02/09 11:00:00,7.8,17.0,16.7,17.3,17.5,18.5,18.3,19.0,,
2021-02-10,10,1010.9,1013.4,1014.5,2021/02/10 00:27:00,1007.7,2021/02/10 16:00:00,18.4,22.7,2021/02/10 11:52:00,14.8,2021/02/10 06:40:00,15.6,84,62,2021/02/10 11:53:00,2.3,70,14.2,60,2021/02/10 00:13:00,20.5,7.1,2.0,2021/02/10 22:37:00,5.0,2021/02/10 17:25:00,4.8,43.0,12.23,11.8,/,6,2021/02/10 12:00:00,8.2,18.1,17.6,17.7,17.7,18.6,18.3,19.1,,
2021-02-11,11,1008.7,1011.3,1011.4,2021/02/11 22:36:00,1006.9,2021/02/11 02:06:00,16.9,21.4,2021/02/11 12:35:00,14.7,2021/02/11 19:14:00,16.5,97,81,2021/02/11 12:36:00,5.0,20,19.5,360,2021/02/11 20:30:00,29.5,12.8,1.5,2021/02/11 03:35:00,6.0,2021/02/11 03:27:00,0.0,0.0,4.7,8.8,-2.0,4,2021/02/11 13:00:00,10.0,17.3,17.5,17.8,17.9,18.8,18.4,19.1,,
2021-02-12,12,1012.0,1014.6,1014.1,2021/02/12 22:40:00,1009.8,2021/02/12 04:49:00,17.7,19.5,2021/02/12 11:25:00,15.9,2021/02/12 00:01:00,16.5,92,86,2021/02/12 19:45:00,6.6,20,14.3,10,2021/02/12 12:10:00,1.0,5.1,0.5,2021/02/12 05:52:00,0.5,2021/02/12 05:52:00,3.3,29.5,13.65,10.5,-2.1,8,2021/02/12 13:00:00,9.8,17.5,17.4,17.7,17.8,18.7,18.4,19.2,,
2021-02-13,13,1014.0,1016.6,1015.6,2021/02/13 08:32:00,1012.6,2021/02/13 14:37:00,17.7,19.1,2021/02/13 12:16:00,17.0,2021/02/13 05:23:00,16.7,94,87,2021/02/13 00:01:00,6.0,40,16.0,50,2021/02/13 14:30:00,2.5,6.0,0.5,2021/02/13 01:30:00,1.5,2021/02/13 01:30:00,1.0,8.9,9.29,11.2,-1.2,5,2021/02/13 12:00:00,10.0,17.7,17.7,18.0,18.1,18.9,18.5,19.2,,
2021-02-14,14,1012.1,1014.7,1014.0,2021/02/14 09:38:00,1010.7,2021/02/14 14:50:00,17.0,19.5,2021/02/14 11:03:00,13.9,2021/02/14 22:54:00,15.9,93,84,2021/02/14 11:21:00,2.7,40,9.9,40,2021/02/14 00:08:00,0.0,0.0,0.0,--,0.0,--,0.1,0.9,8.88,10.7,1.6,5,2021/02/14 13:00:00,8.3,17.5,17.8,18.1,18.2,19.0,18.6,19.2,,
2021-02-15,15,1013.1,1015.7,1014.7,2021/02/15 09:19:00,1011.8,2021/02/15 13:34:00,17.4,21.1,2021/02/15 11:08:00,13.4,2021/02/15 00:55:00,14.2,82,67,2021/02/15 15:28:00,5.6,40,17.7,40,2021/02/15 16:36:00,0.0,0.0,0.0,--,0.0,--,8.9,79.0,18.79,10.8,4.9,8,2021/02/15 13:00:00,0.3,17.3,17.3,17.7,17.8,18.8,18.6,19.3,,
2021-02-16,16,1013.6,1016.1,1016.3,2021/02/16 23:36:00,1011.6,2021/02/16 14:28:00,18.5,22.5,2021/02/16 12:37:00,16.6,2021/02/16 18:53:00,14.3,77,62,2021/02/16 11:45:00,3.2,60,11.2,80,2021/02/16 00:05:00,0.0,0.0,0.0,--,0.0,--,7.0,62.0,16.48,11.3,-3.0,7,2021/02/16 13:00:00,8.3,17.9,17.8,18.0,18.1,18.9,18.6,19.3,,
2021-02-17,17,1019.8,1022.4,1022.7,2021/02/17 23:25:00,1016.2,2021/02/17 00:01:00,15.2,18.3,2021/02/17 13:32:00,12.6,2021/02/17 08:53:00,9.6,70,47,2021/02/17 13:09:00,7.8,50,18.3,60,2021/02/17 13:53:00,0.5,1.4,0.5,2021/02/17 09:10:00,0.5,2021/02/17 09:01:00,3.6,31.8,10.28,11.0,-4.5,6,2021/02/17 13:00:00,7.7,15.4,16.4,17.4,17.9,19.0,18.7,19.4,,
2021-02-18,18,1024.2,1026.8,1026.4,2021/02/18 09:01:00,1022.4,2021/02/18 00:22:00,13.6,16.3,2021/02/18 11:49:00,11.6,2021/02/18 23:59:59,5.0,56,39,2021/02/18 12:16:00,7.4,50,18.9,30,2021/02/18 16:20:00,0.0,0.0,0.0,--,0.0,--,10.4,91.8,20.09,19.0,5.7,7,2021/02/18 13:00:00,1.0,13.8,14.6,15.8,16.4,17.9,18.2,19.4,,
2021-02-19,19,1020.9,1023.5,1023.9,2021/02/19 00:01:00,1018.7,2021/02/19 15:21:00,14.3,18.2,2021/02/19 12:00:00,11.5,2021/02/19 02:34:00,7.0,62,48,2021/02/19 10:46:00,5.0,70,12.9,20,2021/02/19 11:57:00,0.0,0.0,0.0,--,0.0,--,9.6,84.6,18.24,16.0,3.7,7,2021/02/19 13:00:00,1.2,14.1,14.4,15.4,15.9,17.3,17.6,19.3,,
2021-02-20,20,1017.8,1020.4,1019.9,2021/02/20 09:26:00,1016.2,2021/02/20 14:36:00,14.0,19.1,2021/02/20 12:45:00,9.5,2021/02/20 01:58:00,11.5,85,64,2021/02/20 10:24:00,2.0,140,6.8,20,2021/02/20 11:24:00,0.0,0.0,0.0,--,0.0,--,10.3,90.5,19.31,13.5,2.5,7,2021/02/20 13:00:00,4.5,14.6,14.9,15.6,16.0,17.3,17.4,19.2,,
2021-02-21,21,1015.5,1018.1,1017.7,2021/02/21 09:50:00,1014.1,2021/02/21 18:03:00,15.5,20.3,2021/02/21 13:48:00,10.6,2021/02/21 03:35:00,11.0,77,47,2021/02/21 14:13:00,2.1,280,6.0,280,2021/02/21 14:02:00,0.0,0.0,0.0,--,0.0,--,10.4,91.2,18.97,8.2,3.6,7,2021/02/21 13:00:00,2.8,15.2,15.4,16.0,16.3,17.5,17.5,19.0,,
2021-02-22,22,1014.0,1016.5,1015.3,2021/02/22 09:24:00,1012.5,2021/02/22 14:47:00,18.3,23.7,2021/02/22 11:24:00,12.1,2021/02/22 00:55:00,10.5,62,42,2021/02/22 13:31:00,2.4,160,7.6,280,2021/02/22 12:18:00,0.0,0.0,0.0,--,0.0,--,10.9,95.4,19.57,17.3,3.4,7,2021/02/22 13:00:00,1.2,16.5,16.2,16.6,16.8,17.8,17.6,19.0,,
2021-02-23,23,1013.2,1015.7,1014.8,2021/02/23 08:40:00,1011.5,2021/02/23 15:27:00,17.6,20.9,2021/02/23 10:28:00,13.7,2021/02/23 05:06:00,15.5,87,77,2021/02/23 11:41:00,7.3,40,20.9,40,2021/02/23 15:57:00,0.0,0.0,0.0,--,0.0,--,8.8,76.9,18.51,11.0,4.7,7,2021/02/23 12:00:00,3.3,17.2,16.9,17.3,17.3,18.2,17.9,19.0,,
2021-02-24,24,1010.9,1013.5,1013.5,2021/02/24 08:14:00,1008.2,2021/02/24 17:07:00,18.4,21.2,2021/02/24 17:28:00,15.9,2021/02/24 05:15:00,16.4,88,75,2021/02/24 18:51:00,6.0,40,15.7,30,2021/02/24 05:07:00,0.0,0.0,0.0,--,0.0,--,5.8,50.6,16.09,11.2,2.6,6,2021/02/24 14:00:00,5.3,17.9,17.8,18.1,18.0,18.7,18.2,19.0,,
2021-02-25,25,1008.4,1011.0,1009.9,2021/02/25 10:17:00,1006.5,2021/02/25 14:29:00,17.4,20.5,2021/02/25 14:34:00,15.5,2021/02/25 22:55:00,16.5,95,80,2021/02/25 14:39:00,3.0,230,10.1,250,2021/02/25 15:09:00,0.0,0.0,0.0,--,0.0,--,3.5,30.5,13.3,2.2,2.0,4,2021/02/25 14:00:00,9.5,18.5,18.2,18.4,18.4,19.2,18.6,19.1,,
2021-02-26,26,1008.7,1011.3,1011.5,2021/02/26 22:58:00,1006.4,2021/02/26 02:50:00,16.5,21.3,2021/02/26 12:00:00,15.0,2021/02/26 01:47:00,15.7,95,81,2021/02/26 11:56:00,4.1,40,14.8,40,2021/02/26 22:34:00,1.0,1.0,0.5,2021/02/26 15:45:00,1.0,2021/02/26 15:45:00,0.8,6.9,8.73,3.9,-1.5,6,2021/02/26 13:00:00,10.0,17.8,18.1,18.4,18.5,19.3,18.8,19.3,,
2021-02-27,27,1013.5,1016.1,1015.5,2021/02/27 22:00:00,1011.1,2021/02/27 02:31:00,14.9,15.5,2021/02/27 22:10:00,14.3,2021/02/27 14:08:00,13.9,94,89,2021/02/27 21:12:00,5.9,40,13.0,30,2021/02/27 00:10:00,7.0,7.9,1.0,2021/02/27 03:38:00,1.5,2021/02/27 03:38:00,0.0,0.0,2.23,7.7,-0.1,1,2021/02/27 13:00:00,10.0,15.7,16.4,17.2,17.6,18.8,18.8,19.4,,
2021-02-28,28,1014.5,1017.1,1016.5,2021/02/28 09:30:00,1012.7,2021/02/28 15:24:00,15.7,17.5,2021/02/28 15:10:00,14.9,2021/02/28 05:48:00,13.9,89,84,2021/02/28 15:02:00,4.5,40,12.4,40,2021/02/28 06:07:00,0.0,0.0,0.0,--,0.0,--,0.5,4.3,6.64,13.5,0.7,2,2021/02/28 13:00:00,7.8,16.1,16.3,16.8,17.1,18.3,18.3,19.4,,
2021-03-01,1,1013.6,1016.2,1016.8,2021/03/01 09:17:00,1011.1,2021/03/01 17:51:00,19.4,24.1,2021/03/01 13:53:00,15.1,2021/03/01 02:07:00,16.3,84,62,2021/03/01 15:10:00,2.2,230,7.4,220,2021/03/01 16:33:00,0.0,0.0,0.0,--,0.0,--,4.8,41.4,14.27,10.1,-3.7,6,2021/03/01 13:00:00,7.8,18.6,17.9,17.8,17.7,18.5,18.2,19.4,,
2021-03-02,2,1018.9,1021.5,1021.0,2021/03/02 22:26:00,1013.6,2021/03/02 00:01:00,14.5,19.2,2021/03/02 00:01:00,12.6,2021/03/02 08:03:00,12.6,89,77,2021/03/02 23:20:00,9.2,50,21.2,40,2021/03/02 06:29:00,18.5,6.7,3.5,2021/03/02 07:26:00,6.5,2021/03/02 04:01:00,0.0,0.0,3.44,7.8,-0.7,2,2021/03/02 13:00:00,10.0,15.0,16.1,17.2,17.7,18.8,18.6,19.3,,
2021-03-03,3,1018.0,1020.6,1020.1,2021/03/03 00:01:00,1016.3,2021/03/03 15:07:00,16.5,18.4,2021/03/03 11:19:00,14.7,2021/03/03 01:47:00,13.4,82,70,2021/03/03 10:40:00,5.6,40,15.7,50,2021/03/03 00:11:00,0.0,0.0,0.0,--,0.0,--,0.0,0.0,5.87,14.5,-1.7,3,2021/03/03 13:00:00,10.0,15.9,15.9,16.3,16.6,17.8,18.0,19.3,,
2021-03-04,4,1017.0,1019.6,1018.5,2021/03/04 08:44:00,1015.3,2021/03/04 12:44:00,15.6,19.7,2021/03/04 12:16:00,14.0,2021/03/04 07:05:00,15.0,96,86,2021/03/04 12:12:00,2.2,30,7.5,350,2021/03/04 12:50:00,0.5,5.1,X,--,X,--,0.3,2.6,5.32,2.2,-0.9,5,2021/03/04 13:00:00,9.8,16.5,16.6,16.8,17.0,18.0,17.9,19.2,,
2021-03-05,5,1014.5,1017.0,1017.4,2021/03/05 00:01:00,1012.4,2021/03/05 15:15:00,18.7,23.6,2021/03/05 12:02:00,15.5,2021/03/05 02:07:00,16.7,89,71,2021/03/05 12:03:00,3.0,60,10.0,290,2021/03/05 21:23:00,T,1.6,X,--,X,--,2.4,20.5,10.5,14.5,-2.3,5,2021/03/05 14:00:00,7.0,18.0,17.6,17.6,17.5,18.3,18.0,19.1,,
2021-03-06,6,1015.8,1018.4,1018.9,2021/03/06 22:24:00,1013.2,2021/03/06 04:41:00,16.1,17.4,2021/03/06 03:35:00,13.9,2021/03/06 08:39:00,15.7,98,95,2021/03/06 10:02:00,3.7,40,16.2,360,2021/03/06 08:34:00,31.0,11.4,3.0,2021/03/06 11:51:00,10.0,2021/03/06 11:51:00,0.0,0.0,2.37,5.0,-0.6,1,2021/03/06 14:00:00,10.0,16.8,17.0,17.5,17.7,18.6,18.3,19.1,,
2021-03-07,7,1018.0,1020.6,1020.0,2021/03/07 22:56:00,1015.9,2021/03/07 02:56:00,15.2,15.8,2021/03/07 08:34:00,14.3,2021/03/07 16:53:00,14.5,96,95,2021/03/07 02:27:00,7.8,40,16.7,40,2021/03/07 04:35:00,0.5,8.7,0.5,2021/03/07 16:48:00,0.5,2021/03/07 16:48:00,0.0,0.0,2.17,5.0,-0.2,1,2021/03/07 12:00:00,10.0,15.8,16.1,16.7,17.0,18.1,18.0,19.1,,
2021-03-08,8,1018.5,1021.1,1019.8,2021/03/08 09:41:00,1016.7,2021/03/08 14:49:00,16.7,18.0,2021/03/08 09:41:00,15.2,2021/03/08 00:01:00,14.4,86,79,2021/03/08 12:39:00,7.6,40,16.9,40,2021/03/08 01:51:00,0.0,0.0,0.0,--,0.0,--,0.0,0.0,6.4,11.5,1.4,3,2021/03/08 11:00:00,10.0,16.2,16.2,16.5,16.7,17.8,17.8,19.0,,
2021-03-09,9,1018.4,1021.0,1020.2,2021/03/09 08:31:00,1016.9,2021/03/09 14:55:00,17.1,19.5,2021/03/09 11:17:00,15.8,2021/03/09 04:48:00,15.1,88,82,2021/03/09 09:59:00,6.7,40,15.2,40,2021/03/09 19:47:00,0.0,0.0,0.0,--,0.0,--,1.7,14.4,11.35,13.3,3.6,5,2021/03/09 11:00:00,9.0,16.9,16.9,17.0,17.1,18.0,17.8,18.9,,
2021-03-10,10,1018.6,1021.2,1020.6,2021/03/10 08:30:00,1016.7,2021/03/10 15:25:00,18.4,20.8,2021/03/10 10:45:00,17.0,2021/03/10 05:09:00,15.4,83,72,2021/03/10 10:54:00,8.9,40,20.8,50,2021/03/10 13:20:00,0.0,0.0,0.0,--,0.0,--,9.0,76.2,19.14,16.8,2.1,8,2021/03/10 13:00:00,4.2,17.6,17.4,17.6,17.5,18.3,17.9,18.9,,
2021-03-11,11,1017.5,1020.1,1019.1,2021/03/11 09:14:00,1015.9,2021/03/11 16:56:00,17.2,19.5,2021/03/11 08:26:00,15.7,2021/03/11 19:11:00,15.8,91,83,2021/03/11 10:18:00,3.1,40,11.1,40,2021/03/11 00:07:00,0.0,0.0,0.0,--,0.0,--,3.7,31.3,14.38,11.0,3.0,6,2021/03/11 12:00:00,4.8,17.9,17.8,18.0,17.9,18.7,18.2,18.9,,
2021-03-12,12,1017.4,1020.0,1019.1,2021/03/12 10:13:00,1015.7,2021/03/12 15:41:00,18.1,21.8,2021/03/12 13:57:00,15.5,2021/03/12 01:00:00,16.0,88,77,2021/03/12 15:09:00,5.1,50,17.7,40,2021/03/12 15:58:00,0.0,0.0,0.0,--,0.0,--,4.4,37.1,15.99,9.4,3.3,8,2021/03/12 13:00:00,6.7,18.4,18.2,18.3,18.2,18.9,18.4,19.0,,
2021-03-13,13,1017.1,1019.7,1018.8,2021/03/13 08:03:00,1015.6,2021/03/13 18:14:00,17.7,19.8,2021/03/13 10:24:00,16.3,2021/03/13 16:18:00,13.2,75,65,2021/03/13 10:21:00,7.7,40,17.3,40,2021/03/13 13:29:00,T,0.1,T,2021/03/13 16:05:00,T,2021/03/13 16:05:00,7.6,64.0,19.54,17.3,-4.4,9,2021/03/13 13:00:00,4.8,17.5,17.6,18.1,18.2,19.1,18.6,19.1,,
2021-03-14,14,1014.5,1017.1,1016.9,2021/03/14 08:44:00,1012.6,2021/03/14 15:30:00,18.6,21.4,2021/03/14 14:04:00,16.5,2021/03/14 04:37:00,14.6,78,67,2021/03/14 10:51:00,5.5,40,14.9,50,2021/03/14 14:52:00,0.0,0.0,0.0,--,0.0,--,10.5,88.2,22.37,17.3,4.2,10,2021/03/14 13:00:00,1.8,18.2,18.1,18.4,18.4,19.1,18.6,19.2,,
2021-03-15,15,1012.4,1014.9,1013.8,2021/03/15 08:42:00,1011.4,2021/03/15 14:43:00,18.0,22.1,2021/03/15 09:11:00,14.7,2021/03/15 05:35:00,16.0,88,71,2021/03/15 09:07:00,1.7,220,7.8,290,2021/03/15 13:37:00,0.0,0.0,0.0,--,0.0,--,10.4,87.2,21.38,8.7,4.2,9,2021/03/15 13:00:00,2.0,18.4,18.2,18.5,18.6,19.3,18.8,19.2,,
2021-03-16,16,1011.6,1014.2,1013.2,2021/03/16 08:01:00,1009.9,2021/03/16 15:27:00,20.8,25.8,2021/03/16 12:07:00,15.7,2021/03/16 04:19:00,16.0,76,52,2021/03/16 13:56:00,1.8,300,5.7,320,2021/03/16 05:38:00,0.0,0.0,0.0,--,0.0,--,10.8,90.3,22.58,12.9,4.1,10,2021/03/16 13:00:00,0.3,19.4,19.0,19.2,19.1,19.7,19.0,19.3,,
2021-03-17,17,1012.3,1014.9,1013.5,2021/03/17 08:55:00,1011.3,2021/03/17 03:35:00,17.8,19.5,2021/03/17 00:44:00,17.0,2021/03/17 17:09:00,17.3,97,82,2021/03/17 00:01:00,4.4,40,9.7,40,2021/03/17 20:55:00,0.0,0.0,0.0,--,0.0,--,0.0,0.0,6.05,1.1,-0.2,3,2021/03/17 12:00:00,10.0,18.9,19.0,19.3,19.4,20.2,19.4,19.5,,
2021-03-18,18,1012.0,1014.6,1013.9,2021/03/18 09:05:00,1010.1,2021/03/18 16:36:00,17.2,18.0,2021/03/18 13:24:00,16.5,2021/03/18 05:03:00,17.1,100,97,2021/03/18 15:05:00,3.6,40,8.3,20,2021/03/18 00:42:00,T,1.9,T,2021/03/18 01:05:00,T,2021/03/18 01:05:00,0.0,0.0,7.09,0.7,-0.7,3,2021/03/18 12:00:00,10.0,18.5,18.6,19.0,19.1,20.0,19.4,19.6,,
2021-03-19,19,1010.4,1013.0,1012.4,2021/03/19 08:52:00,1008.4,2021/03/19 16:12:00,18.9,22.0,2021/03/19 21:07:00,16.7,2021/03/19 06:07:00,18.0,95,84,2021/03/19 15:06:00,1.6,160,5.7,310,2021/03/19 23:58:00,T,0.9,T,2021/03/19 00:19:00,T,2021/03/19 00:19:00,3.2,26.6,12.83,4.1,1.5,6,2021/03/19 14:00:00,7.0,19.6,19.2,19.3,19.3,20.0,19.4,19.7,,
2021-03-20,20,1009.6,1012.2,1011.5,2021/03/20 23:26:00,1008.0,2021/03/20 14:15:00,18.3,21.5,2021/03/20 12:26:00,16.5,2021/03/20 04:30:00,17.7,96,83,2021/03/20 15:02:00,3.3,50,13.8,50,2021/03/20 23:44:00,0.0,0.0,0.0,--,0.0,--,3.7,30.7,14.46,4.7,-3.4,7,2021/03/20 13:00:00,7.8,19.9,19.7,19.8,19.8,20.5,19.6,19.8,,
2021-03-21,21,1016.6,1019.2,1021.2,2021/03/21 23:07:00,1010.7,2021/03/21 01:10:00,15.0,17.6,2021/03/21 00:08:00,13.7,2021/03/21 19:06:00,11.8,82,66,2021/03/21 20:50:00,10.4,40,24.9,50,2021/03/21 21:38:00,T,1.8,T,2021/03/21 04:01:00,T,2021/03/21 04:01:00,0.0,0.0,3.15,4.7,-1.7,2,2021/03/21 10:00:00,10.0,15.9,17.2,18.4,19.0,20.1,19.7,19.9,,
2021-03-22,22,1021.9,1024.5,1023.8,2021/03/22 09:54:00,1020.1,2021/03/22 02:24:00,12.6,14.5,2021/03/22 22:02:00,10.7,2021/03/22 11:28:00,9.7,83,66,2021/03/22 21:53:00,8.4,50,20.7,50,2021/03/22 02:56:00,4.0,10.5,0.5,2021/03/22 01:19:00,0.5,2021/03/22 01:19:00,0.0,0.0,0.97,5.9,-1.1,1,2021/03/22 15:00:00,9.7,13.4,14.6,16.0,16.8,18.5,18.9,20.0,,
2021-03-23,23,1017.4,1020.0,1020.7,2021/03/23 00:01:00,1014.4,2021/03/23 15:12:00,16.1,18.9,2021/03/23 15:24:00,14.3,2021/03/23 00:01:00,12.1,78,64,2021/03/23 03:58:00,4.7,60,18.0,40,2021/03/23 00:05:00,5.5,5.9,2.0,2021/03/23 23:40:00,4.0,2021/03/23 22:57:00,0.1,0.8,2.87,19.0,-2.0,2,2021/03/23 14:00:00,9.3,15.1,15.1,15.6,16.2,17.6,18.1,19.8,,
2021-03-24,24,1015.1,1017.7,1017.6,2021/03/24 09:43:00,1013.5,2021/03/24 03:22:00,15.4,18.6,2021/03/24 15:31:00,13.6,2021/03/24 11:30:00,13.3,88,55,2021/03/24 15:27:00,2.4,320,8.8,320,2021/03/24 02:47:00,31.0,10.9,3.0,2021/03/24 04:57:00,5.5,2021/03/24 00:04:00,1.6,13.2,6.99,13.2,-1.8,5,2021/03/24 15:00:00,8.0,15.8,15.9,16.4,16.6,17.8,17.9,19.2,,
2021-03-25,25,1016.1,1018.7,1018.9,2021/03/25 09:57:00,1014.3,2021/03/25 23:56:00,15.8,18.4,2021/03/25 13:57:00,12.1,2021/03/25 03:14:00,13.5,86,72,2021/03/25 00:06:00,5.7,40,15.5,40,2021/03/25 17:25:00,0.0,0.0,0.0,--,0.0,--,0.9,7.4,11.03,20.3,1.1,7,2021/03/25 14:00:00,7.8,16.0,15.9,16.3,16.6,17.7,17.8,19.0,,
2021-03-26,26,1013.2,1015.7,1015.8,2021/03/26 09:54:00,1011.5,2021/03/26 17:29:00,18.3,20.7,2021/03/26 13:03:00,17.0,2021/03/26 21:54:00,17.4,95,87,2021/03/26 13:05:00,4.1,40,12.8,40,2021/03/26 04:40:00,0.0,0.0,0.0,--,0.0,--,2.5,20.5,13.98,9.3,2.1,8,2021/03/26 13:00:00,7.8,18.1,17.7,17.6,17.5,18.3,17.9,19.0,,
2021-03-27,27,1009.4,1011.9,1012.3,2021/03/27 00:01:00,1006.5,2021/03/27 16:46:00,20.7,24.2,2021/03/27 11:55:00,17.4,2021/03/27 05:43:00,18.1,86,61,2021/03/27 12:29:00,2.8,240,10.2,240,2021/03/27 13:21:00,0.0,0.0,0.0,--,0.0,--,8.7,71.1,20.7,10.4,3.5,10,2021/03/27 13:00:00,3.8,19.6,19.0,18.9,18.6,19.1,18.4,19.0,,
2021-03-28,28,1006.4,1008.9,1007.6,2021/03/28 22:10:00,1005.3,2021/03/28 17:25:00,22.6,25.8,2021/03/28 10:34:00,19.8,2021/03/28 22:57:00,20.5,89,77,2021/03/28 08:36:00,3.7,230,11.7,240,2021/03/28 09:53:00,0.0,0.0,0.0,--,0.0,--,7.4,60.4,18.76,12.5,-4.3,9,2021/03/28 12:00:00,4.7,21.3,20.5,20.2,19.8,20.1,19.0,19.1,,
2021-03-29,29,1005.9,1008.4,1008.4,2021/03/29 08:55:00,1003.4,2021/03/29 17:27:00,21.2,25.4,2021/03/29 10:57:00,19.8,2021/03/29 00:01:00,20.5,96,78,2021/03/29 10:49:00,1.6,320,7.0,300,2021/03/29 11:53:00,T,0.1,T,2021/03/29 02:09:00,T,2021/03/29 02:09:00,3.0,24.4,15.22,3.5,3.0,9,2021/03/29 12:00:00,9.4,21.4,21.0,20.8,20.6,20.9,19.7,19.4,,
2021-03-30,30,1004.4,1006.9,1007.4,2021/03/30 23:20:00,1002.6,2021/03/30 04:50:00,23.8,26.2,2021/03/30 09:39:00,20.4,2021/03/30 21:33:00,22.3,91,83,2021/03/30 09:18:00,4.8,230,13.3,250,2021/03/30 10:27:00,0.0,0.0,0.0,--,0.0,--,2.9,23.6,11.15,11.8,2.6,4,2021/03/30 10:00:00,8.5,22.3,21.6,21.4,21.1,21.4,20.2,19.6,,
2021-03-31,31,1005.4,1007.9,1007.2,2021/03/31 01:31:00,1004.3,2021/03/31 06:12:00,22.4,26.5,2021/03/31 09:24:00,19.1,2021/03/31 03:36:00,21.0,92,77,2021/03/31 09:24:00,2.4,40,8.6,30,2021/03/31 02:18:00,0.0,0.0,0.0,--,0.0,--,2.4,19.5,10.86,7.8,2.9,4,2021/03/31 13:00:00,9.0,21.8,21.4,21.4,21.2,21.7,20.6,19.9,,
2021-04-01,1,1005.6,1008.1,1007.1,2021/04/01 06:46:00,1004.1,2021/04/01 02:13:00,24.4,26.8,2021/04/01 12:18:00,21.9,2021/04/01 23:46:00,22.8,91,79,2021/04/01 16:16:00,3.1,230,11.3,220,2021/04/01 11:01:00,0.0,0.0,0.0,--,0.0,--,3.0,24.3,13.78,10.7,2.9,6,2021/04/01 13:00:00,6.8,23.0,22.3,22.0,21.7,22.0,20.9,20.2,,
2021-04-02,2,1007.9,1010.4,1009.4,2021/04/02 08:54:00,1006.1,2021/04/02 02:48:00,24.2,26.8,2021/04/02 12:00:00,21.7,2021/04/02 04:43:00,22.6,91,79,2021/04/02 09:05:00,1.9,300,6.8,230,2021/04/02 10:30:00,0.0,0.0,0.0,--,0.0,--,4.8,38.8,16.73,8.5,2.6,7,2021/04/02 12:00:00,7.7,23.0,22.6,22.4,22.1,22.4,21.3,20.4,,
2021-04-03,3,1009.8,1012.3,1011.6,2021/04/03 08:30:00,1008.2,2021/04/03 14:30:00,22.9,26.0,2021/04/03 11:52:00,20.9,2021/04/03 05:16:00,21.1,90,77,2021/04/03 14:43:00,3.1,40,9.4,40,2021/04/03 21:51:00,T,0.1,T,2021/04/03 23:06:00,T,2021/04/03 23:06:00,6.4,51.6,18.58,11.5,-3.8,7,2021/04/03 12:00:00,6.2,23.0,22.8,22.8,22.5,22.9,21.6,20.6,,
2021-04-04,4,1013.7,1016.3,1017.0,2021/04/04 21:39:00,1010.6,2021/04/04 02:13:00,18.9,22.1,2021/04/04 00:13:00,17.1,2021/04/04 23:57:00,15.8,83,69,2021/04/04 20:56:00,8.5,50,20.1,20,2021/04/04 13:15:00,T,1.0,T,2021/04/04 00:19:00,T,2021/04/04 00:19:00,0.4,3.2,7.65,14.0,3.0,5,2021/04/04 12:00:00,9.0,19.5,20.5,21.4,21.8,22.6,21.8,20.9,,
2021-04-05,5,1017.0,1019.6,1019.1,2021/04/05 07:35:00,1015.0,2021/04/05 15:41:00,16.9,18.9,2021/04/05 12:36:00,15.6,2021/04/05 22:51:00,10.5,66,49,2021/04/05 10:27:00,7.4,60,17.2,50,2021/04/05 09:25:00,0.0,0.0,0.0,--,0.0,--,10.7,85.9,22.29,25.0,5.9,9,2021/04/05 12:00:00,1.2,17.8,18.4,19.4,20.1,21.3,21.2,21.1,,
2021-04-06,6,1016.3,1018.9,1018.4,2021/04/06 21:42:00,1014.4,2021/04/06 15:11:00,18.3,21.1,2021/04/06 11:48:00,15.7,2021/04/06 05:13:00,13.1,72,61,2021/04/06 11:50:00,6.6,60,16.6,60,2021/04/06 16:28:00,0.0,0.0,0.0,--,0.0,--,8.4,67.3,21.75,21.7,5.0,10,2021/04/06 13:00:00,3.5,18.7,18.7,19.4,19.8,20.9,20.7,21.1,,
2021-04-07,7,1014.1,1016.6,1017.4,2021/04/07 00:01:00,1011.6,2021/04/07 16:27:00,19.8,22.5,2021/04/07 12:17:00,16.8,2021/04/07 02:20:00,14.4,71,59,2021/04/07 10:42:00,6.8,50,17.7,30,2021/04/07 13:09:00,0.0,0.0,0.0,--,0.0,--,7.8,62.4,22.33,20.8,5.4,11,2021/04/07 12:00:00,4.8,20.1,19.9,19.8,20.0,21.0,20.6,21.0,,
2021-04-08,8,1013.0,1015.6,1016.4,2021/04/08 21:21:00,1009.8,2021/04/08 03:22:00,18.3,22.1,2021/04/08 08:49:00,15.6,2021/04/08 20:20:00,16.4,89,76,2021/04/08 00:01:00,5.9,40,17.7,50,2021/04/08 19:59:00,2.0,7.9,0.5,2021/04/08 16:17:00,1.0,2021/04/08 19:18:00,0.0,0.0,3.78,11.7,-0.5,2,2021/04/08 11:00:00,9.7,19.2,19.4,19.9,20.2,21.1,20.7,21.0,,
2021-04-09,9,1016.3,1018.9,1017.7,2021/04/09 10:16:00,1013.7,2021/04/09 03:00:00,16.5,17.3,2021/04/09 21:44:00,15.9,2021/04/09 03:01:00,13.6,84,75,2021/04/09 21:19:00,8.1,40,17.3,40,2021/04/09 21:40:00,T,7.4,T,2021/04/09 00:01:00,T,2021/04/09 00:01:00,0.0,0.0,2.42,12.8,-1.3,1,2021/04/09 14:00:00,8.7,16.7,17.3,18.2,18.9,20.3,20.4,21.0,,
2021-04-10,10,1017.5,1020.1,1019.0,2021/04/10 09:00:00,1016.2,2021/04/10 02:09:00,18.3,20.0,2021/04/10 23:56:00,17.2,2021/04/10 00:01:00,16.3,89,76,2021/04/10 00:01:00,7.0,40,16.0,40,2021/04/10 01:01:00,T,6.3,T,2021/04/10 13:10:00,T,2021/04/10 13:10:00,0.0,0.0,2.76,13.7,-0.3,2,2021/04/10 12:00:00,10.0,17.8,17.7,18.1,18.4,19.7,19.9,20.9,,
2021-04-11,11,1015.8,1018.3,1017.8,2021/04/11 08:58:00,1014.4,2021/04/11 15:45:00,21.7,25.4,2021/04/11 10:57:00,18.7,2021/04/11 05:42:00,19.6,89,71,2021/04/11 10:56:00,2.4,260,9.6,40,2021/04/11 00:01:00,0.0,0.0,0.0,--,0.0,--,6.4,50.8,20.38,12.3,2.1,10,2021/04/11 13:00:00,8.7,22.0,21.2,20.3,19.8,20.3,19.8,20.8,,
2021-04-12,12,1013.5,1016.0,1015.5,2021/04/12 08:11:00,1011.6,2021/04/12 17:14:00,22.3,25.5,2021/04/12 16:01:00,20.3,2021/04/12 23:07:00,19.3,83,68,2021/04/12 16:53:00,3.2,260,8.0,290,2021/04/12 11:39:00,0.0,0.0,0.0,--,0.0,--,6.1,48.3,19.03,14.8,4.5,10,2021/04/12 13:00:00,7.2,22.9,22.3,21.6,21.2,21.5,20.6,20.7,,
2021-04-13,13,1012.5,1015.0,1013.6,2021/04/13 21:39:00,1011.3,2021/04/13 03:26:00,22.0,25.8,2021/04/13 11:35:00,19.3,2021/04/13 04:10:00,19.8,88,74,2021/04/13 08:28:00,3.9,50,14.5,50,2021/04/13 20:05:00,0.0,0.0,0.0,--,0.0,--,6.4,50.6,18.84,11.7,-5.1,10,2021/04/13 13:00:00,5.8,23.1,22.6,21.9,21.6,22.0,21.0,20.8,,
2021-04-14,14,1013.2,1015.8,1014.9,2021/04/14 09:46:00,1012.2,2021/04/14 01:48:00,18.6,20.0,2021/04/14 01:25:00,17.1,2021/04/14 18:49:00,16.5,87,82,2021/04/14 17:48:00,7.6,50,17.5,50,2021/04/14 18:36:00,T,0.9,T,2021/04/14 06:41:00,T,2021/04/14 06:41:00,0.0,0.0,2.9,15.0,1.4,2,2021/04/14 13:00:00,10.0,19.5,20.0,20.6,21.0,21.9,21.3,21.0,,
2021-04-15,15,1011.8,1014.3,1013.2,2021/04/15 08:53:00,1010.0,2021/04/15 04:11:00,19.1,20.7,2021/04/15 14:28:00,17.7,2021/04/15 19:04:00,17.6,91,85,2021/04/15 02:26:00,5.7,40,13.6,40,2021/04/15 00:42:00,T,2.4,T,2021/04/15 13:13:00,T,2021/04/15 13:13:00,0.0,0.0,4.09,15.3,-0.4,3,2021/04/15 15:00:00,9.5,19.6,19.5,19.9,20.1,21.2,20.9,21.1,,
2021-04-16,16,1012.1,1014.6,1013.4,2021/04/16 21:16:00,1010.2,2021/04/16 15:26:00,20.2,21.7,2021/04/16 13:53:00,18.5,2021/04/16 00:06:00,18.0,87,80,2021/04/16 14:59:00,4.6,40,10.1,40,2021/04/16 11:41:00,T,0.4,T,2021/04/16 04:02:00,T,2021/04/16 04:02:00,0.5,3.9,9.69,15.3,-1.4,5,2021/04/16 14:00:00,9.3,20.6,20.2,20.1,20.2,21.1,20.7,21.1,,
2021-04-17,17,1014.4,1016.9,1016.1,2021/04/17 09:03:00,1012.4,2021/04/17 02:22:00,21.4,24.0,2021/04/17 13:10:00,19.3,2021/04/17 06:06:00,16.7,76,54,2021/04/17 13:41:00,6.9,50,19.0,30,2021/04/17 14:27:00,1.0,2.8,0.5,2021/04/17 06:08:00,0.5,2021/04/17 06:08:00,8.6,67.5,22.16,17.7,7.3,11,2021/04/17 13:00:00,5.7,21.4,21.3,20.9,20.8,21.5,20.8,21.1,,
2021-04-18,18,1013.6,1016.1,1015.2,2021/04/18 07:29:00,1011.7,2021/04/18 15:29:00,20.7,23.4,2021/04/18 12:41:00,19.2,2021/04/18 21:34:00,12.4,59,51,2021/04/18 12:46:00,10.3,60,21.8,40,2021/04/18 10:29:00,0.0,0.0,0.0,--,0.0,--,2.4,18.8,16.0,12.3,-7.5,7,2021/04/18 14:00:00,9.3,20.6,20.3,20.4,20.6,21.5,21.0,21.1,,
2021-04-19,19,1010.8,1013.3,1012.8,2021/04/19 00:13:00,1008.8,2021/04/19 19:02:00,21.4,24.7,2021/04/19 11:00:00,18.6,2021/04/19 04:18:00,14.5,65,51,2021/04/19 10:45:00,7.7,60,18.5,50,2021/04/19 14:08:00,T,0.1,T,2021/04/19 01:21:00,T,2021/04/19 01:21:00,2.8,21.9,15.64,21.3,4.7,9,2021/04/19 12:00:00,7.5,20.9,20.6,20.3,20.4,21.3,20.9,21.1,,
2021-04-20,20,1009.5,1012.0,1010.9,2021/04/20 09:35:00,1008.0,2021/04/20 14:45:00,24.0,29.4,2021/04/20 12:29:00,20.8,2021/04/20 01:56:00,15.2,59,40,2021/04/20 12:19:00,4.8,80,13.9,90,2021/04/20 16:50:00,0.0,0.0,0.0,--,0.0,--,10.6,82.7,24.66,20.0,8.0,11,2021/04/20 12:00:00,3.3,23.3,22.3,21.5,21.2,21.8,21.0,21.1,,
2021-04-21,21,1008.2,1010.7,1010.2,2021/04/21 08:41:00,1006.3,2021/04/21 16:16:00,24.4,29.8,2021/04/21 11:55:00,21.5,2021/04/21 03:40:00,18.4,70,44,2021/04/21 11:31:00,5.2,60,15.3,40,2021/04/21 18:48:00,0.0,0.0,0.0,--,0.0,--,11.9,92.7,25.65,21.7,6.7,12,2021/04/21 12:00:00,0.5,24.1,23.5,22.6,22.2,22.6,21.5,21.2,,
2021-04-22,22,1005.0,1007.5,1006.9,2021/04/22 00:01:00,1002.6,2021/04/22 16:37:00,24.6,27.5,2021/04/22 08:58:00,20.9,2021/04/22 05:00:00,22.6,89,72,2021/04/22 08:54:00,2.3,100,9.2,350,2021/04/22 14:14:00,0.0,0.0,0.0,--,0.0,--,10.3,80.1,24.61,20.0,-4.3,11,2021/04/22 12:00:00,3.0,25.5,24.6,23.6,23.1,23.3,22.1,21.4,,
2021-04-23,23,1006.1,1008.6,1007.9,2021/04/23 21:27:00,1004.0,2021/04/23 02:28:00,22.9,25.4,2021/04/23 13:06:00,21.3,2021/04/23 23:30:00,21.1,90,76,2021/04/23 15:14:00,5.3,40,14.0,40,2021/04/23 15:54:00,T,2.0,T,2021/04/23 01:18:00,T,2021/04/23 01:18:00,3.0,23.3,12.41,16.0,-3.5,7,2021/04/23 14:00:00,7.7,23.7,23.7,23.5,23.5,23.8,22.6,21.6,,
2021-04-24,24,1008.7,1011.2,1010.8,2021/04/24 08:59:00,1006.6,2021/04/24 02:33:00,22.9,24.9,2021/04/24 13:25:00,21.5,2021/04/24 00:01:00,20.5,87,80,2021/04/24 13:13:00,6.5,40,15.3,40,2021/04/24 13:45:00,T,0.2,T,2021/04/24 05:42:00,T,2021/04/24 05:42:00,3.7,28.7,16.41,18.0,4.6,9,2021/04/24 14:00:00,8.8,24.0,23.6,23.1,23.0,23.6,22.7,21.8,,
2021-04-25,25,1010.3,1012.8,1012.4,2021/04/25 22:05:00,1007.3,2021/04/25 03:29:00,22.9,25.0,2021/04/25 12:39:00,21.4,2021/04/25 23:16:00,18.0,74,62,2021/04/25 12:43:00,5.5,60,13.2,50,2021/04/25 19:58:00,T,1.2,T,2021/04/25 14:18:00,T,2021/04/25 14:18:00,0.0,0.0,6.24,18.0,-3.1,4,2021/04/25 13:00:00,10.0,22.5,22.5,22.6,22.7,23.5,22.7,22.0,,
2021-04-26,26,1010.8,1013.3,1012.6,2021/04/26 22:24:00,1008.9,2021/04/26 14:51:00,24.4,28.5,2021/04/26 13:42:00,20.9,2021/04/26 04:29:00,17.1,65,47,2021/04/26 15:31:00,5.8,40,18.5,40,2021/04/26 09:47:00,0.0,0.0,0.0,--,0.0,--,8.3,64.1,25.14,18.7,6.5,12,2021/04/26 12:00:00,6.0,24.3,23.8,22.8,22.6,23.3,22.5,22.1,,
2021-04-27,27,1013.0,1015.5,1015.4,2021/04/27 22:35:00,1011.4,2021/04/27 02:45:00,22.8,25.7,2021/04/27 10:07:00,21.2,2021/04/27 19:09:00,19.6,83,66,2021/04/27 07:07:00,2.5,260,8.5,280,2021/04/27 10:47:00,T,1.0,T,2021/04/27 14:23:00,T,2021/04/27 14:23:00,0.7,5.4,10.27,13.0,-2.1,7,2021/04/27 11:00:00,10.0,23.9,23.4,23.3,23.3,23.8,22.8,22.2,,
2021-04-28,28,1013.1,1015.6,1015.0,2021/04/28 00:01:00,1011.4,2021/04/28 17:13:00,21.1,22.0,2021/04/28 10:49:00,20.5,2021/04/28 06:57:00,20.6,97,88,2021/04/28 00:01:00,1.4,50,4.7,40,2021/04/28 16:17:00,34.5,16.9,2.0,2021/04/28 07:42:00,6.0,2021/04/28 06:50:00,0.0,0.0,4.22,8.3,/,3,2021/04/28 11:00:00,10.0,22.2,22.3,22.5,22.7,23.5,22.8,22.3,,
2021-04-29,29,1010.9,1013.4,1013.4,2021/04/29 09:34:00,1009.1,2021/04/29 18:32:00,19.9,21.7,2021/04/29 14:57:00,17.7,2021/04/29 23:43:00,18.3,91,75,2021/04/29 15:33:00,3.2,50,14.9,50,2021/04/29 05:01:00,23.5,9.8,5.0,2021/04/29 03:07:00,12.5,2021/04/29 02:53:00,0.1,0.8,7.88,12.7,-1.9,5,2021/04/29 13:00:00,9.0,20.8,21.4,21.8,22.0,23.0,22.6,22.4,,
2021-04-30,30,1009.4,1011.9,1011.2,2021/04/30 08:52:00,1007.8,2021/04/30 16:32:00,21.5,25.5,2021/04/30 13:36:00,16.1,2021/04/30 03:37:00,18.3,83,58,2021/04/30 14:18:00,2.9,210,8.0,250,2021/04/30 15:16:00,0.0,0.0,0.0,--,0.0,--,9.4,73.6,26.61,17.3,5.7,12,2021/04/30 12:00:00,4.0,22.1,22.2,21.7,21.7,22.6,22.2,22.4,,
2021-05-01,1,1009.6,1012.1,1011.3,2021/05/01 23:46:00,1007.7,2021/05/01 02:48:00,23.6,26.9,2021/05/01 11:26:00,20.7,2021/05/01 23:30:00,19.8,80,58,2021/05/01 11:19:00,4.1,210,12.0,230,2021/05/01 13:26:00,0.0,0.0,0.0,--,0.0,--,6.6,50.5,19.41,16.7,4.2,9,2021/05/01 12:00:00,8.5,23.0,22.7,22.6,22.4,23.1,22.4,22.3,,
2021-05-02,2,1012.1,1014.6,1014.0,2021/05/02 10:18:00,1010.5,2021/05/02 03:10:00,24.4,27.2,2021/05/02 11:40:00,20.8,2021/05/02 05:39:00,21.8,86,67,2021/05/02 09:36:00,3.7,40,12.1,60,2021/05/02 21:33:00,0.0,0.0,0.0,--,0.0,--,8.8,67.3,22.64,13.7,5.8,10,2021/05/02 12:00:00,7.2,24.2,23.8,23.2,22.9,23.5,22.6,22.3,,
2021-05-03,3,1011.3,1013.8,1013.0,2021/05/03 09:30:00,1010.3,2021/05/03 16:25:00,24.5,28.3,2021/05/03 11:50:00,21.9,2021/05/03 02:19:00,21.6,85,65,2021/05/03 11:42:00,1.9,250,6.6,250,2021/05/03 13:50:00,T,0.7,T,2021/05/03 21:34:00,T,2021/05/03 21:34:00,1.1,8.4,12.27,12.0,-2.5,7,2021/05/03 12:00:00,9.8,24.4,23.9,23.6,23.4,23.9,22.9,22.4,,
2021-05-04,4,1009.2,1011.7,1010.8,2021/05/04 07:15:00,1007.1,2021/05/04 15:29:00,25.6,28.9,2021/05/04 11:23:00,22.9,2021/05/04 04:21:00,22.7,85,56,2021/05/04 11:34:00,2.5,230,8.3,280,2021/05/04 12:25:00,T,0.1,T,2021/05/04 00:05:00,T,2021/05/04 00:05:00,4.0,30.5,19.56,11.0,-3.7,11,2021/05/04 12:00:00,7.8,25.7,25.0,24.2,23.8,24.2,23.2,22.5,,
2021-05-05,5,1012.5,1015.0,1014.7,2021/05/05 21:22:00,1008.7,2021/05/05 04:02:00,22.3,26.0,2021/05/05 00:05:00,19.4,2021/05/05 18:39:00,20.0,87,71,2021/05/05 16:10:00,6.5,50,17.7,40,2021/05/05 13:14:00,4.0,5.0,1.5,2021/05/05 07:18:00,3.0,2021/05/05 06:53:00,0.7,5.3,6.32,12.0,-3.6,3,2021/05/05 10:00:00,9.2,22.7,23.3,23.8,23.9,24.6,23.5,22.7,,
2021-05-06,6,1013.0,1015.5,1014.5,2021/05/06 08:51:00,1011.6,2021/05/06 16:03:00,22.9,25.7,2021/05/06 14:24:00,20.3,2021/05/06 00:01:00,20.5,87,80,2021/05/06 12:41:00,3.5,40,10.8,50,2021/05/06 00:13:00,0.0,0.0,0.0,--,0.0,--,5.2,39.5,18.9,15.3,3.4,10,2021/05/06 13:00:00,6.5,23.7,23.4,23.0,23.0,23.8,23.2,22.8,,
2021-05-07,7,1010.1,1012.6,1012.2,2021/05/07 09:42:00,1007.9,2021/05/07 16:49:00,25.1,27.7,2021/05/07 11:26:00,22.3,2021/05/07 02:19:00,22.9,87,77,2021/05/07 12:49:00,3.5,210,12.3,250,2021/05/07 12:28:00,0.0,0.0,0.0,--,0.0,--,10.4,78.9,24.83,17.3,4.3,12,2021/05/07 13:00:00,4.2,25.1,24.7,24.0,23.7,24.2,23.3,22.9,,
2021-05-08,8,1007.8,1010.3,1009.0,2021/05/08 18:10:00,1006.7,2021/05/08 14:58:00,25.1,27.8,2021/05/08 11:34:00,22.8,2021/05/08 22:33:00,23.2,90,81,2021/05/08 11:18:00,3.0,220,11.1,260,2021/05/08 10:30:00,0.0,0.0,0.0,--,0.0,--,2.2,16.7,14.16,14.7,4.4,9,2021/05/08 11:00:00,7.5,25.1,24.9,24.6,24.2,24.7,23.6,22.9,,
2021-05-09,9,1007.3,1009.8,1009.3,2021/05/09 10:05:00,1005.6,2021/05/09 16:28:00,25.6,28.1,2021/05/09 11:41:00,23.2,2021/05/09 00:01:00,23.2,87,77,2021/05/09 11:33:00,1.9,300,5.8,200,2021/05/09 22:36:00,T,0.4,T,2021/05/09 21:30:00,T,2021/05/09 21:30:00,3.5,26.5,19.16,18.0,-4.5,12,2021/05/09 12:00:00,8.7,26.0,25.5,24.7,24.3,24.8,23.8,23.1,,
2021-05-10,10,1006.6,1009.1,1008.5,2021/05/10 09:22:00,1004.7,2021/05/10 17:03:00,26.3,28.6,2021/05/10 13:35:00,23.6,2021/05/10 05:08:00,23.7,86,76,2021/05/10 15:02:00,3.6,220,10.6,250,2021/05/10 15:05:00,0.0,0.0,0.0,--,0.0,--,10.5,79.3,23.99,16.5,5.8,10,2021/05/10 13:00:00,4.3,26.4,25.8,25.2,24.8,25.2,24.0,23.2,,
2021-05-11,11,1005.5,1008.0,1007.2,2021/05/11 09:11:00,1003.9,2021/05/11 17:02:00,27.1,29.1,2021/05/11 11:01:00,25.3,2021/05/11 00:20:00,24.0,83,75,2021/05/11 15:49:00,6.2,230,17.0,230,2021/05/11 07:37:00,0.0,0.0,0.0,--,0.0,--,9.1,68.6,24.49,16.0,6.5,12,2021/05/11 13:00:00,6.8,27.1,26.4,25.6,25.2,25.6,24.3,23.3,,
2021-05-12,12,1006.0,1008.5,1008.3,2021/05/12 22:32:00,1004.2,2021/05/12 14:55:00,27.7,30.2,2021/05/12 11:29:00,25.4,2021/05/12 00:02:00,24.3,82,67,2021/05/12 10:06:00,5.2,230,16.9,240,2021/05/12 10:47:00,0.0,0.0,0.0,--,0.0,--,10.4,78.3,26.16,16.7,6.7,13,2021/05/12 12:00:00,3.8,27.6,26.9,25.9,25.6,26.0,24.7,23.5,,
2021-05-13,13,1007.0,1009.5,1008.7,2021/05/13 08:50:00,1005.5,2021/05/13 16:45:00,27.9,30.4,2021/05/13 12:36:00,24.9,2021/05/13 04:29:00,24.6,83,70,2021/05/13 08:30:00,3.0,230,10.3,220,2021/05/13 10:09:00,0.0,0.0,0.0,--,0.0,--,11.0,82.8,26.07,15.8,6.8,12,2021/05/13 13:00:00,5.5,28.2,27.7,26.7,26.2,26.5,25.1,23.7,,
2021-05-14,14,1007.7,1010.1,1009.3,2021/05/14 07:37:00,1006.4,2021/05/14 16:50:00,27.7,30.2,2021/05/14 13:03:00,24.8,2021/05/14 05:13:00,24.8,84,74,2021/05/14 14:12:00,3.6,220,10.4,260,2021/05/14 15:01:00,0.0,0.0,0.0,--,0.0,--,10.9,81.9,24.61,16.3,6.7,12,2021/05/14 13:00:00,4.5,28.4,27.8,26.9,26.6,26.9,25.6,24.0,,
2021-05-15,15,1007.1,1009.6,1009.2,2021/05/15 09:04:00,1005.2,2021/05/15 17:18:00,27.8,30.1,2021/05/15 11:40:00,25.6,2021/05/15 03:34:00,25.1,86,77,2021/05/15 09:23:00,3.7,240,9.4,250,2021/05/15 13:50:00,0.0,0.0,0.0,--,0.0,--,6.8,51.0,23.28,16.7,6.3,12,2021/05/15 12:00:00,5.8,28.7,28.1,27.3,26.9,27.3,25.9,24.2,,
2021-05-16,16,1006.3,1008.8,1007.8,2021/05/16 08:36:00,1004.9,2021/05/16 16:10:00,28.3,30.6,2021/05/16 10:27:00,26.3,2021/05/16 23:25:00,25.3,84,71,2021/05/16 10:28:00,5.6,220,16.1,250,2021/05/16 13:32:00,0.0,0.0,0.0,--,0.0,--,11.1,83.2,27.5,24.3,7.0,13,2021/05/16 12:00:00,7.0,29.0,28.5,27.6,27.2,27.6,26.2,24.5,,
2021-05-17,17,1007.5,1010.0,1008.9,2021/05/17 09:17:00,1005.8,2021/05/17 01:06:00,28.3,30.9,2021/05/17 12:09:00,25.2,2021/05/17 03:08:00,24.8,81,72,2021/05/17 10:00:00,4.1,240,13.7,240,2021/05/17 10:14:00,0.0,0.0,0.0,--,0.0,--,9.7,72.6,24.98,20.7,6.1,12,2021/05/17 13:00:00,7.7,28.9,28.3,27.7,27.4,27.8,26.5,24.7,,
2021-05-18,18,1008.0,1010.5,1009.4,2021/05/18 08:49:00,1006.3,2021/05/18 14:44:00,27.8,30.2,2021/05/18 13:43:00,26.3,2021/05/18 05:07:00,25.0,85,74,2021/05/18 16:45:00,2.4,270,7.4,230,2021/05/18 09:32:00,0.0,0.0,0.0,--,0.0,--,3.7,27.7,20.35,15.3,6.0,11,2021/05/18 12:00:00,8.2,29.4,28.7,28.0,27.7,28.1,26.7,25.0,,
2021-05-19,19,1006.5,1009.0,1008.2,2021/05/19 00:21:00,1004.8,2021/05/19 16:06:00,27.9,30.0,2021/05/19 10:42:00,25.6,2021/05/19 04:02:00,25.4,87,77,2021/05/19 11:07:00,2.3,280,8.4,260,2021/05/19 11:07:00,0.0,0.0,0.0,--,0.0,--,4.1,30.6,19.36,15.3,4.6,11,2021/05/19 12:00:00,7.7,29.2,28.6,28.1,27.9,28.2,26.9,25.2,,
2021-05-20,20,1006.0,1008.5,1007.5,2021/05/20 09:13:00,1004.8,2021/05/20 13:36:00,28.6,30.4,2021/05/20 13:04:00,27.0,2021/05/20 06:00:00,24.8,80,69,2021/05/20 20:52:00,5.4,210,18.7,250,2021/05/20 11:35:00,0.0,0.0,0.0,--,0.0,--,4.3,32.1,19.2,19.0,6.0,10,2021/05/20 11:00:00,7.0,29.2,28.6,28.1,27.9,28.4,27.1,25.4,,
2021-05-21,21,1005.8,1008.3,1007.0,2021/05/21 21:43:00,1004.2,2021/05/21 15:36:00,28.7,31.0,2021/05/21 11:35:00,26.0,2021/05/21 05:04:00,25.6,84,71,2021/05/21 11:35:00,5.0,240,17.7,240,2021/05/21 11:50:00,0.0,0.0,0.0,--,0.0,--,8.1,60.4,22.66,19.7,5.3,10,2021/05/21 12:00:00,5.8,29.2,28.3,27.9,27.7,28.3,27.1,25.6,,
2021-05-22,22,1005.6,1008.1,1007.4,2021/05/22 21:56:00,1004.1,2021/05/22 13:38:00,27.8,31.0,2021/05/22 13:10:00,25.9,2021/05/22 23:34:00,25.1,86,73,2021/05/22 13:11:00,4.2,250,15.0,250,2021/05/22 13:21:00,0.0,0.0,0.0,--,0.0,--,4.7,35.0,19.0,18.0,5.8,11,2021/05/22 14:00:00,9.2,29.3,28.8,28.2,28.0,28.4,27.2,25.7,,
2021-05-23,23,1006.4,1008.9,1007.6,2021/05/23 08:03:00,1005.2,2021/05/23 16:17:00,28.0,31.1,2021/05/23 10:35:00,24.8,2021/05/23 04:24:00,25.1,85,69,2021/05/23 10:27:00,1.9,240,8.1,250,2021/05/23 15:39:00,0.0,0.0,0.0,--,0.0,--,8.3,61.7,23.91,16.0,6.0,12,2021/05/23 12:00:00,8.2,29.8,29.2,28.4,28.1,28.5,27.3,25.9,,
2021-05-24,24,1007.9,1010.4,1010.6,2021/05/24 20:18:00,1006.0,2021/05/24 02:31:00,28.0,31.4,2021/05/24 12:34:00,24.8,2021/05/24 23:58:00,25.1,84,76,2021/05/24 11:49:00,5.3,220,12.9,230,2021/05/24 08:41:00,0.0,0.0,0.0,--,0.0,--,8.8,65.4,26.36,16.0,7.3,13,2021/05/24 13:00:00,5.0,30.0,29.6,28.9,28.5,29.0,27.6,26.0,,
2021-05-25,25,1008.8,1011.3,1010.9,2021/05/25 09:12:00,1007.2,2021/05/25 16:24:00,26.4,29.7,2021/05/25 13:39:00,24.1,2021/05/25 04:22:00,23.2,83,71,2021/05/25 13:39:00,4.0,40,12.0,50,2021/05/25 16:06:00,0.0,0.0,0.0,--,0.0,--,7.1,52.7,21.86,16.5,5.1,12,2021/05/25 13:00:00,5.7,28.9,28.9,28.3,28.3,28.9,27.7,26.2,,
2021-05-26,26,1006.6,1009.0,1008.7,2021/05/26 07:52:00,1004.4,2021/05/26 17:11:00,27.7,30.2,2021/05/26 13:57:00,24.3,2021/05/26 01:55:00,24.2,81,69,2021/05/26 21:28:00,4.8,240,14.3,230,2021/05/26 23:53:00,0.0,0.0,0.0,--,0.0,--,10.1,74.9,26.23,16.2,8.0,13,2021/05/26 12:00:00,2.5,29.7,29.2,28.5,28.3,28.9,27.7,26.3,,
2021-05-27,27,1005.7,1008.2,1008.0,2021/05/27 21:42:00,1004.3,2021/05/27 03:40:00,29.3,31.1,2021/05/27 10:16:00,27.1,2021/05/27 23:30:00,24.8,77,67,2021/05/27 05:18:00,8.1,230,17.5,230,2021/05/27 07:26:00,0.0,0.0,0.0,--,0.0,--,9.5,70.4,25.49,17.7,6.6,12,2021/05/27 13:00:00,9.3,30.3,29.5,28.8,28.5,29.1,27.9,26.4,,
2021-05-28,28,1005.7,1008.1,1008.1,2021/05/28 21:10:00,1003.4,2021/05/28 15:19:00,28.3,31.3,2021/05/28 11:37:00,24.9,2021/05/28 22:50:00,25.0,83,70,2021/05/28 11:09:00,6.4,240,20.9,240,2021/05/28 12:25:00,0.5,2.0,0.5,2021/05/28 22:54:00,0.5,2021/05/28 22:54:00,6.2,45.9,21.26,17.7,-4.1,12,2021/05/28 13:00:00,6.8,30.1,29.4,28.8,28.6,29.2,28.0,26.5,,
2021-05-29,29,1004.2,1006.7,1006.1,2021/05/29 00:01:00,1002.0,2021/05/29 16:17:00,26.4,28.4,2021/05/29 11:35:00,24.9,2021/05/29 23:10:00,25.1,92,81,2021/05/29 11:57:00,3.7,290,14.2,230,2021/05/29 14:07:00,2.5,3.1,0.5,2021/05/29 09:48:00,1.0,2021/05/29 14:34:00,0.2,1.5,6.94,14.2,-1.3,6,2021/05/29 11:00:00,9.3,27.2,27.7,28.0,28.1,28.9,28.0,26.7,,
2021-05-30,30,1002.5,1005.0,1004.5,2021/05/30 21:30:00,1001.0,2021/05/30 15:52:00,25.5,27.8,2021/05/30 09:49:00,24.7,2021/05/30 23:38:00,24.4,94,78,2021/05/30 09:52:00,2.7,290,13.1,300,2021/05/30 12:59:00,22.5,8.0,6.0,2021/05/30 16:47:00,9.5,2021/05/30 16:31:00,0.4,3.0,5.8,15.5,-0.5,6,2021/05/30 10:00:00,9.2,26.7,26.6,26.9,27.1,28.1,27.6,26.7,,
2021-05-31,31,1004.0,1006.5,1005.4,2021/05/31 23:37:00,1002.2,2021/05/31 00:01:00,24.3,26.0,2021/05/31 09:51:00,23.3,2021/05/31 15:15:00,23.6,96,85,2021/05/31 09:55:00,2.5,80,7.6,50,2021/05/31 10:34:00,58.5,9.3,6.5,2021/05/31 15:04:00,20.5,2021/05/31 14:27:00,0.0,0.0,4.63,9.0,/,4,2021/05/31 12:00:00,9.5,25.4,25.6,25.9,26.2,27.4,27.0,26.8,,
2021-06-01,1,1005.2,1007.7,1006.4,2021/06/01 21:16:00,1004.2,2021/06/01 03:04:00,26.4,29.1,2021/06/01 12:34:00,23.4,2021/06/01 03:30:00,24.6,90,78,2021/06/01 12:36:00,1.7,10,4.8,320,2021/06/01 13:36:00,T,0.2,T,2021/06/01 18:09:00,T,2021/06/01 18:09:00,2.5,18.4,16.28,16.7,-3.2,10,2021/06/01 13:00:00,8.8,27.0,26.5,26.1,26.0,26.9,26.5,26.7,,
2021-06-02,2,1005.6,1008.0,1007.0,2021/06/02 22:32:00,1004.0,2021/06/02 15:00:00,28.0,30.7,2021/06/02 12:57:00,25.1,2021/06/02 04:01:00,25.4,86,77,2021/06/02 09:06:00,3.2,230,9.6,280,2021/06/02 11:25:00,0.0,0.0,0.0,--,0.0,--,8.1,59.7,24.33,19.7,5.9,14,2021/06/02 12:00:00,7.0,27.9,27.7,27.2,27.0,27.6,26.7,26.5,,
2021-06-03,3,1003.9,1006.4,1006.0,2021/06/03 00:01:00,1001.8,2021/06/03 15:58:00,28.4,31.0,2021/06/03 12:37:00,26.3,2021/06/03 05:50:00,25.5,84,72,2021/06/03 12:34:00,4.5,240,11.7,240,2021/06/03 13:30:00,0.0,0.0,0.0,--,0.0,--,10.3,75.9,26.39,22.0,6.5,13,2021/06/03 12:00:00,5.5,28.8,28.3,27.9,27.6,28.1,27.0,26.4,,
2021-06-04,4,1001.9,1004.4,1002.9,2021/06/04 08:38:00,1000.6,2021/06/04 15:36:00,27.8,30.0,2021/06/04 11:35:00,25.9,2021/06/04 20:51:00,25.8,89,82,2021/06/04 17:28:00,4.3,240,11.4,40,2021/06/04 15:42:00,T,0.4,T,2021/06/04 22:22:00,T,2021/06/04 22:22:00,2.6,19.1,16.85,15.3,-2.7,12,2021/06/04 13:00:00,9.5,28.5,28.2,28.0,27.8,28.4,27.3,26.4,,
2021-06-05,5,1001.7,1004.2,1003.6,2021/06/05 22:19:00,1000.5,2021/06/05 15:31:00,24.9,26.9,2021/06/05 13:28:00,21.4,2021/06/05 22:41:00,23.9,95,89,2021/06/05 12:51:00,3.0,50,13.5,50,2021/06/05 16:40:00,47.0,8.4,8.0,2021/06/05 21:09:00,24.0,2021/06/05 20:36:00,0.0,0.0,4.19,14.0,/,3,2021/06/05 11:00:00,10.0,26.5,26.7,27.1,27.2,28.1,27.3,26.5,,
2021-06-06,6,1004.1,1006.6,1007.1,2021/06/06 21:31:00,1001.6,2021/06/06 03:08:00,23.4,23.9,2021/06/06 07:18:00,21.6,2021/06/06 00:04:00,22.8,96,92,2021/06/06 04:52:00,3.1,60,9.1,60,2021/06/06 09:45:00,22.0,10.5,1.5,2021/06/06 09:58:00,4.5,2021/06/06 09:47:00,0.0,0.0,3.47,11.3,-0.3,2,2021/06/06 11:00:00,10.0,24.7,24.8,25.3,25.6,26.8,26.2,26.6,,
2021-06-07,7,1007.4,1009.9,1009.2,2021/06/07 22:38:00,1005.7,2021/06/07 01:55:00,25.7,29.1,2021/06/07 10:40:00,23.0,2021/06/07 03:39:00,24.0,91,79,2021/06/07 08:57:00,2.8,40,10.1,50,2021/06/07 13:43:00,1.0,1.2,0.5,2021/06/07 18:21:00,1.0,2021/06/07 18:21:00,7.4,54.4,20.8,20.7,-3.7,11,2021/06/07 12:00:00,8.2,26.4,26.0,25.7,25.7,26.5,25.9,26.3,,
2021-06-08,8,1008.0,1010.5,1009.3,2021/06/08 08:01:00,1006.5,2021/06/08 14:56:00,27.5,30.3,2021/06/08 14:42:00,24.2,2021/06/08 04:34:00,25.1,87,73,2021/06/08 14:47:00,2.6,30,8.8,10,2021/06/08 13:16:00,0.0,0.0,0.0,--,0.0,--,10.9,80.1,27.72,21.0,6.0,12,2021/06/08 12:00:00,5.7,27.8,27.2,26.8,26.6,27.1,26.3,26.3,,
2021-06-09,9,1006.5,1009.0,1008.4,2021/06/09 09:14:00,1004.2,2021/06/09 17:47:00,27.9,30.7,2021/06/09 12:20:00,25.4,2021/06/09 05:05:00,25.2,85,73,2021/06/09 10:56:00,2.4,200,9.3,30,2021/06/09 14:09:00,0.0,0.0,0.0,--,0.0,--,8.0,58.7,25.46,15.0,5.9,13,2021/06/09 13:00:00,6.7,28.3,27.9,27.6,27.3,27.8,26.7,26.3,,
2021-06-10,10,1004.9,1007.4,1006.2,2021/06/10 21:46:00,1003.2,2021/06/10 15:22:00,27.9,30.6,2021/06/10 14:16:00,25.6,2021/06/10 00:48:00,24.9,84,68,2021/06/10 14:24:00,2.6,210,7.7,40,2021/06/10 17:15:00,0.0,0.0,0.0,--,0.0,--,10.4,76.3,26.35,15.7,5.8,14,2021/06/10 12:00:00,6.7,28.5,28.1,27.8,27.6,28.2,27.0,26.3,,
2021-06-11,11,1005.8,1008.3,1008.3,2021/06/11 22:05:00,1004.4,2021/06/11 04:14:00,28.6,31.5,2021/06/11 12:20:00,25.1,2021/06/11 04:08:00,23.9,76,59,2021/06/11 15:34:00,2.5,20,9.4,30,2021/06/11 11:58:00,0.0,0.0,0.0,--,0.0,--,11.9,87.3,28.53,17.0,6.7,14,2021/06/11 13:00:00,6.7,28.6,28.1,27.9,27.8,28.4,27.2,26.4,,
2021-06-12,12,1008.1,1010.6,1010.1,2021/06/12 22:59:00,1006.8,2021/06/12 16:40:00,28.0,30.1,2021/06/12 11:26:00,25.8,2021/06/12 23:45:00,25.7,87,79,2021/06/12 09:37:00,2.9,250,8.3,290,2021/06/12 11:18:00,T,0.2,T,2021/06/12 21:02:00,T,2021/06/12 21:02:00,11.3,82.9,27.51,14.8,-6.2,13,2021/06/12 12:00:00,6.0,29.0,28.5,28.3,28.1,28.6,27.4,26.6,,
2021-06-13,13,1007.3,1009.8,1009.7,2021/06/13 08:05:00,1005.0,2021/06/13 17:16:00,28.5,30.9,2021/06/13 12:59:00,25.7,2021/06/13 00:06:00,25.1,82,75,2021/06/13 09:19:00,3.7,260,12.0,220,2021/06/13 23:56:00,0.0,0.0,0.0,--,0.0,--,11.1,81.4,26.65,18.0,6.6,14,2021/06/13 12:00:00,7.5,29.0,28.4,28.2,28.1,28.7,27.6,26.7,,
2021-06-14,14,1003.5,1005.9,1006.1,2021/06/14 00:01:00,1001.4,2021/06/14 16:49:00,29.0,30.7,2021/06/14 10:37:00,28.0,2021/06/14 05:13:00,25.5,81,71,2021/06/14 10:45:00,7.5,240,15.0,240,2021/06/14 11:26:00,0.0,0.0,0.0,--,0.0,--,9.2,67.4,25.76,24.3,7.2,13,2021/06/14 12:00:00,5.2,28.8,28.3,28.3,28.2,28.8,27.7,26.8,,
2021-06-15,15,1001.1,1003.5,1002.4,2021/06/15 10:46:00,1000.1,2021/06/15 16:35:00,29.2,30.5,2021/06/15 11:53:00,27.9,2021/06/15 05:20:00,25.9,82,75,2021/06/15 10:07:00,9.0,230,18.5,240,2021/06/15 10:01:00,0.0,0.0,0.0,--,0.0,--,11.8,86.5,27.67,24.3,8.7,13,2021/06/15 12:00:00,6.5,29.1,28.3,28.2,28.2,28.8,27.8,26.9,,
2021-06-16,16,1002.4,1004.8,1004.1,2021/06/16 09:50:00,1000.0,2021/06/16 02:22:00,29.8,31.6,2021/06/16 12:11:00,27.9,2021/06/16 04:59:00,25.3,77,63,2021/06/16 18:08:00,9.5,230,21.9,220,2021/06/16 10:25:00,0.0,0.0,0.0,--,0.0,--,12.5,91.6,28.92,24.3,9.7,14,2021/06/16 12:00:00,4.5,29.6,28.7,28.5,28.4,29.0,27.9,27.0,,
2021-06-17,17,1003.7,1006.1,1005.2,2021/06/17 09:42:00,1002.5,2021/06/17 16:47:00,29.6,31.4,2021/06/17 13:48:00,28.2,2021/06/17 04:34:00,25.7,80,71,2021/06/17 13:49:00,9.7,230,19.1,230,2021/06/17 06:44:00,0.0,0.0,0.0,--,0.0,--,12.1,88.7,27.52,26.0,8.8,13,2021/06/17 13:00:00,5.3,29.5,28.8,28.6,28.5,29.1,28.0,27.1,,
2021-06-18,18,1002.4,1004.8,1004.1,2021/06/18 08:58:00,1000.2,2021/06/18 16:05:00,29.8,31.8,2021/06/18 13:24:00,28.4,2021/06/18 02:06:00,25.4,78,65,2021/06/18 13:56:00,9.9,230,19.5,240,2021/06/18 00:22:00,0.0,0.0,0.0,--,0.0,--,12.2,89.4,27.89,28.3,9.5,13,2021/06/18 12:00:00,5.7,29.8,29.0,28.8,28.7,29.3,28.1,27.2,,
2021-06-19,19,1000.2,1002.6,1001.9,2021/06/19 00:01:00,998.0,2021/06/19 16:30:00,30.0,31.6,2021/06/19 12:14:00,28.7,2021/06/19 04:47:00,25.5,77,69,2021/06/19 16:31:00,9.9,230,20.1,230,2021/06/19 12:50:00,0.0,0.0,0.0,--,0.0,--,11.9,87.2,27.44,28.3,9.1,13,2021/06/19 12:00:00,6.2,30.1,29.2,29.0,28.8,29.4,28.2,27.3,,
2021-06-20,20,999.0,1001.4,1000.4,2021/06/20 22:02:00,997.1,2021/06/20 16:41:00,30.1,32.3,2021/06/20 11:50:00,28.8,2021/06/20 03:34:00,25.6,77,67,2021/06/20 11:51:00,8.9,230,18.4,220,2021/06/20 03:07:00,0.0,0.0,0.0,--,0.0,--,8.6,63.0,23.84,28.3,8.0,12,2021/06/20 12:00:00,9.2,30.2,29.4,29.1,29.0,29.6,28.3,27.4,,
2021-06-21,21,999.9,1002.3,1002.3,2021/06/21 22:33:00,998.3,2021/06/21 03:10:00,28.6,30.7,2021/06/21 11:43:00,25.7,2021/06/21 23:58:00,25.0,81,69,2021/06/21 09:08:00,7.9,230,22.1,230,2021/06/21 09:41:00,0.5,2.0,0.5,2021/06/21 22:14:00,0.5,2021/06/21 22:14:00,3.9,28.6,16.71,21.7,-2.2,10,2021/06/21 12:00:00,9.3,29.0,28.7,28.9,28.8,29.5,28.4,27.5,,
2021-06-22,22,1002.4,1004.9,1004.6,2021/06/22 21:36:00,999.8,2021/06/22 01:48:00,26.2,28.2,2021/06/22 11:21:00,24.5,2021/06/22 22:01:00,24.8,92,80,2021/06/22 08:29:00,4.3,230,16.1,230,2021/06/22 09:58:00,113.5,9.3,8.0,2021/06/22 15:13:00,32.0,2021/06/22 14:43:00,0.1,0.7,5.72,11.3,/,4,2021/06/22 13:00:00,10.0,27.0,27.1,27.6,27.8,28.8,27.9,27.6,,
2021-06-23,23,1004.9,1007.4,1006.8,2021/06/23 20:21:00,1002.9,2021/06/23 02:36:00,25.2,28.5,2021/06/23 12:22:00,23.3,2021/06/23 20:35:00,23.9,92,78,2021/06/23 10:44:00,2.7,90,10.2,30,2021/06/23 13:27:00,10.0,4.2,2.5,2021/06/23 15:58:00,6.5,2021/06/23 15:17:00,0.0,0.0,7.45,12.8,-0.1,4,2021/06/23 11:00:00,10.0,26.3,26.2,26.5,26.7,27.8,26.7,27.4,,
2021-06-24,24,1005.0,1007.5,1006.2,2021/06/24 22:00:00,1003.8,2021/06/24 16:42:00,25.9,28.5,2021/06/24 13:14:00,24.1,2021/06/24 02:09:00,23.8,88,74,2021/06/24 12:44:00,2.1,50,6.8,30,2021/06/24 12:05:00,T,0.2,T,2021/06/24 14:21:00,T,2021/06/24 14:21:00,0.5,3.7,8.92,15.7,-1.9,6,2021/06/24 13:00:00,10.0,26.5,26.3,26.4,26.5,27.5,26.8,27.2,,
2021-06-25,25,1004.8,1007.3,1005.9,2021/06/25 22:26:00,1003.2,2021/06/25 16:19:00,26.0,28.6,2021/06/25 10:51:00,24.4,2021/06/25 04:13:00,24.5,92,80,2021/06/25 10:00:00,1.6,330,6.3,290,2021/06/25 13:23:00,12.5,3.8,2.5,2021/06/25 20:56:00,8.5,2021/06/25 20:53:00,1.8,13.2,13.56,15.5,-1.6,10,2021/06/25 11:00:00,9.8,27.0,26.7,26.8,26.8,27.7,27.0,27.2,,
2021-06-26,26,1004.5,1007.0,1005.9,2021/06/26 09:18:00,1003.3,2021/06/26 16:39:00,27.9,29.9,2021/06/26 12:50:00,24.9,2021/06/26 00:13:00,24.8,84,73,2021/06/26 16:59:00,6.6,240,17.2,220,2021/06/26 23:56:00,0.0,0.0,0.0,--,0.0,--,11.0,80.6,26.58,16.2,8.2,13,2021/06/26 13:00:00,7.7,27.5,27.1,27.1,27.0,27.8,27.1,27.2,,
2021-06-27,27,1002.8,1005.2,1005.0,2021/06/27 00:01:00,1000.9,2021/06/27 16:42:00,29.1,31.2,2021/06/27 15:11:00,27.5,2021/06/27 03:59:00,24.8,78,66,2021/06/27 16:38:00,8.5,230,19.0,220,2021/06/27 20:08:00,0.0,0.0,0.0,--,0.0,--,11.1,81.4,26.97,19.0,-8.2,13,2021/06/27 12:00:00,5.8,27.8,27.4,27.4,27.4,28.1,27.4,27.1,,
2021-06-28,28,1001.5,1004.0,1002.8,2021/06/28 07:35:00,1000.4,2021/06/28 16:27:00,28.6,30.6,2021/06/28 11:51:00,25.8,2021/06/28 05:01:00,24.6,79,67,2021/06/28 15:53:00,9.3,230,19.7,230,2021/06/28 11:00:00,0.5,0.7,0.5,2021/06/28 04:45:00,0.5,2021/06/28 04:45:00,4.8,35.2,20.82,19.3,-6.0,13,2021/06/28 12:00:00,8.3,27.2,27.2,27.4,27.5,28.2,27.5,27.1,,
2021-06-29,29,1002.5,1004.9,1003.8,2021/06/29 07:07:00,1001.5,2021/06/29 03:48:00,28.7,30.3,2021/06/29 15:00:00,25.8,2021/06/29 07:22:00,24.6,79,71,2021/06/29 15:00:00,9.5,230,19.3,240,2021/06/29 16:23:00,4.0,0.5,2.5,2021/06/29 07:12:00,4.0,2021/06/29 07:10:00,4.9,35.9,19.88,18.7,6.5,9,2021/06/29 14:00:00,7.3,27.1,27.1,27.2,27.3,28.2,27.6,27.2,,
2021-06-30,30,1003.3,1005.7,1004.4,2021/06/30 10:20:00,1002.1,2021/06/30 17:03:00,28.8,29.9,2021/06/30 13:16:00,28.0,2021/06/30 23:36:00,25.5,83,76,2021/06/30 15:33:00,9.4,240,19.3,240,2021/06/30 11:08:00,0.0,0.0,0.0,--,0.0,--,9.7,71.2,26.21,22.0,8.4,13,2021/06/30 12:00:00,7.0,27.5,27.4,27.4,27.4,28.2,27.6,27.2,,
2021-07-01,1,1003.8,1006.2,1005.6,2021/07/01 22:12:00,1002.6,2021/07/01 15:58:00,28.8,30.3,2021/07/01 11:11:00,27.9,2021/07/01 21:12:00,24.8,79,72,2021/07/01 07:40:00,8.6,230,18.9,250,2021/07/01 10:28:00,0.0,0.0,0.0,--,0.0,--,10.0,73.4,28.28,23.0,7.7,14,2021/07/01 13:00:00,7.3,27.6,27.5,27.6,27.6,28.3,27.7,27.2,,
2021-07-02,2,1005.0,1007.4,1006.3,2021/07/02 22:01:00,1004.1,2021/07/02 15:24:00,28.6,30.3,2021/07/02 12:12:00,27.1,2021/07/02 23:56:00,25.5,83,78,2021/07/02 00:12:00,6.2,230,15.1,240,2021/07/02 07:07:00,0.0,0.0,0.0,--,0.0,--,12.4,91.1,28.09,26.0,7.6,13,2021/07/02 12:00:00,4.0,28.4,28.1,28.1,28.0,28.7,27.9,27.2,,
2021-07-03,3,1005.1,1007.5,1006.5,2021/07/03 21:51:00,1003.8,2021/07/03 15:22:00,28.4,30.9,2021/07/03 12:03:00,26.2,2021/07/03 04:46:00,25.3,84,73,2021/07/03 12:06:00,4.3,220,11.7,250,2021/07/03 08:49:00,0.0,0.0,0.0,--,0.0,--,12.8,94.1,28.09,22.7,6.6,13,2021/07/03 12:00:00,5.0,28.6,28.5,28.4,28.4,29.0,28.1,27.3,,
2021-07-04,4,1006.5,1008.9,1008.0,2021/07/04 20:37:00,1005.1,2021/07/04 03:25:00,28.6,30.5,2021/07/04 11:37:00,26.5,2021/07/04 01:26:00,25.4,83,70,2021/07/04 20:03:00,2.4,220,8.2,280,2021/07/04 10:58:00,0.0,0.0,0.0,--,0.0,--,5.6,41.2,21.36,9.5,5.5,11,2021/07/04 12:00:00,9.0,28.6,28.6,28.7,28.6,29.3,28.4,27.4,,
2021-07-05,5,1005.3,1007.8,1006.8,2021/07/05 07:44:00,1003.5,2021/07/05 23:59:59,28.7,31.8,2021/07/05 12:33:00,25.7,2021/07/05 05:19:00,25.1,81,64,2021/07/05 10:04:00,2.3,220,6.3,250,2021/07/05 07:32:00,T,0.1,T,2021/07/05 23:50:00,T,2021/07/05 23:50:00,12.9,94.9,28.56,26.0,-6.3,14,2021/07/05 13:00:00,3.2,29.2,28.9,28.8,28.7,29.4,28.5,27.5,,
2021-07-06,6,1003.9,1006.4,1008.8,2021/07/06 23:10:00,1000.2,2021/07/06 04:34:00,28.3,30.6,2021/07/06 11:49:00,26.4,2021/07/06 04:38:00,25.9,87,79,2021/07/06 09:45:00,4.4,230,15.6,250,2021/07/06 12:16:00,0.0,0.0,0.0,--,0.0,--,4.6,33.9,18.58,17.0,5.2,13,2021/07/06 12:00:00,8.3,28.6,28.8,29.0,29.0,29.7,28.7,27.7,,
2021-07-07,7,1009.3,1011.8,1011.0,2021/07/07 21:59:00,1007.7,2021/07/07 03:02:00,28.9,31.8,2021/07/07 11:24:00,26.5,2021/07/07 04:32:00,25.4,82,71,2021/07/07 09:21:00,3.1,220,9.7,250,2021/07/07 12:42:00,0.0,0.0,0.0,--,0.0,--,8.8,64.8,26.21,17.3,6.8,13,2021/07/07 12:00:00,6.3,29.4,29.1,29.1,29.0,29.6,28.7,27.8,,
2021-07-08,8,1009.4,1011.8,1011.2,2021/07/08 09:04:00,1007.5,2021/07/08 17:38:00,28.9,31.6,2021/07/08 14:40:00,26.7,2021/07/08 03:39:00,25.1,80,66,2021/07/08 14:41:00,3.9,220,9.6,240,2021/07/08 16:26:00,0.0,0.0,0.0,--,0.0,--,11.3,83.3,27.34,14.7,6.9,13,2021/07/08 13:00:00,4.3,29.8,29.6,29.6,29.5,30.0,29.0,27.9,,
2021-07-09,9,1008.1,1010.6,1009.1,2021/07/09 21:55:00,1006.8,2021/07/09 16:05:00,29.0,31.5,2021/07/09 14:00:00,26.5,2021/07/09 01:17:00,25.6,82,69,2021/07/09 13:50:00,4.3,240,11.1,220,2021/07/09 09:51:00,0.0,0.0,0.0,--,0.0,--,12.4,91.4,28.71,19.3,-7.5,13,2021/07/09 13:00:00,2.7,30.1,29.7,29.6,29.6,30.2,29.2,28.0,,
2021-07-10,10,1008.9,1011.4,1010.5,2021/07/10 21:14:00,1007.8,2021/07/10 01:45:00,29.3,32.0,2021/07/10 13:01:00,27.5,2021/07/10 05:31:00,25.6,81,68,2021/07/10 13:01:00,3.5,250,9.5,250,2021/07/10 10:11:00,T,0.2,T,2021/07/10 05:08:00,T,2021/07/10 05:08:00,9.1,67.2,25.28,17.3,6.7,12,2021/07/10 13:00:00,8.0,30.3,30.1,30.1,30.0,30.5,29.4,28.2,,
2021-07-11,11,1010.0,1012.4,1011.2,2021/07/11 10:08:00,1008.8,2021/07/11 16:36:00,29.1,32.1,2021/07/11 10:19:00,26.6,2021/07/11 04:13:00,25.4,81,65,2021/07/11 10:03:00,2.4,280,7.4,290,2021/07/11 14:38:00,0.0,0.0,0.0,--,0.0,--,8.7,64.3,24.04,15.3,6.2,12,2021/07/11 13:00:00,7.2,30.6,30.2,30.1,30.1,30.7,29.6,28.3,,
2021-07-12,12,1009.0,1011.4,1010.6,2021/07/12 08:35:00,1007.4,2021/07/12 16:45:00,28.9,31.7,2021/07/12 12:01:00,26.9,2021/07/12 04:54:00,26.1,85,75,2021/07/12 12:02:00,2.8,280,7.9,280,2021/07/12 13:50:00,0.0,0.0,0.0,--,0.0,--,7.2,53.2,23.35,17.0,5.9,13,2021/07/12 12:00:00,6.8,30.6,30.3,30.3,30.3,30.9,29.8,28.5,,
2021-07-13,13,1007.3,1009.7,1008.4,2021/07/13 08:34:00,1006.0,2021/07/13 15:57:00,29.0,32.5,2021/07/13 13:26:00,26.4,2021/07/13 23:55:00,25.4,82,64,2021/07/13 11:18:00,3.0,250,8.7,260,2021/07/13 13:02:00,T,0.4,T,2021/07/13 20:43:00,T,2021/07/13 20:43:00,6.3,46.6,23.25,16.8,-6.1,12,2021/07/13 12:00:00,5.3,30.5,30.4,30.4,30.4,31.0,29.9,28.6,,
2021-07-14,14,1006.8,1009.2,1008.5,2021/07/14 07:42:00,1005.1,2021/07/14 16:59:00,29.5,33.5,2021/07/14 13:46:00,26.0,2021/07/14 01:29:00,24.1,74,55,2021/07/14 18:39:00,2.6,40,9.9,50,2021/07/14 15:27:00,0.0,0.0,0.0,--,0.0,--,10.7,79.2,26.09,16.8,7.2,12,2021/07/14 12:00:00,2.7,30.7,30.4,30.4,30.4,31.1,30.0,28.7,,
2021-07-15,15,1006.3,1008.8,1007.8,2021/07/15 07:50:00,1003.9,2021/07/15 16:09:00,29.8,33.0,2021/07/15 14:42:00,27.0,2021/07/15 05:08:00,25.3,77,58,2021/07/15 15:01:00,3.0,220,7.9,220,2021/07/15 17:55:00,0.0,0.0,0.0,--,0.0,--,10.3,76.3,24.1,16.3,7.5,11,2021/07/15 13:00:00,4.3,31.1,30.5,30.5,30.5,31.2,30.1,28.8,,
2021-07-16,16,1006.2,1008.7,1007.5,2021/07/16 09:16:00,1004.8,2021/07/16 16:33:00,29.1,31.4,2021/07/16 13:13:00,26.7,2021/07/16 05:03:00,25.2,80,67,2021/07/16 00:18:00,2.5,290,7.4,290,2021/07/16 12:05:00,0.0,0.0,0.0,--,0.0,--,8.1,60.1,23.22,14.7,5.2,11,2021/07/16 12:00:00,8.2,30.8,30.6,30.7,30.7,31.3,30.3,29.0,,
2021-07-17,17,1003.2,1005.6,1004.9,2021/07/17 00:39:00,1000.6,2021/07/17 16:22:00,29.5,34.1,2021/07/17 13:20:00,26.2,2021/07/17 04:10:00,24.4,75,58,2021/07/17 13:20:00,2.9,40,12.1,40,2021/07/17 15:43:00,0.0,0.0,0.0,--,0.0,--,9.0,66.8,22.38,15.7,6.3,11,2021/07/17 12:00:00,7.2,30.7,30.4,30.5,30.5,31.3,30.3,29.1,,
2021-07-18,18,1002.0,1004.4,1003.0,2021/07/18 00:01:00,1000.5,2021/07/18 16:14:00,29.5,33.2,2021/07/18 12:54:00,26.9,2021/07/18 05:04:00,23.8,72,60,2021/07/18 11:22:00,3.1,40,10.9,30,2021/07/18 16:43:00,0.0,0.0,0.0,--,0.0,--,7.3,54.3,23.05,16.0,7.6,11,2021/07/18 12:00:00,7.2,30.6,30.5,30.7,30.7,31.4,30.4,29.2,,
2021-07-19,19,1001.5,1004.0,1002.9,2021/07/19 07:27:00,999.5,2021/07/19 16:21:00,30.4,34.4,2021/07/19 10:14:00,26.6,2021/07/19 01:01:00,24.2,70,52,2021/07/19 10:16:00,4.2,60,17.1,50,2021/07/19 14:11:00,0.0,0.0,0.0,--,0.0,--,10.5,78.1,24.86,16.0,-7.7,11,2021/07/19 14:00:00,6.5,30.9,30.5,30.6,30.6,31.4,30.4,29.3,,
2021-07-20,20,1002.1,1004.6,1003.3,2021/07/20 06:58:00,1000.5,2021/07/20 15:51:00,29.9,33.5,2021/07/20 11:16:00,27.1,2021/07/20 05:24:00,24.7,74,60,2021/07/20 10:51:00,5.2,40,15.8,30,2021/07/20 13:33:00,T,0.1,T,2021/07/20 01:04:00,T,2021/07/20 01:04:00,12.2,90.9,24.95,22.7,-7.0,11,2021/07/20 13:00:00,8.3,30.8,30.5,30.7,30.8,31.4,30.5,29.3,,
2021-07-21,21,1000.4,1002.8,1002.2,2021/07/21 00:01:00,998.1,2021/07/21 23:56:00,28.9,32.7,2021/07/21 13:06:00,25.2,2021/07/21 22:16:00,24.8,79,60,2021/07/21 11:21:00,6.6,40,19.8,50,2021/07/21 22:04:00,29.0,1.6,10.0,2021/07/21 22:42:00,26.5,2021/07/21 22:03:00,7.4,55.2,24.37,16.7,-5.9,13,2021/07/21 12:00:00,8.5,30.2,30.2,30.5,30.6,31.4,30.5,29.4,,
2021-07-22,22,995.0,997.4,998.1,2021/07/22 00:01:00,993.0,2021/07/22 17:10:00,27.9,30.0,2021/07/22 12:15:00,26.5,2021/07/22 04:11:00,26.1,90,82,2021/07/22 12:13:00,7.6,30,18.6,20,2021/07/22 01:22:00,23.5,2.6,4.5,2021/07/22 17:21:00,10.5,2021/07/22 17:16:00,2.8,20.9,16.42,11.3,-3.8,12,2021/07/22 12:00:00,9.2,27.6,28.3,29.0,29.4,30.5,30.2,29.5,,
2021-07-23,23,992.2,994.6,993.9,2021/07/23 00:01:00,991.0,2021/07/23 19:24:00,28.7,31.3,2021/07/23 12:12:00,25.9,2021/07/23 20:03:00,26.0,85,77,2021/07/23 11:56:00,7.5,20,18.9,20,2021/07/23 02:05:00,12.0,0.8,6.5,2021/07/23 22:46:00,7.5,2021/07/23 22:46:00,5.9,44.1,22.39,11.7,-5.8,12,2021/07/23 13:00:00,8.8,27.8,28.3,28.8,29.1,30.1,29.7,29.5,,
2021-07-24,24,992.4,994.8,994.4,2021/07/24 23:54:00,991.1,2021/07/24 03:11:00,27.7,30.8,2021/07/24 15:32:00,25.2,2021/07/24 09:31:00,25.4,88,69,2021/07/24 15:18:00,6.5,230,15.9,330,2021/07/24 03:48:00,15.0,2.4,2.0,2021/07/24 09:41:00,4.5,2021/07/24 00:02:00,1.0,7.5,8.67,14.3,-2.6,6,2021/07/24 15:00:00,9.5,26.8,27.3,27.9,28.3,29.5,29.3,29.3,,
2021-07-25,25,993.1,995.4,994.3,2021/07/25 00:01:00,991.4,2021/07/25 14:09:00,29.2,31.6,2021/07/25 12:14:00,X,--,25.9,82,X,--,9.3,230,18.3,230,2021/07/25 13:44:00,0.5,0.2,0.5,2021/07/25 00:05:00,0.5,2021/07/25 00:05:00,10.2,76.4,26.03,16.5,7.7,13,2021/07/25 12:00:00,6.3,27.7,27.7,28.0,28.1,29.2,28.9,29.2,,
2021-07-26,26,993.6,996.0,994.8,2021/07/26 21:58:00,992.5,2021/07/26 15:30:00,29.7,31.6,2021/07/26 09:55:00,X,--,26.7,84,X,--,8.5,230,20.0,220,2021/07/26 03:03:00,0.0,0.0,0.0,--,0.0,--,12.4,93.0,26.98,15.5,7.1,12,2021/07/26 13:00:00,1.2,28.4,28.2,28.4,28.5,29.4,28.9,29.0,,
2021-07-27,27,993.5,995.8,994.7,2021/07/27 22:18:00,991.7,2021/07/27 15:13:00,29.9,32.5,2021/07/27 13:30:00,28.2,2021/07/27 03:42:00,26.3,81,70,2021/07/27 16:17:00,6.0,230,13.7,230,2021/07/27 08:41:00,0.0,0.0,0.0,--,0.0,--,12.4,93.1,27.66,15.8,7.1,13,2021/07/27 12:00:00,2.5,28.8,28.7,28.8,28.8,29.7,29.1,28.9,,
2021-07-28,28,995.1,997.7,997.4,2021/07/28 22:11:00,993.3,2021/07/28 15:29:00,30.6,32.9,2021/07/28 11:32:00,X,--,26.2,78,X,--,4.0,240,12.5,240,2021/07/28 16:17:00,0.0,0.0,0.0,--,0.0,--,10.3,77.4,27.15,13.5,-7.2,11,2021/07/28 13:00:00,3.5,29.3,29.1,29.3,29.3,30.1,29.3,28.9,,
2021-07-29,29,998.2,1000.6,1000.3,2021/07/29 20:04:00,996.6,2021/07/29 01:36:00,29.7,32.7,2021/07/29 12:08:00,27.2,2021/07/29 04:00:00,26.0,81,67,2021/07/29 09:47:00,4.3,240,13.7,230,2021/07/29 03:13:00,T,0.1,T,2021/07/29 03:24:00,T,2021/07/29 03:24:00,10.5,79.1,26.51,16.0,7.2,11,2021/07/29 12:00:00,6.2,29.2,29.2,29.5,29.5,30.3,29.6,28.9,,
2021-07-30,30,999.4,1001.8,1000.3,2021/07/30 08:08:00,998.1,2021/07/30 17:06:00,29.6,32.1,2021/07/30 11:55:00,27.4,2021/07/30 05:51:00,25.8,80,70,2021/07/30 10:41:00,4.7,240,13.7,240,2021/07/30 11:14:00,0.0,0.0,0.0,--,0.0,--,9.0,67.8,23.26,16.5,6.1,12,2021/07/30 13:00:00,4.0,29.4,29.2,29.5,29.6,30.5,29.7,29.0,,
2021-07-31,31,998.5,1000.9,1000.0,2021/07/31 08:05:00,996.3,2021/07/31 16:38:00,28.7,31.4,2021/07/31 11:42:00,26.3,2021/07/31 12:31:00,24.9,80,71,2021/07/31 11:05:00,5.7,230,19.6,210,2021/07/31 12:07:00,1.0,0.4,1.0,2021/07/31 12:30:00,1.0,2021/07/31 12:22:00,2.8,21.1,18.61,20.7,-4.4,10,2021/07/31 12:00:00,9.3,28.2,28.5,29.1,29.3,30.3,29.7,29.0,,
2021-08-01,1,995.6,998.0,997.6,2021/08/01 00:06:00,994.0,2021/08/01 15:26:00,28.3,31.8,2021/08/01 14:04:00,26.7,2021/08/01 01:07:00,24.5,80,66,2021/08/01 14:06:00,2.9,220,9.9,200,2021/08/01 04:29:00,T,0.6,T,2021/08/01 10:13:00,T,2021/08/01 10:13:00,0.6,4.5,9.35,16.0,-2.3,6,2021/08/01 14:00:00,9.7,28.1,28.1,28.5,28.7,29.8,29.4,29.1,,
2021-08-02,2,996.0,998.4,997.2,2021/08/02 21:06:00,995.0,2021/08/02 05:39:00,27.4,29.7,2021/08/02 10:57:00,25.1,2021/08/02 05:47:00,24.7,86,75,2021/08/02 14:55:00,3.6,220,12.9,220,2021/08/02 03:18:00,10.0,2.0,2.5,2021/08/02 03:33:00,6.0,2021/08/02 03:18:00,1.4,10.6,13.1,17.7,-3.1,9,2021/08/02 11:00:00,8.7,27.4,27.6,28.1,28.4,29.5,29.2,29.1,,
2021-08-03,3,996.4,998.8,998.0,2021/08/03 22:09:00,994.7,2021/08/03 15:09:00,28.0,30.3,2021/08/03 13:25:00,26.2,2021/08/03 00:56:00,25.7,87,78,2021/08/03 13:28:00,3.5,240,10.1,250,2021/08/03 11:21:00,T,0.1,T,2021/08/03 03:40:00,T,2021/08/03 03:40:00,2.7,20.5,17.43,12.0,4.3,10,2021/08/03 13:00:00,8.3,28.0,28.0,28.2,28.3,29.3,28.9,29.0,,
2021-08-04,4,997.6,1000.0,998.7,2021/08/04 09:51:00,996.2,2021/08/04 14:35:00,28.4,32.7,2021/08/04 11:15:00,26.3,2021/08/04 18:00:00,25.4,85,63,2021/08/04 12:40:00,2.5,40,10.7,20,2021/08/04 13:36:00,8.0,3.6,1.0,2021/08/04 15:48:00,3.5,2021/08/04 15:37:00,5.7,43.3,20.22,17.0,-4.1,13,2021/08/04 13:00:00,8.7,28.4,28.2,28.5,28.5,29.5,28.9,28.9,,
2021-08-05,5,996.8,999.2,997.7,2021/08/05 21:27:00,995.8,2021/08/05 04:02:00,27.1,30.3,2021/08/05 09:26:00,25.7,2021/08/05 05:12:00,25.7,92,77,2021/08/05 09:07:00,1.8,90,9.4,230,2021/08/05 10:32:00,3.0,1.7,0.5,2021/08/05 12:09:00,2.0,2021/08/05 13:56:00,0.7,5.3,9.26,16.7,-0.5,5,2021/08/05 10:00:00,8.7,27.5,27.8,28.2,28.4,29.4,29.0,28.8,,
2021-08-06,6,995.5,998.0,998.1,2021/08/06 09:04:00,993.1,2021/08/06 17:52:00,25.9,26.9,2021/08/06 01:02:00,24.3,2021/08/06 23:07:00,25.3,96,88,2021/08/06 03:43:00,2.1,60,7.2,190,2021/08/06 09:06:00,76.5,10.0,3.0,2021/08/06 09:09:00,10.5,2021/08/06 21:28:00,0.0,0.0,1.65,6.7,/,1,2021/08/06 13:00:00,10.0,26.6,26.8,27.4,27.7,28.9,28.5,28.7,,
2021-08-07,7,996.3,998.8,1001.4,2021/08/07 22:47:00,992.2,2021/08/07 03:27:00,24.9,26.2,2021/08/07 17:00:00,24.0,2021/08/07 05:17:00,24.5,97,92,2021/08/07 23:39:00,4.1,100,11.4,250,2021/08/07 17:38:00,139.5,13.4,8.0,2021/08/07 19:30:00,17.0,2021/08/07 08:52:00,0.0,0.0,2.94,5.7,-1.2,2,2021/08/07 13:00:00,10.0,25.3,25.4,25.9,26.4,27.8,26.8,27.9,,
2021-08-08,8,1002.3,1004.8,1004.8,2021/08/08 23:15:00,1000.0,2021/08/08 02:02:00,28.2,30.6,2021/08/08 11:55:00,25.2,2021/08/08 00:02:00,25.9,88,80,2021/08/08 12:03:00,4.9,240,12.7,240,2021/08/08 09:57:00,0.0,0.0,0.0,--,0.0,--,11.9,90.9,27.34,17.3,6.2,13,2021/08/08 13:00:00,5.8,26.9,26.7,26.7,26.6,27.6,26.9,27.6,,
2021-08-09,9,1004.3,1006.7,1005.6,2021/08/09 21:56:00,1002.4,2021/08/09 16:12:00,28.8,31.4,2021/08/09 13:04:00,26.6,2021/08/09 04:24:00,25.5,83,73,2021/08/09 12:43:00,3.8,240,16.7,240,2021/08/09 14:30:00,0.0,0.0,0.0,--,0.0,--,10.5,80.3,26.15,18.0,6.2,13,2021/08/09 12:00:00,5.0,27.6,27.7,27.7,27.6,28.3,27.7,27.9,,
2021-08-10,10,1005.4,1007.9,1007.0,2021/08/10 23:54:00,1004.0,2021/08/10 03:36:00,28.7,31.3,2021/08/10 09:14:00,26.9,2021/08/10 05:07:00,25.2,82,69,2021/08/10 09:22:00,3.3,200,12.7,240,2021/08/10 16:39:00,T,0.2,T,2021/08/10 15:32:00,T,2021/08/10 15:32:00,8.7,66.7,23.16,15.3,-5.2,12,2021/08/10 12:00:00,6.0,27.9,27.8,27.9,27.9,28.7,27.9,28.0,,
2021-08-11,11,1007.1,1009.5,1008.3,2021/08/11 09:12:00,1005.4,2021/08/11 16:26:00,28.3,30.7,2021/08/11 14:12:00,25.7,2021/08/11 05:36:00,25.3,84,73,2021/08/11 10:25:00,3.8,230,11.0,250,2021/08/11 14:19:00,0.0,0.0,0.0,--,0.0,--,9.7,74.5,23.75,18.3,5.1,11,2021/08/11 11:00:00,8.7,27.7,27.7,27.9,28.0,28.8,28.1,28.1,,
2021-08-12,12,1006.7,1009.1,1008.5,2021/08/12 07:55:00,1004.5,2021/08/12 16:54:00,28.6,31.1,2021/08/12 11:09:00,26.3,2021/08/12 05:32:00,25.2,82,74,2021/08/12 13:53:00,5.2,240,14.9,240,2021/08/12 12:59:00,0.0,0.0,0.0,--,0.0,--,9.8,75.3,24.62,21.3,7.0,13,2021/08/12 12:00:00,7.8,27.8,27.8,28.1,28.1,28.9,28.2,28.1,,
2021-08-13,13,1004.3,1006.8,1005.8,2021/08/13 00:01:00,1003.0,2021/08/13 15:53:00,28.7,30.7,2021/08/13 13:18:00,27.0,2021/08/13 23:15:00,25.0,81,74,2021/08/13 08:26:00,6.0,230,13.6,250,2021/08/13 13:23:00,0.0,0.0,0.0,--,0.0,--,9.2,70.8,20.63,22.7,5.0,11,2021/08/13 12:00:00,7.5,27.7,27.7,28.0,28.1,29.0,28.3,28.1,,
2021-08-14,14,1004.9,1007.4,1007.3,2021/08/14 21:22:00,1003.4,2021/08/14 15:21:00,28.6,31.2,2021/08/14 12:20:00,26.3,2021/08/14 03:00:00,24.5,79,71,2021/08/14 08:14:00,5.0,220,13.9,240,2021/08/14 12:54:00,0.0,0.0,0.0,--,0.0,--,10.0,77.1,24.6,23.7,7.0,13,2021/08/14 13:00:00,7.5,27.7,27.7,28.0,28.0,28.9,28.3,28.2,,
2021-08-15,15,1008.7,1011.2,1011.0,2021/08/15 21:53:00,1006.5,2021/08/15 01:46:00,28.8,31.2,2021/08/15 14:07:00,25.7,2021/08/15 05:42:00,24.5,78,67,2021/08/15 09:12:00,4.1,240,12.6,240,2021/08/15 11:51:00,0.0,0.0,0.0,--,0.0,--,10.4,80.4,24.25,20.3,7.0,13,2021/08/15 13:00:00,4.5,28.1,27.9,28.2,28.2,29.1,28.4,28.2,,
2021-08-16,16,1010.2,1012.6,1011.6,2021/08/16 08:35:00,1008.5,2021/08/16 17:35:00,28.8,31.3,2021/08/16 12:57:00,26.7,2021/08/16 04:33:00,25.2,81,68,2021/08/16 12:55:00,4.1,220,10.3,240,2021/08/16 08:54:00,0.0,0.0,0.0,--,0.0,--,11.1,85.9,26.11,18.3,6.9,14,2021/08/16 12:00:00,2.2,28.5,28.2,28.5,28.5,29.3,28.5,28.2,,
2021-08-17,17,1008.1,1010.6,1009.9,2021/08/17 00:02:00,1006.0,2021/08/17 14:45:00,28.8,30.7,2021/08/17 11:16:00,27.3,2021/08/17 02:55:00,25.1,81,73,2021/08/17 14:49:00,4.4,250,11.6,250,2021/08/17 10:06:00,0.0,0.0,0.0,--,0.0,--,9.5,73.7,25.09,19.0,7.4,14,2021/08/17 12:00:00,7.5,28.6,28.4,28.6,28.6,29.4,28.7,28.3,,
2021-08-18,18,1006.7,1009.2,1008.2,2021/08/18 00:01:00,1005.2,2021/08/18 17:14:00,28.1,30.2,2021/08/18 14:39:00,25.9,2021/08/18 23:23:00,25.1,84,75,2021/08/18 00:32:00,2.6,240,7.0,240,2021/08/18 10:16:00,0.0,0.0,0.0,--,0.0,--,1.0,7.8,13.67,16.7,3.4,7,2021/08/18 13:00:00,8.8,28.2,28.3,28.6,28.7,29.5,28.8,28.4,,
2021-08-19,19,1006.9,1009.4,1008.1,2021/08/19 09:11:00,1005.1,2021/08/19 03:53:00,27.9,31.6,2021/08/19 16:13:00,25.3,2021/08/19 05:39:00,24.3,81,62,2021/08/19 16:40:00,2.0,180,7.4,190,2021/08/19 18:12:00,0.0,0.0,0.0,--,0.0,--,7.7,59.9,22.31,17.3,6.0,11,2021/08/19 12:00:00,6.2,28.1,28.2,28.4,28.5,29.4,28.7,28.4,,
2021-08-20,20,1007.6,1010.1,1009.0,2021/08/20 09:07:00,1005.8,2021/08/20 15:53:00,28.2,31.1,2021/08/20 11:48:00,25.1,2021/08/20 03:36:00,24.4,80,67,2021/08/20 11:18:00,2.5,260,8.6,230,2021/08/20 11:32:00,0.0,0.0,0.0,--,0.0,--,11.6,90.4,24.73,21.3,5.8,12,2021/08/20 13:00:00,4.5,28.2,28.1,28.5,28.5,29.4,28.7,28.5,,
2021-08-21,21,1006.6,1009.1,1007.9,2021/08/21 08:49:00,1004.6,2021/08/21 15:36:00,28.5,31.8,2021/08/21 12:57:00,26.2,2021/08/21 04:53:00,25.2,82,60,2021/08/21 13:42:00,2.9,220,8.5,270,2021/08/21 12:43:00,0.0,0.0,0.0,--,0.0,--,10.5,82.0,23.25,16.3,6.2,13,2021/08/21 13:00:00,5.7,28.8,28.5,28.8,28.8,29.6,28.8,28.5,,
2021-08-22,22,1005.4,1007.9,1007.2,2021/08/22 08:31:00,1003.7,2021/08/22 15:42:00,28.5,31.3,2021/08/22 12:22:00,25.9,2021/08/22 03:05:00,24.9,81,68,2021/08/22 15:05:00,3.1,240,8.8,280,2021/08/22 13:40:00,0.0,0.0,0.0,--,0.0,--,11.3,88.4,25.76,18.0,6.7,12,2021/08/22 13:00:00,2.3,28.8,28.6,28.9,28.9,29.7,28.9,28.5,,
2021-08-23,23,1005.1,1007.6,1006.1,2021/08/23 23:27:00,1004.0,2021/08/23 03:06:00,29.2,31.5,2021/08/23 13:25:00,27.5,2021/08/23 05:44:00,24.8,77,63,2021/08/23 13:18:00,5.4,240,12.0,250,2021/08/23 11:42:00,0.0,0.0,0.0,--,0.0,--,10.5,82.3,25.39,19.0,7.1,12,2021/08/23 12:00:00,4.8,29.1,28.7,29.0,29.0,29.8,29.0,28.6,,
2021-08-24,24,1006.0,1008.5,1007.5,2021/08/24 22:32:00,1004.8,2021/08/24 15:57:00,28.8,31.2,2021/08/24 13:04:00,26.8,2021/08/24 05:24:00,25.1,81,72,2021/08/24 14:09:00,4.5,240,11.4,250,2021/08/24 13:39:00,T,0.8,T,2021/08/24 17:24:00,T,2021/08/24 17:24:00,10.6,83.2,24.02,18.7,-5.9,11,2021/08/24 11:00:00,6.0,29.0,28.8,29.0,29.0,29.9,29.1,28.7,,
2021-08-25,25,1007.7,1010.2,1010.0,2021/08/25 22:36:00,1006.3,2021/08/25 02:29:00,28.8,31.6,2021/08/25 14:18:00,26.4,2021/08/25 03:22:00,24.4,77,69,2021/08/25 14:08:00,3.3,190,10.2,250,2021/08/25 11:31:00,0.0,0.0,0.0,--,0.0,--,10.0,78.7,24.21,18.0,6.4,12,2021/08/25 12:00:00,3.0,29.1,28.8,29.0,29.0,29.9,29.1,28.7,,
2021-08-26,26,1009.7,1012.1,1010.7,2021/08/26 08:32:00,1007.9,2021/08/26 17:38:00,28.9,32.4,2021/08/26 11:27:00,25.8,2021/08/26 04:55:00,25.0,80,60,2021/08/26 09:42:00,2.7,20,7.9,20,2021/08/26 13:49:00,0.0,0.0,0.0,--,0.0,--,9.3,73.3,22.08,16.7,5.9,10,2021/08/26 12:00:00,3.3,29.0,28.8,29.1,29.1,30.0,29.2,28.8,,
2021-08-27,27,1009.6,1012.1,1010.4,2021/08/27 07:34:00,1008.3,2021/08/27 16:20:00,28.7,31.3,2021/08/27 11:29:00,26.3,2021/08/27 05:32:00,25.3,82,70,2021/08/27 10:08:00,2.1,280,6.8,290,2021/08/27 11:34:00,0.0,0.0,0.0,--,0.0,--,11.6,91.6,25.23,15.3,6.8,12,2021/08/27 12:00:00,3.0,29.3,29.2,29.4,29.4,30.1,29.3,28.8,,
2021-08-28,28,1008.8,1011.3,1009.8,2021/08/28 02:17:00,1007.0,2021/08/28 14:31:00,29.1,31.7,2021/08/28 13:31:00,27.0,2021/08/28 05:25:00,25.3,80,66,2021/08/28 16:10:00,2.4,280,8.2,290,2021/08/28 15:50:00,0.0,0.0,0.0,--,0.0,--,10.5,83.1,24.26,14.0,5.6,12,2021/08/28 12:00:00,6.5,29.7,29.4,29.5,29.5,30.3,29.4,28.9,,
2021-08-29,29,1008.6,1011.1,1009.8,2021/08/29 23:02:00,1007.1,2021/08/29 17:23:00,29.2,31.9,2021/08/29 15:34:00,26.4,2021/08/29 01:47:00,25.1,79,63,2021/08/29 09:44:00,2.4,340,8.3,320,2021/08/29 14:13:00,0.0,0.0,0.0,--,0.0,--,9.5,75.3,23.97,14.7,5.2,11,2021/08/29 13:00:00,7.0,29.6,29.4,29.6,29.6,30.4,29.5,29.0,,
2021-08-30,30,1008.8,1011.3,1010.5,2021/08/30 10:01:00,1007.1,2021/08/30 23:44:00,29.0,31.8,2021/08/30 12:45:00,26.4,2021/08/30 04:56:00,24.5,77,69,2021/08/30 07:17:00,3.1,60,13.4,80,2021/08/30 23:24:00,0.0,0.0,0.0,--,0.0,--,6.0,47.6,17.59,12.0,5.0,10,2021/08/30 13:00:00,6.7,29.3,29.2,29.4,29.5,30.4,29.6,29.0,,
2021-08-31,31,1008.5,1010.9,1009.5,2021/08/31 12:07:00,1006.4,2021/08/31 02:25:00,29.2,32.1,2021/08/31 11:22:00,26.0,2021/08/31 05:28:00,24.7,77,65,2021/08/31 10:26:00,2.1,300,11.4,70,2021/08/31 00:13:00,0.0,0.0,0.0,--,0.0,--,8.0,63.6,20.02,11.0,4.9,11,2021/08/31 12:00:00,3.3,29.0,29.0,29.4,29.4,30.3,29.5,29.1,,
2021-09-01,1,1007.9,1010.4,1009.3,2021/09/01 09:07:00,1006.4,2021/09/01 17:28:00,28.9,31.6,2021/09/01 11:19:00,26.2,2021/09/01 03:23:00,25.7,84,70,2021/09/01 10:42:00,2.1,260,7.8,280,2021/09/01 11:58:00,0.0,0.0,0.0,--,0.0,--,9.9,78.9,23.98,12.3,5.0,11,2021/09/01 12:00:00,4.2,29.6,29.2,29.5,29.5,30.3,29.5,29.1,,
2021-09-02,2,1006.7,1009.2,1008.6,2021/09/02 00:02:00,1004.7,2021/09/02 17:07:00,29.2,31.9,2021/09/02 12:40:00,27.1,2021/09/02 01:25:00,25.8,83,67,2021/09/02 14:48:00,2.2,270,8.4,220,2021/09/02 08:55:00,0.0,0.0,0.0,--,0.0,--,8.9,71.1,23.1,14.3,5.8,11,2021/09/02 12:00:00,3.5,29.8,29.6,29.8,29.8,30.5,29.6,29.2,,
2021-09-03,3,1005.7,1008.1,1006.9,2021/09/03 00:30:00,1003.7,2021/09/03 16:10:00,29.0,31.3,2021/09/03 12:20:00,27.6,2021/09/03 03:38:00,25.4,81,69,2021/09/03 11:49:00,3.2,250,7.8,280,2021/09/03 12:14:00,0.0,0.0,0.0,--,0.0,--,10.5,84.0,25.33,18.7,7.6,12,2021/09/03 12:00:00,3.7,30.0,29.7,29.8,29.8,30.6,29.8,29.2,,
2021-09-04,4,1007.0,1009.4,1008.4,2021/09/04 20:53:00,1006.0,2021/09/04 03:45:00,28.7,32.0,2021/09/04 14:01:00,26.3,2021/09/04 23:39:00,24.9,80,62,2021/09/04 13:57:00,2.3,300,7.6,310,2021/09/04 11:17:00,0.0,0.0,0.0,--,0.0,--,7.1,56.9,21.48,16.0,6.2,11,2021/09/04 12:00:00,5.8,29.7,29.6,29.8,29.9,30.7,29.9,29.3,,
2021-09-05,5,1007.0,1009.5,1008.8,2021/09/05 23:48:00,1005.6,2021/09/05 15:36:00,28.8,32.6,2021/09/05 13:30:00,24.9,2021/09/05 05:04:00,24.8,80,63,2021/09/05 09:42:00,2.3,320,8.0,120,2021/09/05 18:42:00,0.0,0.0,0.0,--,0.0,--,7.5,60.3,18.46,16.0,-4.6,8,2021/09/05 14:00:00,5.3,29.2,29.1,29.5,29.5,30.5,29.8,29.3,,
2021-09-06,6,1008.7,1011.2,1009.8,2021/09/06 20:21:00,1007.7,2021/09/06 02:32:00,29.3,32.3,2021/09/06 12:51:00,26.9,2021/09/06 05:30:00,25.5,80,67,2021/09/06 12:48:00,3.0,260,8.4,230,2021/09/06 08:56:00,T,0.1,T,2021/09/06 01:10:00,T,2021/09/06 01:10:00,11.0,88.6,23.47,16.0,6.0,12,2021/09/06 13:00:00,6.8,30.0,29.7,29.8,29.8,30.6,29.9,29.4,,
2021-09-07,7,1008.0,1010.5,1009.7,2021/09/07 00:01:00,1005.8,2021/09/07 17:50:00,29.3,33.0,2021/09/07 13:14:00,26.3,2021/09/07 04:47:00,25.5,81,65,2021/09/07 13:10:00,2.8,200,8.7,20,2021/09/07 17:08:00,0.0,0.0,0.0,--,0.0,--,10.6,85.5,23.84,15.3,6.3,12,2021/09/07 12:00:00,5.2,30.1,29.8,29.9,29.9,30.7,30.0,29.4,,
2021-09-08,8,1006.7,1009.1,1007.7,2021/09/08 00:01:00,1005.0,2021/09/08 17:09:00,29.5,32.2,2021/09/08 15:40:00,26.9,2021/09/08 05:55:00,24.7,76,54,2021/09/08 17:59:00,3.4,40,10.3,20,2021/09/08 14:34:00,0.0,0.0,0.0,--,0.0,--,8.3,67.1,19.42,15.3,6.3,11,2021/09/08 12:00:00,5.8,29.8,29.8,30.1,30.1,30.9,30.1,29.5,,
2021-09-09,9,1006.7,1009.2,1007.9,2021/09/09 09:50:00,1005.5,2021/09/09 16:38:00,29.8,33.0,2021/09/09 13:05:00,26.5,2021/09/09 05:53:00,23.1,67,53,2021/09/09 16:40:00,2.6,330,7.1,330,2021/09/09 12:47:00,0.0,0.0,0.0,--,0.0,--,9.7,78.6,20.95,18.0,5.1,11,2021/09/09 13:00:00,5.0,30.0,29.6,29.8,29.8,30.7,30.0,29.5,,
2021-09-10,10,1004.9,1007.3,1007.0,2021/09/10 08:42:00,1002.7,2021/09/10 16:47:00,30.3,33.7,2021/09/10 16:58:00,27.0,2021/09/10 04:32:00,24.3,71,54,2021/09/10 17:01:00,3.4,60,13.6,60,2021/09/10 23:09:00,0.0,0.0,0.0,--,0.0,--,10.4,84.4,23.69,18.0,7.5,11,2021/09/10 12:00:00,1.7,30.4,29.9,30.1,30.1,30.9,30.1,29.6,,
2021-09-11,11,997.6,1000.0,1003.1,2021/09/11 00:09:00,993.5,2021/09/11 23:19:00,30.5,34.0,2021/09/11 09:57:00,28.2,2021/09/11 04:23:00,24.0,69,52,2021/09/11 09:35:00,5.3,70,14.7,70,2021/09/11 20:37:00,0.0,0.0,0.0,--,0.0,--,8.6,69.9,18.74,19.3,7.2,9,2021/09/11 12:00:00,7.8,30.3,29.8,30.1,30.2,31.0,30.3,29.6,,
2021-09-12,12,994.9,997.4,1000.2,2021/09/12 21:12:00,991.4,2021/09/12 05:04:00,27.5,29.4,2021/09/12 00:51:00,25.8,2021/09/12 16:40:00,23.8,81,63,2021/09/12 00:57:00,6.9,70,17.4,20,2021/09/12 13:02:00,5.0,2.5,1.0,2021/09/12 15:02:00,2.5,2021/09/12 15:02:00,0.3,2.4,8.81,15.7,-2.2,7,2021/09/12 13:00:00,8.8,27.5,28.3,29.1,29.4,30.6,30.2,29.7,,
2021-09-13,13,1003.3,1005.8,1007.2,2021/09/13 23:58:00,999.6,2021/09/13 02:39:00,29.7,32.1,2021/09/13 11:11:00,25.9,2021/09/13 00:11:00,25.1,77,65,2021/09/13 09:04:00,8.1,240,18.8,230,2021/09/13 14:22:00,0.5,0.1,0.5,2021/09/13 01:50:00,0.5,2021/09/13 01:50:00,10.9,89.0,23.21,18.0,6.6,11,2021/09/13 12:00:00,5.7,28.5,28.1,28.4,28.6,29.8,29.6,29.7,,
2021-09-14,14,1008.3,1010.8,1009.8,2021/09/14 23:26:00,1006.8,2021/09/14 03:26:00,29.8,32.3,2021/09/14 11:51:00,28.4,2021/09/14 19:51:00,25.9,80,69,2021/09/14 12:22:00,5.7,230,13.5,230,2021/09/14 03:06:00,0.0,0.0,0.0,--,0.0,--,11.4,93.3,23.13,22.7,7.3,11,2021/09/14 12:00:00,5.8,29.5,28.9,29.0,29.0,30.0,29.5,29.6,,
2021-09-15,15,1008.4,1010.8,1009.8,2021/09/15 08:21:00,1006.7,2021/09/15 14:46:00,29.0,32.1,2021/09/15 12:13:00,26.8,2021/09/15 23:40:00,25.2,80,67,2021/09/15 12:10:00,3.2,230,10.2,240,2021/09/15 01:32:00,0.0,0.0,0.0,--,0.0,--,10.7,87.7,22.22,19.0,-7.3,10,2021/09/15 12:00:00,6.8,29.5,29.3,29.5,29.5,30.3,29.6,29.5,,
2021-09-16,16,1006.9,1009.4,1008.2,2021/09/16 00:01:00,1005.1,2021/09/16 15:23:00,28.6,32.1,2021/09/16 13:46:00,25.6,2021/09/16 05:22:00,24.0,77,57,2021/09/16 16:05:00,2.1,130,7.6,20,2021/09/16 14:25:00,T,0.1,T,2021/09/16 07:11:00,T,2021/09/16 07:11:00,8.3,68.2,20.97,15.3,4.2,10,2021/09/16 12:00:00,6.0,29.3,29.2,29.5,29.5,30.4,29.8,29.5,,
2021-09-17,17,1007.9,1010.3,1009.2,2021/09/17 10:05:00,1006.6,2021/09/17 02:36:00,28.9,32.1,2021/09/17 11:37:00,26.2,2021/09/17 05:08:00,24.5,77,65,2021/09/17 09:41:00,2.5,60,8.2,330,2021/09/17 13:14:00,0.0,0.0,0.0,--,0.0,--,8.9,73.3,21.89,12.7,5.5,10,2021/09/17 12:00:00,3.8,29.8,29.4,29.6,29.7,30.6,29.9,29.5,,
2021-09-18,18,1009.4,1011.9,1010.7,2021/09/18 08:48:00,1008.4,2021/09/18 01:14:00,28.9,32.5,2021/09/18 12:19:00,26.0,2021/09/18 04:59:00,24.7,79,66,2021/09/18 11:57:00,2.6,60,9.7,20,2021/09/18 12:37:00,0.0,0.0,0.0,--,0.0,--,8.7,71.8,21.41,13.3,6.7,9,2021/09/18 12:00:00,5.8,29.6,29.5,29.7,29.8,30.7,29.9,29.5,,
2021-09-19,19,1009.1,1011.6,1010.2,2021/09/19 08:41:00,1007.9,2021/09/19 14:22:00,28.6,32.4,2021/09/19 12:19:00,25.7,2021/09/19 04:51:00,25.2,82,64,2021/09/19 11:10:00,2.4,320,6.9,230,2021/09/19 08:40:00,0.0,0.0,0.0,--,0.0,--,11.3,93.4,23.59,15.0,6.0,11,2021/09/19 12:00:00,2.0,29.8,29.5,29.8,29.9,30.7,30.0,29.6,,
2021-09-20,20,1008.3,1010.8,1010.1,2021/09/20 08:46:00,1005.9,2021/09/20 15:35:00,29.1,32.7,2021/09/20 14:03:00,26.3,2021/09/20 02:57:00,24.7,78,53,2021/09/20 15:18:00,3.0,260,7.5,280,2021/09/20 10:34:00,0.0,0.0,0.0,--,0.0,--,9.6,79.5,22.78,14.7,5.6,12,2021/09/20 12:00:00,3.7,30.0,29.7,29.9,30.0,30.9,30.1,29.6,,
2021-09-21,21,1007.4,1009.9,1008.9,2021/09/21 08:37:00,1005.4,2021/09/21 15:40:00,29.3,33.1,2021/09/21 12:57:00,26.8,2021/09/21 23:47:00,24.8,77,57,2021/09/21 12:39:00,3.1,240,8.4,250,2021/09/21 07:46:00,0.0,0.0,0.0,--,0.0,--,8.6,71.4,20.96,16.0,5.5,11,2021/09/21 13:00:00,6.5,30.0,29.7,30.0,30.0,30.9,30.2,29.7,,
2021-09-22,22,1009.5,1012.0,1011.4,2021/09/22 20:19:00,1008.0,2021/09/22 02:46:00,29.0,32.5,2021/09/22 11:53:00,26.0,2021/09/22 04:02:00,24.5,77,53,2021/09/22 12:10:00,2.4,50,6.7,280,2021/09/22 12:28:00,0.0,0.0,0.0,--,0.0,--,10.6,88.2,23.27,16.0,6.9,11,2021/09/22 12:00:00,4.3,29.9,29.7,30.0,30.1,30.9,30.2,29.7,,
2021-09-23,23,1011.4,1013.9,1012.8,2021/09/23 21:19:00,1009.3,2021/09/23 16:06:00,29.6,33.9,2021/09/23 13:53:00,25.5,2021/09/23 04:41:00,24.3,74,57,2021/09/23 17:05:00,2.7,180,9.9,60,2021/09/23 16:16:00,0.0,0.0,0.0,--,0.0,--,10.2,85.0,21.4,16.0,5.9,10,2021/09/23 12:00:00,6.5,30.0,29.7,30.0,30.1,31.0,30.3,29.8,,
2021-09-24,24,1011.5,1013.9,1012.9,2021/09/24 00:41:00,1009.7,2021/09/24 15:15:00,29.5,33.7,2021/09/24 12:10:00,26.8,2021/09/24 05:03:00,23.5,70,53,2021/09/24 10:08:00,6.6,60,18.1,30,2021/09/24 15:06:00,0.0,0.0,0.0,--,0.0,--,11.0,91.9,22.06,19.3,-7.7,10,2021/09/24 13:00:00,5.2,29.6,29.4,29.9,30.0,31.0,30.3,29.8,,
2021-09-25,25,1010.4,1012.9,1012.0,2021/09/25 10:05:00,1009.3,2021/09/25 15:04:00,28.8,32.5,2021/09/25 12:09:00,26.7,2021/09/25 05:28:00,22.2,68,54,2021/09/25 11:40:00,6.6,60,16.3,40,2021/09/25 11:19:00,T,0.1,T,2021/09/25 03:01:00,T,2021/09/25 03:01:00,10.6,88.7,21.44,17.3,7.8,9,2021/09/25 13:00:00,2.2,28.9,28.9,29.4,29.7,30.8,30.3,29.9,,
2021-09-26,26,1009.5,1012.0,1010.7,2021/09/26 07:46:00,1008.3,2021/09/26 15:02:00,28.1,31.6,2021/09/26 09:38:00,25.3,2021/09/26 05:47:00,22.8,73,56,2021/09/26 09:38:00,6.3,50,15.3,40,2021/09/26 13:50:00,0.0,0.0,0.0,--,0.0,--,11.1,93.1,22.83,18.7,6.8,10,2021/09/26 12:00:00,0.8,28.5,28.6,29.1,29.3,30.5,30.1,29.9,,
2021-09-27,27,1007.9,1010.4,1009.0,2021/09/27 09:13:00,1006.7,2021/09/27 14:13:00,28.1,31.6,2021/09/27 12:46:00,26.2,2021/09/27 22:20:00,23.8,78,65,2021/09/27 10:46:00,6.0,50,14.1,40,2021/09/27 12:35:00,0.0,0.0,0.0,--,0.0,--,9.6,80.7,21.36,18.7,5.8,10,2021/09/27 12:00:00,1.7,28.7,28.8,29.2,29.4,30.4,29.9,29.8,,
2021-09-28,28,1006.5,1009.0,1007.8,2021/09/28 00:01:00,1005.2,2021/09/28 14:34:00,27.8,31.4,2021/09/28 11:22:00,25.2,2021/09/28 06:11:00,22.8,75,60,2021/09/28 12:49:00,5.6,50,16.5,40,2021/09/28 11:51:00,0.0,0.0,0.0,--,0.0,--,11.3,95.2,22.57,17.7,7.4,10,2021/09/28 12:00:00,1.0,28.4,28.6,29.1,29.2,30.4,29.9,29.8,,
2021-09-29,29,1005.3,1007.7,1006.7,2021/09/29 08:06:00,1003.9,2021/09/29 15:25:00,27.1,31.3,2021/09/29 11:02:00,23.5,2021/09/29 03:51:00,22.7,78,58,2021/09/29 09:12:00,3.1,60,10.1,20,2021/09/29 14:32:00,0.0,0.0,0.0,--,0.0,--,11.2,94.6,22.99,17.3,5.3,10,2021/09/29 12:00:00,0.3,28.2,28.3,28.8,29.1,30.2,29.7,29.8,,
2021-09-30,30,1005.8,1008.3,1007.4,2021/09/30 20:59:00,1004.3,2021/09/30 15:09:00,27.6,31.9,2021/09/30 12:51:00,23.5,2021/09/30 05:24:00,23.9,81,64,2021/09/30 10:35:00,2.7,20,9.5,50,2021/09/30 16:18:00,0.0,0.0,0.0,--,0.0,--,10.8,91.4,21.7,15.3,5.1,10,2021/09/30 12:00:00,0.8,28.4,28.5,28.9,29.1,30.1,29.6,29.7,,
2021-10-01,1,1007.3,1009.8,1009.2,2021/10/01 21:27:00,1005.8,2021/10/01 15:02:00,28.0,31.4,2021/10/01 11:57:00,25.1,2021/10/01 05:52:00,24.3,80,67,2021/10/01 12:23:00,2.5,60,7.7,220,2021/10/01 10:29:00,T,0.1,T,2021/10/01 09:29:00,T,2021/10/01 09:29:00,6.8,57.6,19.28,12.3,-5.3,9,2021/10/01 12:00:00,3.8,29.3,29.0,29.3,29.4,30.3,29.7,29.7,,
2021-10-02,2,1009.3,1011.8,1011.1,2021/10/02 08:33:00,1008.2,2021/10/02 15:13:00,27.9,31.6,2021/10/02 10:33:00,24.8,2021/10/02 03:45:00,23.1,76,65,2021/10/02 10:34:00,4.0,40,13.7,50,2021/10/02 15:23:00,0.0,0.0,0.0,--,0.0,--,10.4,88.4,20.76,16.0,7.0,9,2021/10/02 12:00:00,1.2,28.4,28.5,29.1,29.3,30.3,29.7,29.7,,
2021-10-03,3,1009.8,1012.3,1011.5,2021/10/03 08:34:00,1008.1,2021/10/03 14:54:00,29.5,35.2,2021/10/03 13:51:00,25.0,2021/10/03 06:18:00,19.7,57,38,2021/10/03 11:08:00,4.1,90,11.7,50,2021/10/03 15:08:00,0.0,0.0,0.0,--,0.0,--,11.2,95.3,22.49,21.2,6.9,9,2021/10/03 12:00:00,0.4,28.9,28.6,29.0,29.1,30.2,29.7,29.7,,
2021-10-04,4,1010.0,1012.5,1011.3,2021/10/04 09:32:00,1008.9,2021/10/04 04:20:00,29.8,34.7,2021/10/04 10:54:00,26.8,2021/10/04 03:07:00,22.0,64,44,2021/10/04 11:00:00,4.7,60,16.2,60,2021/10/04 21:04:00,0.0,0.0,0.0,--,0.0,--,11.2,95.5,21.8,21.2,7.8,9,2021/10/04 12:00:00,1.4,29.7,29.1,29.3,29.3,30.3,29.7,29.7,,
2021-10-05,5,1008.4,1010.9,1011.0,2021/10/05 00:01:00,1006.7,2021/10/05 14:31:00,29.8,34.1,2021/10/05 13:51:00,27.0,2021/10/05 02:44:00,20.2,57,40,2021/10/05 12:09:00,8.2,70,19.8,100,2021/10/05 11:00:00,0.0,0.0,0.0,--,0.0,--,11.2,95.7,22.5,25.2,8.5,9,2021/10/05 12:00:00,1.4,29.2,28.7,29.2,29.3,30.3,29.8,29.7,,
2021-10-06,6,1005.5,1008.0,1008.1,2021/10/06 00:01:00,1002.8,2021/10/06 14:04:00,30.2,35.0,2021/10/06 13:19:00,27.2,2021/10/06 03:53:00,21.7,61,43,2021/10/06 13:38:00,6.1,70,18.3,80,2021/10/06 12:15:00,0.0,0.0,0.0,--,0.0,--,11.1,95.1,22.04,28.0,7.7,9,2021/10/06 12:00:00,1.2,29.7,29.0,29.3,29.3,30.3,29.8,29.7,,
2021-10-07,7,1005.2,1007.6,1007.2,2021/10/07 08:55:00,1003.3,2021/10/07 14:48:00,29.6,35.3,2021/10/07 13:50:00,25.4,2021/10/07 02:57:00,22.1,65,46,2021/10/07 12:42:00,2.4,100,7.3,30,2021/10/07 13:12:00,0.0,0.0,0.0,--,0.0,--,7.3,62.7,17.89,17.6,5.4,8,2021/10/07 12:00:00,6.2,29.6,29.1,29.4,29.4,30.4,29.8,29.7,,
2021-10-08,8,1005.8,1008.3,1007.4,2021/10/08 22:12:00,1004.1,2021/10/08 14:28:00,29.8,34.4,2021/10/08 14:32:00,26.1,2021/10/08 05:17:00,22.1,64,48,2021/10/08 14:39:00,3.3,90,12.0,100,2021/10/08 16:11:00,0.0,0.0,0.0,--,0.0,--,7.8,67.1,18.43,18.4,7.0,9,2021/10/08 12:00:00,7.2,29.9,29.3,29.5,29.6,30.5,29.9,29.7,,
2021-10-09,9,1006.4,1008.9,1007.6,2021/10/09 09:19:00,1004.6,2021/10/09 14:17:00,29.8,34.0,2021/10/09 13:12:00,27.3,2021/10/09 03:40:00,21.7,62,48,2021/10/09 12:25:00,7.3,70,21.5,60,2021/10/09 11:09:00,0.0,0.0,0.0,--,0.0,--,10.9,94.0,21.54,23.2,7.7,10,2021/10/09 12:00:00,5.0,29.6,29.2,29.5,29.6,30.6,29.9,29.7,,
2021-10-10,10,1005.6,1008.1,1007.4,2021/10/10 20:55:00,1003.2,2021/10/10 14:22:00,29.5,34.2,2021/10/10 11:11:00,25.8,2021/10/10 22:46:00,22.2,66,41,2021/10/10 13:38:00,8.5,60,20.1,80,2021/10/10 11:48:00,0.5,0.1,0.5,2021/10/10 22:43:00,0.5,2021/10/10 22:43:00,11.3,97.6,21.79,25.6,-5.6,10,2021/10/10 12:00:00,0.6,29.4,29.0,29.3,29.4,30.4,29.9,29.7,,
2021-10-11,11,1002.0,1004.5,1006.0,2021/10/11 00:01:00,999.1,2021/10/11 23:46:00,26.6,27.7,2021/10/11 11:12:00,25.6,2021/10/11 04:34:00,25.3,93,85,2021/10/11 13:51:00,11.5,50,26.8,40,2021/10/11 21:03:00,93.5,10.0,8.5,2021/10/11 18:39:00,13.0,2021/10/11 05:01:00,0.3,2.6,5.86,10.6,/,4,2021/10/11 12:00:00,10.0,26.2,27.0,27.9,28.4,29.8,29.7,29.7,,
2021-10-12,12,999.0,1001.4,1001.6,2021/10/12 21:27:00,995.9,2021/10/12 03:20:00,28.7,31.2,2021/10/12 14:45:00,25.6,2021/10/12 00:01:00,24.4,78,63,2021/10/12 14:44:00,10.3,60,23.5,40,2021/10/12 02:07:00,4.0,1.8,1.5,2021/10/12 01:46:00,2.5,2021/10/12 01:46:00,4.3,37.3,10.72,16.2,-4.5,7,2021/10/12 12:00:00,8.4,26.3,26.5,27.0,27.5,28.8,28.7,29.7,,
2021-10-13,13,1005.2,1007.7,1007.6,2021/10/13 21:49:00,1000.8,2021/10/13 00:11:00,27.9,31.0,2021/10/13 11:46:00,26.0,2021/10/13 05:32:00,24.5,82,68,2021/10/13 11:47:00,3.0,100,20.2,120,2021/10/13 00:13:00,1.5,1.3,0.5,2021/10/13 04:23:00,1.5,2021/10/13 04:23:00,1.6,13.9,9.33,18.8,-1.7,6,2021/10/13 12:00:00,9.4,26.8,27.0,27.3,27.5,28.7,28.5,29.5,,
2021-10-14,14,1007.2,1009.7,1009.0,2021/10/14 08:48:00,1005.7,2021/10/14 02:45:00,27.8,30.6,2021/10/14 13:45:00,25.7,2021/10/14 02:00:00,23.9,79,64,2021/10/14 13:51:00,3.2,60,14.1,70,2021/10/14 21:09:00,T,0.1,T,2021/10/14 03:36:00,T,2021/10/14 03:36:00,0.3,2.6,10.98,18.4,3.9,6,2021/10/14 12:00:00,9.0,27.1,27.2,27.5,27.7,28.8,28.5,29.3,,
2021-10-15,15,1007.1,1009.6,1008.4,2021/10/15 08:47:00,1005.5,2021/10/15 13:52:00,28.5,31.9,2021/10/15 12:55:00,26.4,2021/10/15 05:58:00,21.0,64,51,2021/10/15 14:36:00,6.0,80,16.8,80,2021/10/15 12:23:00,0.0,0.0,0.0,--,0.0,--,9.1,79.4,19.35,27.2,6.1,9,2021/10/15 12:00:00,4.4,26.3,26.5,27.0,27.4,28.6,28.4,29.1,,
2021-10-16,16,1011.7,1014.2,1017.9,2021/10/16 23:27:00,1007.9,2021/10/16 00:47:00,26.8,31.3,2021/10/16 11:27:00,21.7,2021/10/16 23:32:00,22.3,77,57,2021/10/16 10:00:00,8.1,40,24.2,40,2021/10/16 21:05:00,10.5,2.3,3.5,2021/10/16 22:41:00,8.5,2021/10/16 22:26:00,9.2,80.5,20.42,19.2,-6.1,9,2021/10/16 12:00:00,5.2,26.0,26.4,26.9,27.2,28.4,28.3,29.0,,
2021-10-17,17,1018.2,1020.7,1020.0,2021/10/17 07:47:00,1016.9,2021/10/17 23:59:00,22.3,23.8,2021/10/17 15:06:00,20.9,2021/10/17 07:23:00,17.0,72,62,2021/10/17 15:45:00,10.2,50,25.9,40,2021/10/17 00:09:00,2.0,1.7,1.0,2021/10/17 00:02:00,1.0,2021/10/17 00:02:00,1.2,10.5,8.11,14.8,-3.9,4,2021/10/17 12:00:00,8.8,22.0,23.5,24.7,25.7,27.5,27.9,28.9,,
2021-10-18,18,1016.1,1018.6,1017.5,2021/10/18 08:53:00,1014.4,2021/10/18 14:21:00,22.8,25.9,2021/10/18 12:15:00,20.5,2021/10/18 02:39:00,17.0,70,56,2021/10/18 11:51:00,6.5,60,16.5,60,2021/10/18 00:09:00,0.0,0.0,0.0,--,0.0,--,3.9,34.2,14.57,20.4,4.3,7,2021/10/18 13:00:00,5.8,22.5,23.1,23.8,24.5,26.3,27.0,28.7,,
2021-10-19,19,1016.0,1018.5,1017.8,2021/10/19 08:47:00,1014.2,2021/10/19 14:57:00,23.9,27.0,2021/10/19 12:52:00,22.2,2021/10/19 02:01:00,18.6,72,59,2021/10/19 10:19:00,6.1,50,14.2,50,2021/10/19 22:35:00,0.0,0.0,0.0,--,0.0,--,6.4,56.3,17.31,19.2,4.8,9,2021/10/19 12:00:00,8.0,23.4,23.7,24.3,24.7,26.2,26.5,28.4,,
2021-10-20,20,1014.0,1016.5,1016.0,2021/10/20 08:16:00,1012.2,2021/10/20 13:51:00,23.8,26.5,2021/10/20 12:21:00,22.6,2021/10/20 04:11:00,20.6,82,74,2021/10/20 11:20:00,5.1,50,12.9,60,2021/10/20 08:28:00,0.0,0.0,0.0,--,0.0,--,2.8,24.7,13.81,19.2,-2.6,8,2021/10/20 13:00:00,9.2,23.8,24.0,24.5,24.9,26.2,26.4,28.1,,
2021-10-21,21,1013.6,1016.2,1016.2,2021/10/21 20:35:00,1011.1,2021/10/21 02:57:00,21.5,24.0,2021/10/21 02:53:00,19.3,2021/10/21 20:38:00,19.9,91,82,2021/10/21 09:16:00,5.8,30,16.6,50,2021/10/21 22:03:00,12.0,10.1,1.5,2021/10/21 20:21:00,2.5,2021/10/21 12:09:00,0.0,0.0,2.1,7.3,-0.3,1,2021/10/21 14:00:00,10.0,22.4,23.5,24.4,24.9,26.3,26.4,27.9,,
2021-10-22,22,1017.3,1019.9,1018.8,2021/10/22 10:01:00,1014.9,2021/10/22 02:06:00,19.6,20.3,2021/10/22 17:40:00,19.0,2021/10/22 04:00:00,18.1,91,84,2021/10/22 17:36:00,8.0,40,17.5,40,2021/10/22 06:46:00,36.5,15.3,2.5,2021/10/22 07:09:00,7.5,2021/10/22 06:33:00,0.0,0.0,2.29,7.6,-0.1,1,2021/10/22 13:00:00,10.0,20.5,21.4,22.4,23.1,24.9,25.6,27.7,,
2021-10-23,23,1017.2,1019.8,1018.6,2021/10/23 09:35:00,1015.5,2021/10/23 14:24:00,19.9,20.8,2021/10/23 13:37:00,19.3,2021/10/23 23:57:00,17.6,87,75,2021/10/23 07:21:00,8.2,50,19.1,60,2021/10/23 18:15:00,1.5,6.8,0.5,2021/10/23 10:54:00,0.5,2021/10/23 10:54:00,0.0,0.0,4.01,15.2,/,4,2021/10/23 14:00:00,10.0,20.1,21.0,21.7,22.4,24.1,24.8,27.3,,
2021-10-24,24,1016.1,1018.7,1017.9,2021/10/24 09:40:00,1014.5,2021/10/24 14:20:00,20.4,21.6,2021/10/24 23:23:00,19.2,2021/10/24 00:08:00,19.3,93,83,2021/10/24 22:03:00,6.4,50,15.8,50,2021/10/24 22:02:00,16.5,15.9,1.5,2021/10/24 07:26:00,4.5,2021/10/24 07:01:00,0.0,0.0,2.84,11.2,-0.1,2,2021/10/24 12:00:00,10.0,20.7,21.1,21.7,22.2,23.7,24.3,26.9,,
2021-10-25,25,1014.6,1017.1,1016.2,2021/10/25 00:01:00,1013.4,2021/10/25 14:20:00,21.9,23.5,2021/10/25 11:05:00,20.7,2021/10/25 01:27:00,19.1,84,76,2021/10/25 05:11:00,6.7,50,16.9,40,2021/10/25 11:28:00,0.5,6.2,0.5,2021/10/25 00:11:00,0.5,2021/10/25 00:11:00,0.1,0.9,4.54,14.8,-1.2,4,2021/10/25 12:00:00,9.2,21.0,21.4,21.9,22.4,23.7,24.1,26.5,,
2021-10-26,26,1013.4,1015.9,1014.7,2021/10/26 08:44:00,1011.8,2021/10/26 14:20:00,24.1,27.5,2021/10/26 11:31:00,21.7,2021/10/26 00:01:00,18.9,73,62,2021/10/26 11:25:00,6.6,60,15.4,60,2021/10/26 10:37:00,0.0,0.0,0.0,--,0.0,--,7.2,64.2,17.16,17.6,4.2,8,2021/10/26 12:00:00,3.8,22.1,22.1,22.4,22.6,23.8,24.0,26.2,,
2021-10-27,27,1014.9,1017.4,1016.3,2021/10/27 08:47:00,1013.4,2021/10/27 02:26:00,23.8,26.7,2021/10/27 12:42:00,21.9,2021/10/27 05:25:00,18.4,72,63,2021/10/27 10:05:00,7.2,50,18.5,30,2021/10/27 14:30:00,0.0,0.0,0.0,--,0.0,--,8.9,79.6,17.74,19.2,4.5,8,2021/10/27 12:00:00,4.4,22.3,22.4,22.8,23.0,24.2,24.2,26.0,,
2021-10-28,28,1016.5,1019.0,1018.1,2021/10/28 08:42:00,1014.8,2021/10/28 03:08:00,23.0,26.1,2021/10/28 10:37:00,20.8,2021/10/28 23:59:59,16.3,66,57,2021/10/28 09:08:00,6.1,50,16.1,40,2021/10/28 15:55:00,0.0,0.0,0.0,--,0.0,--,10.0,89.6,18.6,16.8,-5.2,8,2021/10/28 12:00:00,1.8,21.7,22.0,22.5,22.9,24.2,24.2,25.9,,
2021-10-29,29,1016.8,1019.3,1018.4,2021/10/29 07:37:00,1015.6,2021/10/29 18:02:00,22.6,25.8,2021/10/29 11:19:00,20.4,2021/10/29 01:06:00,16.3,68,55,2021/10/29 09:41:00,5.5,60,15.9,40,2021/10/29 12:22:00,T,0.2,T,2021/10/29 01:17:00,T,2021/10/29 01:17:00,6.2,55.6,16.19,16.8,-4.7,8,2021/10/29 12:00:00,6.6,21.6,21.7,22.3,22.7,24.0,24.2,25.8,,
2021-10-30,30,1017.4,1019.9,1019.1,2021/10/30 08:59:00,1015.7,2021/10/30 02:50:00,22.6,24.4,2021/10/30 12:11:00,20.3,2021/10/30 00:10:00,17.6,74,64,2021/10/30 10:14:00,5.0,50,12.2,40,2021/10/30 20:11:00,T,1.7,T,2021/10/30 06:48:00,T,2021/10/30 06:48:00,0.0,0.0,6.13,16.0,-2.5,4,2021/10/30 12:00:00,9.8,21.5,21.8,22.3,22.7,24.0,24.1,25.7,,
2021-10-31,31,1016.9,1019.4,1018.0,2021/10/31 08:20:00,1015.1,2021/10/31 13:11:00,23.6,26.5,2021/10/31 12:00:00,20.9,2021/10/31 02:19:00,18.9,75,67,2021/10/31 12:01:00,7.0,50,16.8,40,2021/10/31 13:21:00,T,0.3,T,2021/10/31 06:02:00,T,2021/10/31 06:02:00,3.4,30.6,12.64,15.2,-4.3,7,2021/10/31 12:00:00,7.2,22.4,22.1,22.5,22.8,24.0,24.1,25.6,,
2021-11-01,1,1016.9,1019.4,1018.1,2021/11/01 09:23:00,1015.5,2021/11/01 02:45:00,23.4,26.2,2021/11/01 12:15:00,22.2,2021/11/01 01:58:00,18.0,72,65,2021/11/01 11:10:00,7.3,60,17.1,40,2021/11/01 12:44:00,T,0.1,T,2021/11/01 04:38:00,T,2021/11/01 04:38:00,0.6,5.4,9.89,17.6,5.3,6,2021/11/01 13:00:00,9.4,22.3,22.2,22.7,23.0,24.1,24.1,25.5,,
2021-11-02,2,1016.1,1018.6,1018.4,2021/11/02 08:37:00,1014.3,2021/11/02 15:31:00,23.2,24.7,2021/11/02 13:40:00,22.2,2021/11/02 01:43:00,17.8,71,66,2021/11/02 13:48:00,7.3,60,15.6,40,2021/11/02 11:41:00,T,0.2,T,2021/11/02 09:06:00,T,2021/11/02 09:06:00,0.0,0.0,7.09,16.8,-4.1,5,2021/11/02 12:00:00,8.6,22.1,22.0,22.5,22.8,24.0,24.1,25.5,,
2021-11-03,3,1014.0,1016.5,1015.5,2021/11/03 06:50:00,1012.4,2021/11/03 14:57:00,23.6,27.5,2021/11/03 11:39:00,22.2,2021/11/03 22:20:00,18.7,74,61,2021/11/03 11:40:00,6.0,60,14.9,40,2021/11/03 12:24:00,T,0.8,T,2021/11/03 05:13:00,T,2021/11/03 05:13:00,2.2,19.9,12.82,16.0,-3.8,7,2021/11/03 12:00:00,8.4,22.8,22.4,22.7,23.0,24.1,24.1,25.4,,
2021-11-04,4,1012.7,1015.2,1014.3,2021/11/04 08:48:00,1011.4,2021/11/04 15:20:00,23.8,27.5,2021/11/04 11:14:00,21.7,2021/11/04 01:54:00,19.6,78,64,2021/11/04 11:18:00,2.7,110,7.8,100,2021/11/04 07:13:00,T,0.3,T,2021/11/04 03:26:00,T,2021/11/04 03:26:00,1.1,10.0,10.52,15.2,-2.1,6,2021/11/04 12:00:00,8.4,23.1,22.8,23.0,23.2,24.3,24.1,25.4,,
2021-11-05,5,1010.0,1012.5,1012.3,2021/11/05 07:08:00,1008.1,2021/11/05 15:02:00,23.0,26.2,2021/11/05 14:09:00,20.0,2021/11/05 03:23:00,20.9,88,74,2021/11/05 14:02:00,1.8,280,6.5,320,2021/11/05 14:38:00,0.0,0.0,0.0,--,0.0,--,5.7,51.8,13.23,8.9,2.3,6,2021/11/05 13:00:00,5.2,23.6,23.2,23.4,23.5,24.5,24.3,25.3,,
2021-11-06,6,1008.5,1011.0,1010.2,2021/11/06 22:18:00,1007.1,2021/11/06 13:51:00,24.3,27.4,2021/11/06 13:45:00,21.6,2021/11/06 01:08:00,21.9,87,70,2021/11/06 13:52:00,3.0,60,10.6,50,2021/11/06 22:22:00,0.0,0.0,0.0,--,0.0,--,4.8,43.7,13.3,10.5,3.4,7,2021/11/06 12:00:00,8.8,24.4,23.9,24.0,24.0,24.9,24.5,25.3,,
2021-11-07,7,1010.1,1012.6,1011.6,2021/11/07 07:28:00,1008.5,2021/11/07 14:07:00,24.2,27.2,2021/11/07 10:18:00,20.8,2021/11/07 06:04:00,21.1,83,68,2021/11/07 09:38:00,4.6,40,13.6,40,2021/11/07 13:29:00,0.0,0.0,0.0,--,0.0,--,10.3,93.9,17.83,18.0,-2.3,8,2021/11/07 12:00:00,3.8,23.8,23.5,23.9,24.1,25.0,24.7,25.4,,
2021-11-08,8,1014.9,1017.5,1018.8,2021/11/08 20:54:00,1009.8,2021/11/08 01:35:00,19.2,24.2,2021/11/08 00:52:00,16.0,2021/11/08 19:42:00,16.3,84,63,2021/11/08 22:25:00,7.1,50,19.5,50,2021/11/08 13:27:00,4.0,8.7,1.0,2021/11/08 07:42:00,2.0,2021/11/08 07:11:00,0.0,0.0,2.32,11.6,-3.3,2,2021/11/08 12:00:00,10.0,20.2,21.9,22.9,23.6,24.9,24.7,25.5,,
2021-11-09,9,1017.5,1020.1,1019.8,2021/11/09 08:33:00,1015.6,2021/11/09 13:07:00,17.0,19.6,2021/11/09 12:40:00,15.5,2021/11/09 22:01:00,9.7,62,55,2021/11/09 10:05:00,7.1,50,16.6,50,2021/11/09 01:28:00,T,0.1,T,2021/11/09 23:17:00,T,2021/11/09 23:17:00,2.9,26.5,12.85,17.6,-4.3,6,2021/11/09 12:00:00,10.0,17.7,18.9,20.1,21.1,23.0,23.8,25.5,,
2021-11-10,10,1016.6,1019.2,1018.5,2021/11/10 08:12:00,1015.0,2021/11/10 14:30:00,17.4,21.7,2021/11/10 12:02:00,12.7,2021/11/10 23:54:00,10.6,65,46,2021/11/10 12:17:00,3.2,80,9.7,50,2021/11/10 14:23:00,T,0.8,T,2021/11/10 00:01:00,T,2021/11/10 00:01:00,4.8,44.0,11.8,18.8,2.5,6,2021/11/10 12:00:00,4.8,18.5,19.0,19.9,20.6,22.3,23.0,25.2,,
2021-11-11,11,1015.8,1018.3,1017.8,2021/11/11 09:13:00,1013.6,2021/11/11 13:59:00,18.5,23.8,2021/11/11 11:46:00,12.4,2021/11/11 00:41:00,10.9,63,41,2021/11/11 11:22:00,5.1,60,16.7,50,2021/11/11 15:46:00,0.0,0.0,0.0,--,0.0,--,10.5,96.4,18.03,19.2,-4.5,7,2021/11/11 12:00:00,0.4,18.4,18.6,19.5,20.2,21.9,22.6,24.9,,
2021-11-12,12,1016.8,1019.3,1020.2,2021/11/12 08:36:00,1015.4,2021/11/12 00:17:00,19.8,22.5,2021/11/12 12:54:00,17.7,2021/11/12 07:10:00,13.2,66,54,2021/11/12 14:38:00,7.2,60,17.6,60,2021/11/12 22:21:00,1.0,4.0,0.5,2021/11/12 07:46:00,0.5,2021/11/12 07:46:00,3.5,32.2,11.49,15.8,-4.7,5,2021/11/12 11:00:00,8.4,19.1,19.2,19.9,20.4,21.9,22.4,24.6,,
2021-11-13,13,1016.6,1019.2,1018.0,2021/11/13 08:58:00,1014.8,2021/11/13 14:05:00,18.1,21.3,2021/11/13 11:32:00,16.6,2021/11/13 02:29:00,15.6,86,72,2021/11/13 10:33:00,5.8,60,15.6,60,2021/11/13 00:03:00,12.5,4.3,3.0,2021/11/13 01:46:00,9.0,2021/11/13 01:14:00,0.5,4.6,6.58,14.4,-1.4,5,2021/11/13 12:00:00,9.6,18.3,18.9,19.6,20.2,21.7,22.2,24.4,,
2021-11-14,14,1016.4,1018.9,1018.5,2021/11/14 08:19:00,1014.5,2021/11/14 14:50:00,19.4,22.5,2021/11/14 11:34:00,17.2,2021/11/14 03:16:00,14.1,72,58,2021/11/14 10:48:00,6.7,50,16.0,60,2021/11/14 13:23:00,0.5,1.3,0.5,2021/11/14 02:47:00,0.5,2021/11/14 02:47:00,4.2,38.7,12.33,25.2,4.4,5,2021/11/14 12:00:00,5.8,18.6,18.9,19.5,20.0,21.5,22.0,24.2,,
2021-11-15,15,1014.4,1017.0,1017.2,2021/11/15 09:39:00,1012.7,2021/11/15 16:17:00,21.7,25.7,2021/11/15 11:23:00,18.4,2021/11/15 03:22:00,15.2,67,51,2021/11/15 11:24:00,5.8,60,16.1,40,2021/11/15 12:22:00,0.0,0.0,0.0,--,0.0,--,7.2,66.5,14.93,27.2,4.3,6,2021/11/15 12:00:00,5.2,19.9,19.4,19.7,20.1,21.5,21.8,24.0,,
2021-11-16,16,1014.4,1016.9,1016.4,2021/11/16 20:12:00,1012.7,2021/11/16 14:09:00,22.9,26.2,2021/11/16 10:21:00,20.5,2021/11/16 02:00:00,18.2,75,59,2021/11/16 09:55:00,3.6,100,13.8,20,2021/11/16 16:15:00,T,0.4,T,2021/11/16 18:13:00,T,2021/11/16 18:13:00,5.5,50.9,12.93,14.0,-4.0,6,2021/11/16 12:00:00,7.4,21.3,20.7,20.8,20.9,22.0,22.0,23.9,,
2021-11-17,17,1013.2,1015.7,1015.1,2021/11/17 09:12:00,1011.3,2021/11/17 14:16:00,23.5,26.8,2021/11/17 12:15:00,21.6,2021/11/17 22:00:00,19.0,77,63,2021/11/17 14:23:00,4.2,60,11.4,70,2021/11/17 08:27:00,0.0,0.0,0.0,--,0.0,--,2.3,21.3,10.37,21.6,-1.1,5,2021/11/17 13:00:00,8.4,21.9,21.4,21.5,21.6,22.5,22.3,23.8,,
2021-11-18,18,1011.8,1014.3,1014.8,2021/11/18 09:01:00,1009.6,2021/11/18 15:28:00,20.6,22.4,2021/11/18 01:17:00,19.0,2021/11/18 04:22:00,19.2,91,86,2021/11/18 09:38:00,5.2,30,16.1,20,2021/11/18 03:36:00,8.5,7.6,1.5,2021/11/18 01:35:00,5.0,2021/11/18 01:35:00,0.0,0.0,2.61,10.8,/,2,2021/11/18 12:00:00,9.8,20.4,20.8,21.3,21.6,22.7,22.6,23.8,,
2021-11-19,19,1009.8,1012.3,1011.2,2021/11/19 07:36:00,1008.5,2021/11/19 15:49:00,22.5,24.9,2021/11/19 13:10:00,21.0,2021/11/19 06:00:00,20.0,86,79,2021/11/19 13:32:00,6.3,50,15.9,40,2021/11/19 19:30:00,3.0,2.5,1.5,2021/11/19 06:06:00,2.5,2021/11/19 05:57:00,2.6,24.1,9.63,14.4,-2.3,5,2021/11/19 13:00:00,8.6,21.3,21.2,21.4,21.6,22.6,22.5,23.8,,
2021-11-20,20,1010.6,1013.1,1012.2,2021/11/20 08:07:00,1008.9,2021/11/20 14:52:00,23.2,25.8,2021/11/20 12:22:00,21.7,2021/11/20 02:22:00,19.7,81,65,2021/11/20 12:09:00,6.9,50,15.4,50,2021/11/20 11:35:00,T,0.1,T,2021/11/20 07:07:00,T,2021/11/20 07:07:00,4.5,41.8,12.77,17.6,3.6,6,2021/11/20 12:00:00,8.4,21.6,21.4,21.6,21.7,22.8,22.6,23.8,,
2021-11-21,21,1011.1,1013.6,1012.6,2021/11/21 09:20:00,1009.7,2021/11/21 15:14:00,22.7,26.0,2021/11/21 12:32:00,18.8,2021/11/21 05:05:00,20.2,86,67,2021/11/21 11:52:00,2.3,20,7.3,70,2021/11/21 00:09:00,0.0,0.0,0.0,--,0.0,--,8.6,80.1,15.46,12.8,-2.1,6,2021/11/21 12:00:00,5.0,22.0,21.7,21.9,22.0,22.9,22.7,23.8,,
2021-11-22,22,1015.6,1018.2,1019.3,2021/11/22 22:14:00,1010.3,2021/11/22 02:59:00,17.6,22.4,2021/11/22 02:53:00,14.7,2021/11/22 23:39:00,16.3,92,80,2021/11/22 21:56:00,7.6,50,19.6,30,2021/11/22 09:19:00,10.5,14.4,1.0,2021/11/22 05:45:00,2.0,2021/11/22 05:45:00,0.0,0.0,1.97,5.7,/,1,2021/11/22 12:00:00,10.0,19.0,20.3,21.1,21.6,22.9,22.9,23.8,,
2021-11-23,23,1019.1,1021.7,1020.6,2021/11/23 09:47:00,1017.8,2021/11/23 02:32:00,15.7,16.7,2021/11/23 22:53:00,14.1,2021/11/23 05:52:00,11.9,78,68,2021/11/23 02:28:00,6.8,60,16.9,40,2021/11/23 04:14:00,0.5,6.5,0.5,2021/11/23 05:32:00,0.5,2021/11/23 05:32:00,0.0,0.0,1.41,13.8,-1.8,1,2021/11/23 12:00:00,10.0,16.4,17.6,18.5,19.4,21.3,22.1,23.8,,
2021-11-24,24,1017.6,1020.2,1019.8,2021/11/24 00:09:00,1016.0,2021/11/24 14:23:00,18.0,19.9,2021/11/24 13:03:00,16.2,2021/11/24 02:55:00,12.6,71,64,2021/11/24 09:39:00,6.6,50,15.8,50,2021/11/24 14:53:00,0.0,0.0,0.0,--,0.0,--,0.2,1.9,8.15,16.8,2.5,4,2021/11/24 13:00:00,9.2,17.2,17.6,18.2,18.8,20.5,21.3,23.6,,
2021-11-25,25,1015.8,1018.4,1017.6,2021/11/25 09:12:00,1014.6,2021/11/25 13:23:00,20.1,21.9,2021/11/25 12:45:00,18.1,2021/11/25 00:36:00,16.4,79,72,2021/11/25 12:09:00,7.0,50,18.5,50,2021/11/25 19:37:00,0.0,0.0,0.0,--,0.0,--,0.0,0.0,5.21,18.0,-2.4,4,2021/11/25 13:00:00,9.4,18.8,18.7,19.0,19.3,20.6,21.0,23.3,,
2021-11-26,26,1017.4,1019.9,1019.8,2021/11/26 21:18:00,1014.8,2021/11/26 04:45:00,19.6,21.8,2021/11/26 11:43:00,17.5,2021/11/26 22:56:00,15.0,75,61,2021/11/26 17:50:00,9.2,50,19.5,40,2021/11/26 15:22:00,T,1.0,T,2021/11/26 00:29:00,T,2021/11/26 00:29:00,0.4,3.7,6.55,18.0,-2.2,4,2021/11/26 12:00:00,9.8,18.5,18.8,19.2,19.6,20.8,21.1,23.1,,
2021-11-27,27,1018.4,1021.0,1020.4,2021/11/27 08:22:00,1016.9,2021/11/27 15:23:00,19.0,20.6,2021/11/27 11:45:00,17.2,2021/11/27 01:34:00,16.4,85,74,2021/11/27 23:52:00,9.2,60,19.8,60,2021/11/27 21:50:00,5.5,7.0,1.5,2021/11/27 06:45:00,3.5,2021/11/27 06:45:00,1.9,17.8,7.6,13.8,-1.6,4,2021/11/27 12:00:00,8.2,17.9,18.4,18.8,19.2,20.6,21.0,23.0,,
2021-11-28,28,1015.8,1018.3,1017.8,2021/11/28 08:06:00,1014.0,2021/11/28 23:56:00,22.2,25.0,2021/11/28 10:39:00,20.2,2021/11/28 00:01:00,17.3,74,61,2021/11/28 10:41:00,5.7,60,17.0,50,2021/11/28 03:05:00,0.0,0.0,0.0,--,0.0,--,1.7,16.0,9.84,20.0,2.6,5,2021/11/28 11:00:00,9.0,19.9,19.5,19.6,19.7,20.8,20.9,22.8,,
2021-11-29,29,1012.3,1014.8,1014.1,2021/11/29 08:28:00,1010.0,2021/11/29 14:32:00,23.3,27.8,2021/11/29 13:28:00,20.1,2021/11/29 23:45:00,18.1,73,57,2021/11/29 13:22:00,4.2,70,13.7,50,2021/11/29 10:59:00,0.0,0.0,0.0,--,0.0,--,10.0,94.0,16.21,27.2,3.4,6,2021/11/29 12:00:00,1.0,21.1,20.4,20.5,20.5,21.4,21.2,22.7,,
2021-11-30,30,1015.2,1017.8,1019.8,2021/11/30 23:57:00,1011.9,2021/11/30 02:49:00,20.5,23.6,2021/11/30 13:06:00,17.0,2021/11/30 23:59:00,16.6,79,58,2021/11/30 23:18:00,6.2,50,18.1,50,2021/11/30 23:08:00,T,0.3,T,2021/11/30 15:49:00,T,2021/11/30 15:49:00,1.5,14.1,7.96,15.2,-5.2,4,2021/11/30 14:00:00,9.2,20.2,20.2,20.6,20.7,21.7,21.5,22.7,,
2021-12-01,1,1020.4,1023.0,1022.1,2021/12/01 07:52:00,1018.2,2021/12/01 14:29:00,15.7,17.4,2021/12/01 10:26:00,14.4,2021/12/01 04:21:00,7.6,59,50,2021/12/01 08:47:00,9.1,50,20.4,40,2021/12/01 13:24:00,0.0,0.0,0.0,--,0.0,--,4.4,41.4,10.38,16.0,3.4,3,2021/12/01 14:00:00,8.2,16.1,17.2,18.4,19.1,20.9,21.3,22.8,,
2021-12-02,2,1018.9,1021.5,1020.2,2021/12/02 10:09:00,1017.0,2021/12/02 14:44:00,16.3,18.7,2021/12/02 10:47:00,13.7,2021/12/02 23:59:59,10.7,69,61,2021/12/02 01:50:00,6.7,50,17.6,50,2021/12/02 01:33:00,0.0,0.0,0.0,--,0.0,--,2.8,26.4,8.57,16.8,4.1,3,2021/12/02 11:00:00,5.6,16.5,17.1,17.8,18.4,20.0,20.7,22.7,,
2021-12-03,3,1020.0,1022.6,1021.9,2021/12/03 21:30:00,1018.0,2021/12/03 13:21:00,15.3,19.4,2021/12/03 12:19:00,11.2,2021/12/03 05:34:00,6.8,58,41,2021/12/03 10:44:00,5.3,70,15.9,40,2021/12/03 13:29:00,0.0,0.0,0.0,--,0.0,--,10.2,96.2,16.2,23.2,5.2,5,2021/12/03 12:00:00,0.8,16.0,16.3,17.1,17.9,19.6,20.2,22.5,,
2021-12-04,4,1020.1,1022.7,1022.0,2021/12/04 08:06:00,1018.4,2021/12/04 14:35:00,17.3,20.8,2021/12/04 13:06:00,13.8,2021/12/04 02:14:00,8.7,57,44,2021/12/04 13:06:00,7.6,60,19.7,60,2021/12/04 11:23:00,0.0,0.0,0.0,--,0.0,--,10.0,94.4,15.78,20.8,4.8,5,2021/12/04 12:00:00,1.0,16.7,16.3,16.9,17.5,19.2,19.8,22.3,,
2021-12-05,5,1018.4,1021.0,1020.4,2021/12/05 08:27:00,1016.7,2021/12/05 14:34:00,18.6,22.1,2021/12/05 11:37:00,16.6,2021/12/05 07:01:00,14.9,80,64,2021/12/05 10:23:00,6.4,60,15.4,40,2021/12/05 14:35:00,2.5,1.3,2.0,2021/12/05 23:26:00,2.5,2021/12/05 23:18:00,7.9,74.6,15.29,16.8,-1.7,5,2021/12/05 13:00:00,7.2,18.5,17.6,17.8,18.1,19.4,19.7,22.1,,
2021-12-06,6,1017.0,1019.6,1018.2,2021/12/06 22:37:00,1015.5,2021/12/06 14:45:00,19.3,22.0,2021/12/06 13:58:00,17.3,2021/12/06 00:36:00,16.9,87,75,2021/12/06 14:00:00,8.2,60,19.4,60,2021/12/06 15:03:00,12.0,6.0,1.5,2021/12/06 05:13:00,4.0,2021/12/06 00:41:00,5.1,48.2,11.73,13.6,-3.3,4,2021/12/06 11:00:00,8.8,18.7,18.4,18.5,18.8,19.9,19.9,21.9,,
2021-12-07,7,1019.6,1022.2,1021.0,2021/12/07 20:33:00,1017.7,2021/12/07 00:01:00,18.8,20.7,2021/12/07 12:13:00,17.4,2021/12/07 23:53:00,12.8,68,58,2021/12/07 11:55:00,9.7,60,22.1,50,2021/12/07 11:48:00,T,0.8,T,2021/12/07 00:02:00,T,2021/12/07 00:02:00,5.7,53.9,12.58,23.2,5.2,5,2021/12/07 13:00:00,4.8,17.8,17.9,18.4,18.8,20.0,20.1,21.8,,
2021-12-08,8,1020.0,1022.6,1021.7,2021/12/08 09:37:00,1018.4,2021/12/08 15:02:00,19.5,22.1,2021/12/08 11:31:00,17.3,2021/12/08 00:08:00,13.3,67,55,2021/12/08 10:40:00,9.0,50,21.2,40,2021/12/08 15:55:00,0.0,0.0,0.0,--,0.0,--,9.9,93.7,15.62,18.8,4.9,5,2021/12/08 12:00:00,0.8,18.0,17.4,17.8,18.2,19.6,19.9,21.8,,
2021-12-09,9,1018.7,1021.3,1019.9,2021/12/09 09:02:00,1017.8,2021/12/09 13:58:00,20.6,23.4,2021/12/09 10:19:00,19.0,2021/12/09 06:33:00,16.7,79,70,2021/12/09 09:08:00,6.4,40,15.3,40,2021/12/09 14:39:00,0.0,0.0,0.0,--,0.0,--,6.3,59.6,10.16,17.2,2.4,3,2021/12/09 12:00:00,3.6,19.2,18.4,18.6,18.7,19.8,19.9,21.7,,
2021-12-10,10,1017.5,1020.0,1019.0,2021/12/10 08:55:00,1015.4,2021/12/10 14:41:00,21.1,23.4,2021/12/10 09:24:00,19.6,2021/12/10 23:45:00,17.7,81,66,2021/12/10 09:18:00,8.3,50,19.1,50,2021/12/10 12:03:00,0.0,0.0,0.0,--,0.0,--,7.9,74.8,13.79,19.2,3.3,5,2021/12/10 13:00:00,5.8,20.1,19.1,19.2,19.3,20.3,20.1,21.7,,
2021-12-11,11,1018.4,1021.0,1020.1,2021/12/11 09:07:00,1016.9,2021/12/11 15:23:00,19.9,21.7,2021/12/11 13:33:00,18.9,2021/12/11 06:04:00,18.1,90,82,2021/12/11 12:38:00,8.1,40,18.1,40,2021/12/11 14:00:00,0.0,0.0,0.0,--,0.0,--,1.3,12.3,8.46,17.2,2.6,4,2021/12/11 13:00:00,9.8,19.7,19.4,19.5,19.6,20.6,20.4,21.7,,
2021-12-12,12,1019.7,1022.3,1021.6,2021/12/12 22:28:00,1017.6,2021/12/12 01:59:00,18.7,20.0,2021/12/12 09:38:00,16.8,2021/12/12 23:03:00,16.3,86,75,2021/12/12 14:50:00,8.3,40,19.1,40,2021/12/12 23:51:00,2.5,2.1,1.0,2021/12/12 22:32:00,2.5,2021/12/12 22:32:00,0.1,0.9,4.89,16.8,-1.6,2,2021/12/12 12:00:00,10.0,18.9,18.9,19.3,19.5,20.6,20.5,21.7,,
2021-12-13,13,1019.5,1022.1,1021.9,2021/12/13 08:13:00,1017.3,2021/12/13 15:09:00,17.6,20.0,2021/12/13 11:50:00,16.6,2021/12/13 03:49:00,15.0,85,75,2021/12/13 16:24:00,9.2,50,19.0,60,2021/12/13 17:42:00,2.5,7.3,0.5,2021/12/13 03:47:00,1.0,2021/12/13 05:05:00,1.2,11.4,6.45,13.6,-2.1,5,2021/12/13 12:00:00,8.6,17.1,17.8,18.4,18.8,20.1,20.3,21.8,,
2021-12-14,14,1015.6,1018.1,1017.8,2021/12/14 08:17:00,1013.6,2021/12/14 17:09:00,20.0,25.4,2021/12/14 13:54:00,16.4,2021/12/14 23:24:00,16.1,79,59,2021/12/14 13:21:00,5.0,60,15.0,70,2021/12/14 01:16:00,0.0,0.0,0.0,--,0.0,--,10.1,95.8,15.25,27.2,3.0,6,2021/12/14 12:00:00,1.2,19.3,18.4,18.5,18.7,19.9,20.0,21.7,,
2021-12-15,15,1014.1,1016.6,1016.4,2021/12/15 09:42:00,1011.6,2021/12/15 14:53:00,20.0,23.6,2021/12/15 12:03:00,16.1,2021/12/15 00:58:00,18.0,89,69,2021/12/15 12:15:00,1.7,200,5.8,330,2021/12/15 14:42:00,0.0,0.0,0.0,--,0.0,--,9.9,93.9,14.67,12.0,2.2,5,2021/12/15 12:00:00,1.2,19.8,18.9,19.0,19.2,20.3,20.1,21.6,,
2021-12-16,16,1014.3,1016.9,1015.8,2021/12/16 23:51:00,1012.3,2021/12/16 14:24:00,20.4,23.3,2021/12/16 13:49:00,18.6,2021/12/16 07:01:00,18.8,91,73,2021/12/16 13:45:00,3.2,40,9.1,50,2021/12/16 22:23:00,0.0,0.0,0.0,--,0.0,--,7.5,71.2,13.01,9.8,-3.5,5,2021/12/16 12:00:00,2.4,21.0,19.9,19.9,19.9,20.8,20.4,21.6,,
2021-12-17,17,1019.4,1022.0,1023.7,2021/12/17 23:21:00,1015.7,2021/12/17 03:04:00,17.8,20.7,2021/12/17 00:07:00,15.2,2021/12/17 23:04:00,13.2,75,58,2021/12/17 18:23:00,10.1,50,25.9,40,2021/12/17 22:36:00,T,0.3,T,2021/12/17 05:01:00,T,2021/12/17 05:01:00,0.0,0.0,2.41,11.2,-4.2,1,2021/12/17 12:00:00,9.8,17.9,18.5,19.3,19.7,20.8,20.7,21.7,,
2021-12-18,18,1022.4,1025.0,1023.6,2021/12/18 10:00:00,1021.3,2021/12/18 15:08:00,15.1,17.3,2021/12/18 11:22:00,14.0,2021/12/18 06:22:00,9.0,67,56,2021/12/18 02:20:00,9.9,50,22.5,50,2021/12/18 01:04:00,T,0.8,T,2021/12/18 13:38:00,T,2021/12/18 13:38:00,1.5,14.2,7.93,15.2,-3.2,4,2021/12/18 12:00:00,8.4,15.4,16.0,17.0,17.8,19.6,20.1,21.7,,
2021-12-19,19,1020.3,1022.9,1022.7,2021/12/19 07:21:00,1017.9,2021/12/19 15:18:00,16.7,20.2,2021/12/19 12:46:00,14.3,2021/12/19 06:33:00,9.1,61,48,2021/12/19 11:29:00,8.2,60,18.1,50,2021/12/19 15:17:00,0.0,0.0,0.0,--,0.0,--,9.6,91.1,15.53,28.0,4.8,5,2021/12/19 12:00:00,1.6,16.5,16.1,16.7,17.3,18.9,19.5,21.6,,
2021-12-20,20,1017.0,1019.6,1018.6,2021/12/20 00:06:00,1015.3,2021/12/20 23:52:00,18.2,21.2,2021/12/20 10:59:00,15.5,2021/12/20 02:34:00,14.0,77,62,2021/12/20 10:34:00,2.0,60,8.0,60,2021/12/20 00:04:00,T,1.3,T,2021/12/20 12:15:00,T,2021/12/20 12:15:00,0.3,2.8,5.92,16.8,0.0,3,2021/12/20 11:00:00,9.8,17.8,17.3,17.5,17.8,19.0,19.3,21.4,,
2021-12-21,21,1013.0,1015.6,1015.4,2021/12/21 00:01:00,1010.2,2021/12/21 15:24:00,17.6,18.7,2021/12/21 09:42:00,16.7,2021/12/21 22:25:00,17.1,97,91,2021/12/21 00:07:00,4.7,40,16.9,30,2021/12/21 16:05:00,42.5,18.3,2.0,2021/12/21 14:05:00,7.0,2021/12/21 13:57:00,0.0,0.0,1.64,2.9,/,1,2021/12/21 12:00:00,10.0,18.0,17.9,18.2,18.4,19.5,19.5,21.3,,
2021-12-22,22,1014.4,1017.0,1015.8,2021/12/22 09:39:00,1012.5,2021/12/22 02:06:00,17.1,18.0,2021/12/22 20:03:00,16.5,2021/12/22 03:54:00,15.7,92,77,2021/12/22 20:01:00,6.7,40,15.7,40,2021/12/22 13:35:00,9.5,9.5,1.0,2021/12/22 05:32:00,3.0,2021/12/22 05:32:00,0.0,0.0,2.99,8.7,-0.2,2,2021/12/22 11:00:00,10.0,17.2,17.3,17.7,18.0,19.2,19.3,21.1,,
2021-12-23,23,1013.8,1016.4,1015.8,2021/12/23 08:57:00,1012.3,2021/12/23 13:32:00,19.1,20.7,2021/12/23 13:23:00,17.2,2021/12/23 00:02:00,17.4,90,81,2021/12/23 06:32:00,5.1,60,13.2,70,2021/12/23 00:42:00,T,1.4,T,2021/12/23 07:49:00,T,2021/12/23 07:49:00,0.0,0.0,2.85,11.2,/,2,2021/12/23 13:00:00,10.0,18.2,17.8,17.9,18.1,19.1,19.2,21.0,,
2021-12-24,24,1014.8,1017.4,1017.9,2021/12/24 22:50:00,1012.4,2021/12/24 02:10:00,18.5,19.3,2021/12/24 13:10:00,17.5,2021/12/24 07:36:00,17.0,91,64,2021/12/24 23:38:00,3.6,50,18.8,60,2021/12/24 23:37:00,2.0,2.5,0.5,2021/12/24 06:20:00,1.0,2021/12/24 08:47:00,0.0,0.0,2.73,10.0,-2.3,2,2021/12/24 13:00:00,9.8,18.5,18.3,18.5,18.6,19.5,19.4,20.9,,
2021-12-25,25,1021.5,1024.1,1025.1,2021/12/25 21:21:00,1017.3,2021/12/25 00:23:00,15.9,18.5,2021/12/25 00:01:00,13.2,2021/12/25 21:32:00,12.9,83,66,2021/12/25 00:01:00,10.9,50,22.8,30,2021/12/25 20:33:00,2.0,12.3,0.5,2021/12/25 16:21:00,0.5,2021/12/25 16:21:00,0.0,0.0,2.62,9.2,-0.1,2,2021/12/25 12:00:00,10.0,16.1,16.8,17.5,18.0,19.3,19.4,20.9,,
2021-12-26,26,1025.6,1028.2,1027.5,2021/12/26 08:56:00,1024.0,2021/12/26 16:08:00,13.0,13.7,2021/12/26 11:27:00,12.4,2021/12/26 05:49:00,11.0,88,82,2021/12/26 11:23:00,11.0,50,22.0,50,2021/12/26 03:05:00,4.5,20.9,0.5,2021/12/26 01:12:00,1.5,2021/12/26 03:44:00,0.0,0.0,2.24,13.0,-0.3,1,2021/12/26 13:00:00,10.0,13.9,14.8,15.7,16.5,18.2,18.8,20.8,,
2021-12-27,27,1025.4,1028.0,1027.5,2021/12/27 08:51:00,1024.1,2021/12/27 14:27:00,13.0,14.4,2021/12/27 23:36:00,12.0,2021/12/27 01:07:00,11.0,88,81,2021/12/27 20:09:00,9.0,50,20.0,40,2021/12/27 00:55:00,4.0,15.5,0.5,2021/12/27 04:36:00,1.5,2021/12/27 04:36:00,0.0,0.0,1.78,14.8,-0.2,1,2021/12/27 13:00:00,10.0,13.5,14.1,14.9,15.6,17.3,18.1,20.6,,
2021-12-28,28,1021.8,1024.4,1024.5,2021/12/28 00:01:00,1019.7,2021/12/28 14:30:00,16.8,19.7,2021/12/28 12:50:00,14.3,2021/12/28 00:01:00,14.3,85,73,2021/12/28 09:32:00,5.2,40,14.8,40,2021/12/28 01:03:00,0.0,0.0,0.0,--,0.0,--,3.7,35.1,11.68,19.6,3.1,4,2021/12/28 13:00:00,9.6,16.3,15.6,15.7,15.9,17.2,17.7,20.1,,
2021-12-29,29,1021.2,1023.8,1023.1,2021/12/29 20:49:00,1019.9,2021/12/29 03:04:00,17.3,19.6,2021/12/29 10:06:00,15.7,2021/12/29 23:40:00,15.1,87,80,2021/12/29 12:28:00,3.9,40,10.4,60,2021/12/29 23:34:00,T,0.7,T,2021/12/29 22:06:00,T,2021/12/29 22:06:00,1.1,10.4,7.04,18.8,-1.5,3,2021/12/29 11:00:00,9.2,17.3,16.8,16.9,17.0,18.0,17.9,19.9,,
2021-12-30,30,1023.7,1026.3,1025.3,2021/12/30 09:30:00,1022.2,2021/12/30 03:35:00,15.6,16.9,2021/12/30 13:50:00,14.3,2021/12/30 22:27:00,9.9,69,61,2021/12/30 10:19:00,7.6,60,17.1,50,2021/12/30 10:29:00,0.0,0.0,0.0,--,0.0,--,0.2,1.9,8.2,15.2,3.8,4,2021/12/30 13:00:00,10.0,15.6,15.9,16.4,16.9,18.1,18.2,19.9,,
2021-12-31,31,1023.3,1025.9,1024.8,2021/12/31 08:53:00,1021.5,2021/12/31 15:15:00,15.9,18.5,2021/12/31 11:15:00,14.6,2021/12/31 00:01:00,10.4,70,59,2021/12/31 09:18:00,7.7,60,17.7,60,2021/12/31 13:27:00,0.0,0.0,0.0,--,0.0,--,2.4,22.7,10.58,18.0,3.7,5,2021/12/31 12:00:00,8.0,15.3,15.4,15.8,16.3,17.7,18.0,19.9,,
2022-01-01,1,1022.4,1025.0,1024.9,2022/01/01 09:46:00,1020.7,2022/01/01 16:08:00,16.3,18.0,2022/01/01 12:41:00,14.5,2022/01/01 03:27:00,13.9,86,80,2022/01/01 09:40:00,4.5,40,11.7,50,2022/01/01 00:03:00,T,0.9,T,2022/01/01 09:49:00,T,2022/01/01 09:49:00,0.6,5.7,5.42,14.0,-0.1,3,2022/01/01 13:00:00,9.5,16.2,16.0,16.2,16.5,17.7,17.8,19.8,,
2022-01-02,2,1021.0,1023.6,1023.0,2022/01/02 08:46:00,1019.3,2022/01/02 14:51:00,16.8,20.1,2022/01/02 11:03:00,13.8,2022/01/02 01:40:00,13.4,81,67,2022/01/02 11:01:00,6.1,50,16.3,50,2022/01/02 14:46:00,T,0.9,T,2022/01/02 05:55:00,T,2022/01/02 05:55:00,3.0,28.4,9.89,16.0,-3.7,4,2022/01/02 12:00:00,7.0,16.8,16.3,16.6,16.8,17.9,17.9,19.8,,
2022-01-03,3,1019.5,1022.1,1021.5,2022/01/03 08:22:00,1017.8,2022/01/03 14:57:00,17.9,20.4,2022/01/03 12:32:00,16.7,2022/01/03 02:50:00,13.6,76,64,2022/01/03 12:33:00,6.4,50,13.2,50,2022/01/03 15:01:00,0.0,0.0,0.0,--,0.0,--,7.5,70.8,13.41,11.5,2.6,5,2022/01/03 13:00:00,4.3,17.6,16.7,16.8,17.0,18.1,18.0,19.7,,
2022-01-04,4,1017.7,1020.3,1019.7,2022/01/04 08:34:00,1015.6,2022/01/04 15:23:00,18.5,21.3,2022/01/04 12:44:00,16.6,2022/01/04 03:03:00,15.6,84,73,2022/01/04 11:50:00,6.8,50,15.2,40,2022/01/04 13:59:00,0.0,0.0,0.0,--,0.0,--,9.2,86.8,14.92,21.5,-2.8,6,2022/01/04 13:00:00,3.5,18.2,17.1,17.2,17.4,18.4,18.2,19.7,,
2022-01-05,5,1015.7,1018.3,1017.4,2022/01/05 22:27:00,1014.2,2022/01/05 14:22:00,18.1,19.0,2022/01/05 21:51:00,16.9,2022/01/05 10:08:00,17.3,95,87,2022/01/05 21:02:00,3.0,40,9.1,50,2022/01/05 00:36:00,1.0,2.7,0.5,2022/01/05 09:01:00,0.5,2022/01/05 09:01:00,0.0,0.0,3.32,5.5,-0.5,1,2022/01/05 12:00:00,9.8,18.0,17.6,17.8,17.8,18.7,18.5,19.7,,
2022-01-06,6,1019.1,1021.7,1021.8,2022/01/06 19:51:00,1016.7,2022/01/06 00:09:00,16.1,18.1,2022/01/06 00:01:00,14.3,2022/01/06 23:07:00,13.9,87,71,2022/01/06 08:59:00,9.1,50,20.6,60,2022/01/06 19:31:00,14.5,9.6,2.5,2022/01/06 19:56:00,4.0,2022/01/06 17:05:00,0.0,0.0,2.48,11.5,/,1,2022/01/06 11:00:00,10.0,16.1,16.6,17.2,17.5,18.7,18.6,19.8,,
2022-01-07,7,1020.4,1023.0,1022.3,2022/01/07 08:58:00,1018.8,2022/01/07 14:55:00,16.3,18.7,2022/01/07 11:08:00,14.5,2022/01/07 02:19:00,11.8,75,66,2022/01/07 11:11:00,7.9,50,18.8,50,2022/01/07 10:47:00,0.5,2.0,0.5,2022/01/07 01:58:00,0.5,2022/01/07 01:58:00,1.8,17.0,9.05,19.0,-3.6,5,2022/01/07 12:00:00,9.3,15.6,15.8,16.2,16.7,18.0,18.3,19.7,,
2022-01-08,8,1018.1,1020.7,1020.1,2022/01/08 00:17:00,1016.4,2022/01/08 16:10:00,16.6,18.6,2022/01/08 12:34:00,15.3,2022/01/08 03:37:00,11.5,72,64,2022/01/08 12:43:00,8.0,60,18.1,60,2022/01/08 13:55:00,T,0.4,T,2022/01/08 02:28:00,T,2022/01/08 02:28:00,3.4,32.0,11.63,20.0,3.8,5,2022/01/08 13:00:00,7.8,16.2,15.8,16.1,16.5,17.8,18.0,19.6,,
2022-01-09,9,1015.7,1018.3,1017.0,2022/01/09 08:10:00,1013.6,2022/01/09 14:15:00,17.5,19.9,2022/01/09 11:51:00,16.3,2022/01/09 00:01:00,13.2,76,69,2022/01/09 11:52:00,6.5,50,13.7,60,2022/01/09 00:02:00,T,0.4,T,2022/01/09 17:17:00,T,2022/01/09 17:17:00,2.7,25.4,10.86,17.0,-4.2,5,2022/01/09 12:00:00,9.0,16.8,16.3,16.4,16.7,17.8,17.9,19.6,,
2022-01-10,10,1014.6,1017.2,1016.0,2022/01/10 09:04:00,1012.3,2022/01/10 15:03:00,17.1,19.3,2022/01/10 12:55:00,15.6,2022/01/10 23:47:00,14.5,85,72,2022/01/10 13:14:00,6.4,50,15.2,40,2022/01/10 02:29:00,0.5,2.9,0.5,2022/01/10 22:57:00,0.5,2022/01/10 22:57:00,0.4,3.8,7.18,16.5,-1.3,3,2022/01/10 13:00:00,9.5,16.9,16.6,16.8,17.0,18.1,18.0,19.5,,
2022-01-11,11,1018.9,1021.5,1021.1,2022/01/11 09:42:00,1014.9,2022/01/11 01:07:00,13.1,16.1,2022/01/11 02:39:00,11.4,2022/01/11 12:12:00,9.2,78,59,2022/01/11 19:48:00,8.0,60,18.3,60,2022/01/11 19:28:00,2.5,7.5,0.5,2022/01/11 03:03:00,1.5,2022/01/11 05:26:00,0.0,0.0,2.16,9.5,-3.0,1,2022/01/11 13:00:00,10.0,14.2,15.1,15.9,16.5,17.9,18.1,19.5,,
2022-01-12,12,1018.8,1021.4,1020.6,2022/01/12 10:05:00,1017.0,2022/01/12 15:25:00,12.8,14.9,2022/01/12 15:18:00,11.4,2022/01/12 22:12:00,8.8,77,58,2022/01/12 00:04:00,5.2,70,17.9,50,2022/01/12 02:15:00,T,1.8,T,2022/01/12 03:23:00,T,2022/01/12 03:23:00,0.5,4.7,4.06,18.0,-1.0,2,2022/01/12 15:00:00,10.0,13.2,13.8,14.5,15.2,16.8,17.4,19.5,,
2022-01-13,13,1020.3,1022.9,1022.0,2022/01/13 09:30:00,1018.5,2022/01/13 03:31:00,13.8,15.4,2022/01/13 10:34:00,12.3,2022/01/13 00:07:00,8.6,71,57,2022/01/13 16:56:00,5.1,50,15.8,40,2022/01/13 23:53:00,T,0.1,T,2022/01/13 03:46:00,T,2022/01/13 03:46:00,0.0,0.0,2.58,15.0,2.7,2,2022/01/13 11:00:00,10.0,14.0,14.3,14.8,15.3,16.7,17.1,19.4,,
2022-01-14,14,1019.2,1021.8,1021.6,2022/01/14 09:33:00,1015.6,2022/01/14 15:32:00,14.7,17.6,2022/01/14 12:51:00,12.0,2022/01/14 04:40:00,8.4,66,56,2022/01/14 10:24:00,6.3,60,16.3,50,2022/01/14 11:17:00,0.0,0.0,0.0,--,0.0,--,9.4,87.9,15.67,17.5,-2.9,6,2022/01/14 13:00:00,4.8,14.7,13.9,14.4,14.9,16.3,16.8,19.2,,
2022-01-15,15,1018.9,1021.5,1021.3,2022/01/15 19:57:00,1017.3,2022/01/15 14:39:00,16.3,19.2,2022/01/15 11:36:00,14.0,2022/01/15 23:23:00,13.3,83,70,2022/01/15 11:33:00,4.2,50,11.0,20,2022/01/15 00:40:00,T,0.9,T,2022/01/15 02:07:00,T,2022/01/15 02:07:00,5.7,53.2,11.99,16.5,2.0,6,2022/01/15 13:00:00,6.5,16.7,15.5,15.6,15.7,16.8,16.8,19.0,,
2022-01-16,16,1018.8,1021.4,1020.3,2022/01/16 09:36:00,1016.6,2022/01/16 14:46:00,17.4,20.7,2022/01/16 11:25:00,14.6,2022/01/16 00:08:00,15.0,86,75,2022/01/16 10:43:00,6.4,50,16.9,40,2022/01/16 18:32:00,0.0,0.0,0.0,--,0.0,--,1.4,13.1,8.18,11.5,-2.7,4,2022/01/16 12:00:00,8.8,16.6,16.1,16.2,16.3,17.3,17.2,18.9,,
2022-01-17,17,1019.2,1021.8,1020.6,2022/01/17 21:47:00,1017.8,2022/01/17 14:41:00,15.9,17.2,2022/01/17 11:59:00,14.7,2022/01/17 23:13:00,14.6,92,87,2022/01/17 06:32:00,8.4,40,19.4,30,2022/01/17 22:37:00,1.0,6.1,0.5,2022/01/17 15:28:00,1.0,2022/01/17 15:28:00,0.0,0.0,2.38,11.5,-0.5,2,2022/01/17 12:00:00,10.0,16.0,16.0,16.3,16.5,17.5,17.4,18.9,,
2022-01-18,18,1017.6,1020.2,1020.4,2022/01/18 09:36:00,1015.5,2022/01/18 15:05:00,16.0,17.9,2022/01/18 13:39:00,14.8,2022/01/18 10:18:00,13.9,87,76,2022/01/18 14:56:00,9.6,50,21.4,50,2022/01/18 12:42:00,0.5,3.3,0.5,2022/01/18 09:54:00,0.5,2022/01/18 09:54:00,0.7,6.5,6.03,15.5,-1.7,4,2022/01/18 14:00:00,9.0,16.1,15.7,16.0,16.2,17.4,17.4,18.9,,
2022-01-19,19,1016.2,1018.8,1018.0,2022/01/19 09:11:00,1014.5,2022/01/19 15:06:00,16.7,18.8,2022/01/19 12:24:00,15.6,2022/01/19 22:47:00,14.0,84,77,2022/01/19 11:04:00,9.1,60,20.4,40,2022/01/19 16:31:00,T,0.3,T,2022/01/19 06:01:00,T,2022/01/19 06:01:00,2.9,27.0,10.56,19.0,2.3,5,2022/01/19 13:00:00,8.0,16.5,16.0,16.2,16.4,17.5,17.4,18.9,,
2022-01-20,20,1015.8,1018.4,1017.8,2022/01/20 09:35:00,1014.4,2022/01/20 15:23:00,17.5,20.3,2022/01/20 12:53:00,15.6,2022/01/20 00:01:00,13.0,75,62,2022/01/20 12:56:00,9.7,60,21.3,60,2022/01/20 12:14:00,0.5,1.5,0.5,2022/01/20 22:31:00,0.5,2022/01/20 22:31:00,4.3,39.9,13.21,27.5,-2.8,5,2022/01/20 13:00:00,8.5,16.5,16.0,16.3,16.4,17.5,17.5,18.9,,
2022-01-21,21,1015.9,1018.5,1018.9,2022/01/21 09:50:00,1013.9,2022/01/21 23:54:00,16.8,18.1,2022/01/21 18:50:00,15.5,2022/01/21 03:41:00,15.5,92,79,2022/01/21 00:01:00,6.4,60,19.2,40,2022/01/21 07:10:00,21.5,13.1,1.5,2022/01/21 04:44:00,4.5,2022/01/21 07:18:00,0.0,0.0,2.76,15.5,/,2,2022/01/21 12:00:00,10.0,16.1,15.9,16.2,16.4,17.5,17.5,18.9,,
2022-01-22,22,1011.9,1014.5,1015.8,2022/01/22 09:03:00,1008.6,2022/01/22 13:08:00,18.2,20.7,2022/01/22 14:05:00,17.1,2022/01/22 02:25:00,17.0,93,80,2022/01/22 13:45:00,4.2,40,14.9,30,2022/01/22 12:24:00,30.0,13.7,2.0,2022/01/22 06:06:00,4.5,2022/01/22 05:37:00,0.0,0.0,3.5,21.0,/,2,2022/01/22 14:00:00,10.0,17.2,16.7,16.7,16.8,17.7,17.4,18.2,,
2022-01-23,23,1009.9,1012.5,1011.7,2022/01/23 23:21:00,1008.2,2022/01/23 05:30:00,17.7,19.7,2022/01/23 11:58:00,17.0,2022/01/23 01:33:00,17.7,100,99,2022/01/23 22:34:00,2.4,330,8.8,320,2022/01/23 13:30:00,T,1.2,T,2022/01/23 15:05:00,T,2022/01/23 15:05:00,0.0,0.0,3.68,1.6,-0.1,2,2022/01/23 13:00:00,10.0,17.8,17.3,17.3,17.3,18.0,17.5,18.0,,
2022-01-24,24,1013.2,1015.8,1014.9,2022/01/24 10:29:00,1011.1,2022/01/24 01:10:00,17.2,18.2,2022/01/24 12:46:00,16.2,2022/01/24 07:55:00,15.8,92,80,2022/01/24 22:16:00,6.1,40,15.3,50,2022/01/24 22:21:00,2.0,5.3,0.5,2022/01/24 02:30:00,1.0,2022/01/24 04:02:00,0.0,0.0,4.86,12.0,-1.0,3,2022/01/24 12:00:00,10.0,17.2,17.0,17.2,17.3,18.2,17.7,18.5,,
2022-01-25,25,1014.6,1017.2,1016.7,2022/01/25 09:07:00,1012.8,2022/01/25 14:05:00,18.3,20.8,2022/01/25 13:40:00,17.0,2022/01/25 04:19:00,15.8,85,74,2022/01/25 13:16:00,7.3,40,15.9,30,2022/01/25 14:22:00,T,0.5,T,2022/01/25 01:33:00,T,2022/01/25 01:33:00,5.8,53.4,14.24,15.3,4.0,7,2022/01/25 13:00:00,7.8,18.2,17.0,17.1,17.2,18.1,17.9,18.5,,
2022-01-26,26,1014.8,1017.4,1016.2,2022/01/26 09:47:00,1013.3,2022/01/26 15:50:00,19.2,22.2,2022/01/26 10:25:00,17.9,2022/01/26 06:43:00,17.8,92,78,2022/01/26 09:19:00,5.2,20,15.0,40,2022/01/26 01:38:00,0.0,0.0,0.0,--,0.0,--,4.4,40.5,12.01,15.3,-2.1,6,2022/01/26 12:00:00,7.8,18.7,17.9,17.8,17.7,18.5,18.1,18.7,,
2022-01-27,27,1015.3,1017.9,1016.7,2022/01/27 08:31:00,1013.7,2022/01/27 14:02:00,18.5,21.3,2022/01/27 11:08:00,17.3,2022/01/27 05:10:00,17.3,93,82,2022/01/27 11:26:00,6.0,40,15.5,40,2022/01/27 22:59:00,T,1.3,T,2022/01/27 00:11:00,T,2022/01/27 00:11:00,2.4,22.0,10.78,11.8,-3.2,6,2022/01/27 12:00:00,9.8,18.7,18.1,18.1,18.1,18.9,18.4,18.9,,
2022-01-28,28,1014.6,1017.2,1016.3,2022/01/28 00:38:00,1012.3,2022/01/28 16:05:00,17.3,18.4,2022/01/28 13:22:00,16.5,2022/01/28 21:58:00,15.9,92,85,2022/01/28 13:18:00,9.9,40,21.6,40,2022/01/28 12:48:00,0.5,5.5,0.5,2022/01/28 23:55:00,0.5,2022/01/28 23:55:00,0.1,0.9,6.92,15.0,-2.8,4,2022/01/28 12:00:00,10.0,17.7,17.5,17.7,17.9,18.9,18.5,19.0,,
2022-01-29,29,1012.2,1014.8,1014.3,2022/01/29 09:26:00,1009.8,2022/01/29 15:30:00,15.6,16.8,2022/01/29 00:35:00,14.9,2022/01/29 18:43:00,14.4,92,82,2022/01/29 13:42:00,8.2,40,16.1,40,2022/01/29 03:40:00,5.5,11.7,1.5,2022/01/29 03:56:00,3.0,2022/01/29 03:44:00,0.0,0.0,4.03,15.8,-0.1,3,2022/01/29 12:00:00,10.0,16.3,16.5,16.9,17.3,18.5,18.4,19.1,,
2022-01-30,30,1016.3,1018.9,1020.3,2022/01/30 20:31:00,1011.3,2022/01/30 01:30:00,12.9,15.2,2022/01/30 00:19:00,11.4,2022/01/30 12:33:00,10.9,87,70,2022/01/30 22:34:00,7.8,40,18.7,20,2022/01/30 12:02:00,4.5,10.9,0.5,2022/01/30 04:58:00,1.5,2022/01/30 04:58:00,0.0,0.0,2.29,8.5,-0.4,2,2022/01/30 13:00:00,10.0,14.6,15.1,15.8,16.4,17.8,18.0,19.1,,
2022-01-31,31,1017.6,1020.2,1019.5,2022/01/31 00:01:00,1016.3,2022/01/31 06:07:00,15.5,18.5,2022/01/31 12:12:00,12.8,2022/01/31 00:01:00,9.0,66,51,2022/01/31 12:15:00,8.2,60,20.3,60,2022/01/31 11:53:00,T,0.4,T,2022/01/31 22:16:00,T,2022/01/31 22:16:00,4.6,42.0,11.13,30.0,-3.0,5,2022/01/31 11:00:00,6.3,14.2,14.3,14.9,15.4,16.9,17.4,18.8,,
2022-02-01,1,1017.1,1019.7,1019.3,2022/02/01 21:23:00,1015.6,2022/02/01 06:17:00,15.7,17.8,2022/02/01 12:20:00,14.2,2022/02/01 06:04:00,14.1,91,79,2022/02/01 00:21:00,4.1,50,18.2,50,2022/02/01 23:45:00,11.0,12.8,1.5,2022/02/01 17:52:00,3.0,2022/02/01 17:52:00,0.0,0.0,3.53,14.5,-0.2,1,2022/02/01 13:00:00,10.0,15.9,15.4,15.7,15.9,17.0,17.2,18.7,,
2022-02-02,2,1017.4,1020.0,1019.1,2022/02/02 08:47:00,1016.0,2022/02/02 18:20:00,15.6,17.2,2022/02/02 12:07:00,14.8,2022/02/02 00:01:00,15.0,96,88,2022/02/02 12:47:00,7.7,40,16.0,30,2022/02/02 11:09:00,2.5,11.0,0.5,2022/02/02 00:06:00,1.0,2022/02/02 03:59:00,0.0,0.0,4.3,9.5,-1.1,3,2022/02/02 12:00:00,10.0,15.9,15.6,15.9,16.1,17.1,17.1,18.1,,
2022-02-03,3,1015.9,1018.5,1017.2,2022/02/03 00:20:00,1014.4,2022/02/03 14:26:00,14.9,15.8,2022/02/03 00:01:00,14.2,2022/02/03 15:27:00,14.3,96,92,2022/02/03 23:38:00,7.2,40,17.3,60,2022/02/03 10:37:00,34.0,16.5,3.5,2022/02/03 11:50:00,6.0,2022/02/03 11:50:00,0.0,0.0,1.18,6.8,-0.4,1,2022/02/03 11:00:00,10.0,15.3,15.3,15.6,15.9,17.1,16.7,17.7,,
2022-02-04,4,1019.0,1021.6,1021.5,2022/02/04 21:34:00,1016.3,2022/02/04 02:36:00,14.0,15.0,2022/02/04 00:12:00,12.8,2022/02/04 23:13:00,12.2,89,81,2022/02/04 15:17:00,8.1,40,19.3,60,2022/02/04 20:16:00,1.0,9.1,0.5,2022/02/04 02:14:00,0.5,2022/02/04 02:14:00,0.0,0.0,2.96,9.5,-0.2,2,2022/02/04 12:00:00,10.0,14.5,14.6,15.1,15.5,16.7,16.1,17.4,,
2022-02-05,5,1021.7,1024.3,1023.1,2022/02/05 10:25:00,1020.6,2022/02/05 02:52:00,13.9,15.0,2022/02/05 10:26:00,12.6,2022/02/05 04:11:00,10.5,80,72,2022/02/05 12:16:00,8.3,60,18.0,50,2022/02/05 02:55:00,0.5,4.5,0.5,2022/02/05 07:38:00,0.5,2022/02/05 07:38:00,0.0,0.0,4.04,16.0,-1.9,2,2022/02/05 13:00:00,10.0,13.8,14.0,14.5,14.9,16.3,15.8,17.2,,
2022-02-06,6,1020.8,1023.4,1024.3,2022/02/06 09:41:00,1017.9,2022/02/06 23:49:00,14.7,17.1,2022/02/06 14:28:00,12.8,2022/02/06 09:15:00,11.5,81,68,2022/02/06 15:09:00,9.1,60,18.9,40,2022/02/06 09:07:00,T,1.9,T,2022/02/06 05:01:00,T,2022/02/06 05:01:00,3.9,35.2,12.55,21.5,-2.0,6,2022/02/06 13:00:00,8.5,14.6,14.3,14.6,14.9,16.1,16.1,17.5,,
2022-02-07,7,1015.1,1017.7,1018.3,2022/02/07 19:40:00,1010.1,2022/02/07 14:01:00,15.6,18.8,2022/02/07 09:41:00,13.2,2022/02/07 06:34:00,13.7,89,71,2022/02/07 15:03:00,3.2,60,20.0,330,2022/02/07 16:44:00,14.0,7.0,2.0,2022/02/07 21:31:00,5.0,2022/02/07 21:23:00,0.4,3.6,4.76,25.5,-3.8,2,2022/02/07 11:00:00,9.5,15.5,15.0,15.2,15.3,16.4,16.4,17.6,,
2022-02-08,8,1018.1,1020.7,1020.5,2022/02/08 09:51:00,1016.7,2022/02/08 23:53:00,14.9,15.9,2022/02/08 19:21:00,14.2,2022/02/08 06:28:00,12.2,84,78,2022/02/08 07:57:00,7.6,40,17.1,40,2022/02/08 10:55:00,T,1.1,T,2022/02/08 02:01:00,T,2022/02/08 02:01:00,0.0,0.0,3.22,18.0,-0.3,2,2022/02/08 14:00:00,10.0,14.6,14.6,15.0,15.3,16.4,16.0,17.1,,
2022-02-09,9,1016.9,1019.5,1019.7,2022/02/09 09:28:00,1015.1,2022/02/09 15:59:00,16.0,17.5,2022/02/09 14:01:00,14.5,2022/02/09 09:00:00,14.4,91,84,2022/02/09 00:01:00,5.8,40,17.0,60,2022/02/09 03:49:00,7.5,4.7,2.0,2022/02/09 09:26:00,4.5,2022/02/09 08:36:00,0.0,0.0,5.05,11.5,-1.0,3,2022/02/09 12:00:00,10.0,15.6,15.0,15.2,15.3,16.3,16.1,17.2,,
2022-02-10,10,1016.4,1019.0,1019.3,2022/02/10 09:32:00,1014.0,2022/02/10 23:52:00,16.1,17.2,2022/02/10 11:21:00,15.1,2022/02/10 06:07:00,14.9,92,87,2022/02/10 16:59:00,6.2,40,16.4,40,2022/02/10 18:02:00,T,6.4,T,2022/02/10 01:08:00,T,2022/02/10 01:08:00,0.0,0.0,3.0,15.5,-0.6,2,2022/02/10 11:00:00,10.0,15.8,15.4,15.7,15.7,16.6,16.3,17.3,,
2022-02-11,11,1014.8,1017.4,1016.8,2022/02/11 09:04:00,1013.0,2022/02/11 02:09:00,17.3,20.5,2022/02/11 10:24:00,14.1,2022/02/11 04:42:00,16.1,93,77,2022/02/11 10:22:00,2.7,20,12.5,40,2022/02/11 12:46:00,0.0,0.0,0.0,--,0.0,--,3.7,33.1,11.17,13.8,-0.7,6,2022/02/11 11:00:00,8.5,16.8,16.0,16.0,15.9,16.8,16.6,17.5,,
2022-02-12,12,1014.2,1016.8,1016.5,2022/02/12 09:46:00,1012.8,2022/02/12 23:59:00,17.0,17.9,2022/02/12 21:04:00,16.0,2022/02/12 06:03:00,15.9,94,85,2022/02/12 20:57:00,5.3,30,13.6,40,2022/02/12 23:03:00,0.5,7.0,0.5,2022/02/12 05:39:00,0.5,2022/02/12 05:39:00,0.0,0.0,3.22,12.5,-1.5,2,2022/02/12 12:00:00,10.0,16.8,16.4,16.6,16.6,17.3,16.9,17.6,,
2022-02-13,13,1012.2,1014.8,1015.3,2022/02/13 23:06:00,1010.1,2022/02/13 12:59:00,16.8,19.3,2022/02/13 12:05:00,13.8,2022/02/13 23:51:00,15.1,90,83,2022/02/13 09:54:00,7.4,40,18.5,40,2022/02/13 19:22:00,8.5,5.8,1.5,2022/02/13 21:41:00,4.0,2022/02/13 22:48:00,0.0,0.0,4.72,16.3,-0.4,3,2022/02/13 12:00:00,10.0,16.7,16.3,16.5,16.5,17.4,17.0,17.7,,
2022-02-14,14,1015.9,1018.5,1018.4,2022/02/14 09:49:00,1014.5,2022/02/14 02:27:00,14.3,15.9,2022/02/14 23:26:00,12.9,2022/02/14 08:35:00,11.7,85,67,2022/02/14 23:26:00,7.6,50,17.6,40,2022/02/14 23:26:00,22.5,11.1,1.5,2022/02/14 04:31:00,4.5,2022/02/14 02:21:00,0.3,2.7,5.57,14.5,-2.4,3,2022/02/14 14:00:00,9.8,14.5,14.7,15.3,15.7,16.9,16.2,17.1,,
2022-02-15,15,1015.2,1017.8,1016.9,2022/02/15 09:13:00,1013.7,2022/02/15 14:35:00,16.4,19.0,2022/02/15 11:54:00,15.1,2022/02/15 23:59:00,11.6,74,64,2022/02/15 05:41:00,7.8,50,17.6,50,2022/02/15 06:05:00,T,0.5,T,2022/02/15 04:05:00,T,2022/02/15 04:05:00,0.3,2.7,7.08,24.0,-2.1,4,2022/02/15 13:00:00,9.3,15.4,14.9,15.0,15.2,16.4,15.9,17.0,,
2022-02-16,16,1014.5,1017.1,1016.5,2022/02/16 08:20:00,1012.5,2022/02/16 15:30:00,16.8,19.4,2022/02/16 12:08:00,14.9,2022/02/16 00:11:00,13.3,80,70,2022/02/16 12:50:00,8.0,50,18.3,40,2022/02/16 14:27:00,T,2.8,T,2022/02/16 00:01:00,T,2022/02/16 00:01:00,2.8,24.8,10.75,13.0,-3.0,5,2022/02/16 13:00:00,7.8,16.3,15.5,15.7,15.7,16.7,16.3,17.3,,
2022-02-17,17,1013.6,1016.2,1016.0,2022/02/17 22:04:00,1010.4,2022/02/17 04:55:00,16.1,17.8,2022/02/17 10:01:00,14.5,2022/02/17 23:44:00,14.4,90,82,2022/02/17 00:03:00,9.2,50,23.1,40,2022/02/17 06:45:00,T,2.9,T,2022/02/17 07:32:00,T,2022/02/17 07:32:00,0.2,1.8,5.95,12.5,-0.5,3,2022/02/17 12:00:00,9.8,15.9,15.5,15.8,15.9,16.8,16.6,17.5,,
2022-02-18,18,1014.3,1016.9,1016.3,2022/02/18 07:20:00,1012.0,2022/02/18 14:51:00,15.6,16.9,2022/02/18 11:35:00,14.3,2022/02/18 02:50:00,15.0,96,92,2022/02/18 09:35:00,6.6,40,15.9,50,2022/02/18 01:50:00,7.5,15.9,1.0,2022/02/18 16:50:00,1.5,2022/02/18 16:50:00,0.0,0.0,3.65,9.5,-0.2,2,2022/02/18 11:00:00,10.0,15.7,15.4,15.6,15.8,16.8,16.7,17.6,,
2022-02-19,19,1015.9,1018.5,1019.9,2022/02/19 22:47:00,1012.6,2022/02/19 03:43:00,14.1,16.7,2022/02/19 00:01:00,11.5,2022/02/19 23:49:00,13.4,95,91,2022/02/19 12:34:00,9.3,40,21.7,40,2022/02/19 23:59:00,21.5,21.8,1.0,2022/02/19 04:40:00,3.0,2022/02/19 04:40:00,0.0,0.0,2.16,7.0,/,1,2022/02/19 12:00:00,10.0,15.0,15.0,15.4,15.7,16.8,16.2,17.1,,
2022-02-20,20,1021.5,1024.1,1024.0,2022/02/20 09:13:00,1019.3,2022/02/20 01:04:00,10.3,11.7,2022/02/20 00:01:00,9.3,2022/02/20 09:54:00,8.7,90,86,2022/02/20 10:51:00,11.2,50,25.6,50,2022/02/20 07:52:00,31.5,23.8,1.0,2022/02/20 00:20:00,3.0,2022/02/20 00:20:00,0.0,0.0,2.07,8.0,/,2,2022/02/20 13:00:00,10.0,11.4,12.1,13.1,13.9,15.6,14.5,16.0,,
2022-02-21,21,1019.9,1022.5,1021.6,2022/02/21 07:14:00,1017.4,2022/02/21 14:13:00,13.1,15.2,2022/02/21 20:01:00,10.4,2022/02/21 02:21:00,11.9,92,84,2022/02/21 14:55:00,9.4,50,19.4,50,2022/02/21 01:39:00,20.0,20.6,1.0,2022/02/21 21:21:00,3.0,2022/02/21 20:58:00,0.0,0.0,3.91,13.0,/,3,2022/02/21 13:00:00,10.0,12.7,12.4,12.8,13.2,14.6,13.9,15.5,,
2022-02-22,22,1019.5,1022.1,1021.4,2022/02/22 08:50:00,1017.7,2022/02/22 14:43:00,14.6,15.5,2022/02/22 12:55:00,13.7,2022/02/22 23:45:00,13.9,96,94,2022/02/22 01:46:00,10.1,50,21.0,50,2022/02/22 14:24:00,28.5,22.4,1.5,2022/02/22 19:46:00,4.5,2022/02/22 21:28:00,0.0,0.0,3.48,6.0,/,2,2022/02/22 13:00:00,10.0,14.2,13.8,14.0,14.1,15.1,14.4,15.6,,
2022-02-23,23,1022.1,1024.7,1024.7,2022/02/23 08:25:00,1018.6,2022/02/23 02:38:00,12.9,13.9,2022/02/23 00:01:00,12.2,2022/02/23 19:52:00,11.8,93,90,2022/02/23 11:22:00,9.5,50,19.7,50,2022/02/23 15:07:00,44.5,21.0,3.0,2022/02/23 07:50:00,10.0,2022/02/23 07:34:00,0.0,0.0,3.47,4.8,/,3,2022/02/23 12:00:00,10.0,13.2,13.2,13.6,14.0,15.1,14.3,15.5,,
2022-02-24,24,1023.4,1026.0,1025.1,2022/02/24 08:55:00,1021.7,2022/02/24 14:31:00,13.4,16.2,2022/02/24 12:30:00,12.1,2022/02/24 02:41:00,10.4,82,69,2022/02/24 13:39:00,8.8,60,19.9,40,2022/02/24 13:31:00,1.5,4.8,0.5,2022/02/24 00:15:00,1.0,2022/02/24 02:24:00,0.2,1.7,7.6,16.0,-3.4,6,2022/02/24 13:00:00,10.0,13.1,13.0,13.3,13.6,14.8,14.1,15.4,,
2022-02-25,25,1021.0,1023.6,1023.4,2022/02/25 08:55:00,1019.0,2022/02/25 15:11:00,16.1,18.1,2022/02/25 12:47:00,13.7,2022/02/25 00:01:00,13.4,84,74,2022/02/25 03:07:00,6.4,50,15.7,50,2022/02/25 00:28:00,0.0,0.0,0.0,--,0.0,--,0.0,0.0,6.8,18.0,-1.1,5,2022/02/25 13:00:00,10.0,14.6,13.9,14.0,14.0,15.0,14.4,15.9,,
2022-02-26,26,1018.9,1021.5,1021.4,2022/02/26 08:55:00,1017.0,2022/02/26 15:29:00,17.2,19.3,2022/02/26 10:12:00,15.4,2022/02/26 21:14:00,15.6,91,83,2022/02/26 10:14:00,3.2,20,10.7,30,2022/02/26 09:50:00,T,0.5,T,2022/02/26 02:42:00,T,2022/02/26 02:42:00,0.7,6.1,9.86,17.0,2.0,4,2022/02/26 14:00:00,9.3,16.5,15.7,15.5,15.3,15.9,15.3,16.5,,
2022-02-27,27,1017.5,1020.1,1019.9,2022/02/27 08:40:00,1015.4,2022/02/27 15:52:00,18.1,22.4,2022/02/27 12:34:00,14.2,2022/02/27 03:21:00,13.3,75,52,2022/02/27 16:25:00,4.3,60,13.5,40,2022/02/27 14:37:00,0.0,0.0,0.0,--,0.0,--,10.1,87.5,21.22,17.0,4.3,8,2022/02/27 13:00:00,2.0,17.5,15.9,15.9,15.7,16.4,15.9,16.6,,
2022-02-28,28,1015.9,1018.5,1018.9,2022/02/28 08:16:00,1014.0,2022/02/28 15:53:00,17.8,22.3,2022/02/28 12:25:00,14.2,2022/02/28 02:28:00,15.4,86,67,2022/02/28 12:21:00,1.8,250,6.2,300,2022/02/28 12:46:00,0.0,0.0,0.0,--,0.0,--,9.1,78.7,20.54,13.8,2.8,9,2022/02/28 13:00:00,1.8,18.5,16.6,16.6,16.4,16.9,16.3,16.9,,
2022-03-01,1,1014.6,1017.1,1016.6,2022/03/01 08:29:00,1012.7,2022/03/01 15:48:00,21.1,25.4,2022/03/01 12:07:00,17.3,2022/03/01 00:46:00,16.9,77,59,2022/03/01 10:23:00,2.5,230,8.8,40,2022/03/01 20:33:00,0.0,0.0,0.0,--,0.0,--,7.4,63.9,19.93,16.0,4.3,10,2022/03/01 13:00:00,5.3,20.6,18.2,17.9,17.4,17.8,16.8,17.0,,
2022-03-02,2,1015.6,1018.2,1018.0,2022/03/02 10:07:00,1014.1,2022/03/02 14:59:00,19.2,21.7,2022/03/02 14:26:00,17.7,2022/03/02 20:58:00,16.3,84,70,2022/03/02 14:05:00,6.2,50,14.5,40,2022/03/02 11:36:00,0.0,0.0,0.0,--,0.0,--,2.9,25.0,10.24,8.0,3.0,4,2022/03/02 15:00:00,8.5,19.0,18.3,18.4,18.2,18.7,17.6,17.3,,
2022-03-03,3,1013.9,1016.5,1016.8,2022/03/03 08:10:00,1011.6,2022/03/03 15:46:00,19.9,25.8,2022/03/03 12:03:00,17.8,2022/03/03 04:14:00,16.9,83,61,2022/03/03 12:04:00,3.2,50,14.5,50,2022/03/03 00:12:00,0.0,0.0,0.0,--,0.0,--,6.0,51.6,16.03,11.5,2.9,6,2022/03/03 13:00:00,5.5,20.1,18.4,18.3,18.1,18.6,17.8,17.6,,
2022-03-04,4,1011.8,1014.4,1014.7,2022/03/04 09:25:00,1010.2,2022/03/04 15:21:00,18.7,21.6,2022/03/04 18:50:00,16.2,2022/03/04 09:03:00,17.1,91,78,2022/03/04 17:47:00,2.5,220,8.5,240,2022/03/04 06:36:00,0.0,0.0,0.0,--,0.0,--,6.0,51.5,14.45,6.0,2.5,7,2022/03/04 13:00:00,3.3,20.4,18.8,18.8,18.6,19.1,18.2,17.9,,
2022-03-05,5,1012.0,1014.5,1013.9,2022/03/05 21:22:00,1009.8,2022/03/05 03:19:00,19.7,23.0,2022/03/05 11:09:00,17.6,2022/03/05 05:19:00,16.1,80,61,2022/03/05 20:20:00,5.8,40,15.0,60,2022/03/05 22:38:00,0.0,0.0,0.0,--,0.0,--,4.8,41.1,15.91,13.5,4.9,7,2022/03/05 13:00:00,7.3,19.7,18.8,18.8,18.7,19.3,18.4,18.1,,
2022-03-06,6,1013.2,1015.8,1015.1,2022/03/06 08:41:00,1010.9,2022/03/06 15:36:00,19.3,22.8,2022/03/06 10:51:00,17.1,2022/03/06 23:54:00,14.3,74,53,2022/03/06 02:38:00,7.7,50,17.1,50,2022/03/06 15:02:00,0.0,0.0,0.0,--,0.0,--,3.6,30.7,15.04,15.0,-4.0,6,2022/03/06 12:00:00,8.3,19.2,18.2,18.3,18.4,19.2,18.5,18.3,,
2022-03-07,7,1015.4,1018.0,1019.1,2022/03/07 20:13:00,1011.2,2022/03/07 03:33:00,13.8,17.3,2022/03/07 00:07:00,11.5,2022/03/07 21:45:00,12.4,92,74,2022/03/07 19:51:00,6.5,20,16.7,20,2022/03/07 13:24:00,27.5,14.6,2.5,2022/03/07 07:20:00,5.5,2022/03/07 06:50:00,0.0,0.0,2.04,6.8,-0.6,1,2022/03/07 15:00:00,10.0,15.7,16.1,17.0,17.5,18.6,18.3,18.4,,
2022-03-08,8,1015.3,1017.9,1017.5,2022/03/08 08:17:00,1013.4,2022/03/08 15:25:00,16.0,19.7,2022/03/08 12:57:00,12.3,2022/03/08 06:20:00,8.3,61,49,2022/03/08 15:43:00,7.3,50,18.6,40,2022/03/08 13:32:00,0.0,0.0,0.0,--,0.0,--,11.1,94.4,23.62,30.0,5.2,9,2022/03/08 13:00:00,0.5,16.1,15.2,15.7,16.1,17.4,17.3,18.1,,
2022-03-09,9,1014.6,1017.1,1017.3,2022/03/09 10:29:00,1012.1,2022/03/09 16:50:00,17.6,22.8,2022/03/09 17:22:00,11.1,2022/03/09 03:39:00,12.5,73,53,2022/03/09 17:23:00,2.8,180,11.8,80,2022/03/09 18:12:00,0.0,0.0,0.0,--,0.0,--,11.2,95.0,23.01,25.0,3.9,9,2022/03/09 13:00:00,0.5,17.2,16.0,16.3,16.4,17.4,17.4,18.3,,
2022-03-10,10,1013.7,1016.3,1015.9,2022/03/10 07:53:00,1012.2,2022/03/10 18:01:00,17.4,22.7,2022/03/10 11:36:00,14.2,2022/03/10 23:47:00,15.4,89,57,2022/03/10 11:35:00,2.2,220,8.3,300,2022/03/10 12:04:00,0.0,0.0,0.0,--,0.0,--,9.2,77.9,22.05,17.0,4.8,9,2022/03/10 13:00:00,2.8,19.1,17.5,17.6,17.5,18.2,17.7,18.3,,
2022-03-11,11,1012.3,1014.9,1014.9,2022/03/11 08:28:00,1011.1,2022/03/11 16:34:00,17.4,21.0,2022/03/11 10:54:00,13.1,2022/03/11 05:14:00,15.7,90,68,2022/03/11 10:17:00,2.4,40,5.7,330,2022/03/11 12:25:00,0.0,0.0,0.0,--,0.0,--,9.7,82.0,22.15,12.8,3.4,9,2022/03/11 13:00:00,2.3,19.5,18.2,18.2,18.1,18.7,18.1,18.4,,
2022-03-12,12,1010.9,1013.5,1012.4,2022/03/12 08:06:00,1009.5,2022/03/12 17:24:00,18.3,21.0,2022/03/12 16:15:00,15.8,2022/03/12 05:39:00,17.3,94,82,2022/03/12 15:13:00,2.2,220,6.2,250,2022/03/12 12:28:00,0.0,0.0,0.0,--,0.0,--,10.4,87.7,22.2,17.0,3.4,9,2022/03/12 13:00:00,2.8,20.3,18.7,18.7,18.6,19.2,18.5,18.5,,
2022-03-13,13,1010.6,1013.2,1012.9,2022/03/13 07:37:00,1008.8,2022/03/13 14:05:00,21.3,26.0,2022/03/13 12:31:00,17.3,2022/03/13 04:48:00,17.7,82,50,2022/03/13 12:42:00,2.4,220,5.8,210,2022/03/13 04:59:00,0.0,0.0,0.0,--,0.0,--,9.8,82.5,22.32,10.5,2.0,10,2022/03/13 13:00:00,2.0,21.6,19.8,19.6,19.3,19.7,18.9,18.7,,
2022-03-14,14,1009.9,1012.4,1012.2,2022/03/14 09:08:00,1008.5,2022/03/14 17:41:00,21.7,25.3,2022/03/14 16:25:00,18.5,2022/03/14 03:22:00,17.4,78,51,2022/03/14 17:00:00,1.8,50,4.7,280,2022/03/14 14:23:00,0.0,0.0,0.0,--,0.0,--,10.0,84.0,21.35,18.0,3.5,9,2022/03/14 13:00:00,5.8,21.0,20.0,19.9,19.7,20.2,19.3,18.9,,
2022-03-15,15,1009.1,1011.6,1010.3,2022/03/15 08:11:00,1007.9,2022/03/15 15:29:00,20.5,25.3,2022/03/15 10:37:00,19.2,2022/03/15 01:47:00,19.2,93,68,2022/03/15 09:51:00,4.3,40,13.6,30,2022/03/15 12:14:00,0.0,0.0,0.0,--,0.0,--,5.0,41.9,14.14,13.5,2.9,9,2022/03/15 12:00:00,5.5,20.3,19.8,20.0,19.9,20.5,19.6,19.2,,
2022-03-16,16,1008.9,1011.5,1010.5,2022/03/16 08:05:00,1007.6,2022/03/16 16:08:00,21.0,24.4,2022/03/16 10:24:00,17.8,2022/03/16 05:50:00,19.6,92,78,2022/03/16 10:14:00,2.5,220,7.5,280,2022/03/16 12:31:00,0.0,0.0,0.0,--,0.0,--,5.0,41.8,17.7,10.8,3.8,8,2022/03/16 12:00:00,7.3,21.2,20.1,20.0,19.8,20.4,19.7,19.4,,
2022-03-17,17,1006.8,1009.3,1009.4,2022/03/17 08:32:00,1004.7,2022/03/17 16:47:00,22.1,24.6,2022/03/17 13:19:00,20.0,2022/03/17 05:34:00,20.3,90,74,2022/03/17 16:12:00,2.6,290,9.5,300,2022/03/17 01:37:00,1.5,1.3,1.0,2022/03/17 20:40:00,1.0,2022/03/17 20:40:00,1.4,11.7,12.24,9.5,-2.7,6,2022/03/17 13:00:00,8.8,22.1,21.0,20.7,20.5,21.0,20.1,19.6,,
2022-03-18,18,1007.0,1009.5,1009.3,2022/03/18 10:42:00,1004.2,2022/03/18 03:48:00,19.9,23.1,2022/03/18 01:10:00,16.9,2022/03/18 20:58:00,17.3,85,68,2022/03/18 14:42:00,4.5,60,13.7,40,2022/03/18 12:50:00,T,0.1,T,2022/03/18 01:32:00,T,2022/03/18 01:32:00,1.7,14.2,10.32,14.5,2.8,4,2022/03/18 15:00:00,8.5,20.8,20.4,20.7,20.6,21.3,20.4,19.8,,
2022-03-19,19,1008.8,1011.3,1010.5,2022/03/19 10:00:00,1007.6,2022/03/19 05:01:00,19.5,22.8,2022/03/19 12:16:00,16.0,2022/03/19 05:22:00,17.0,85,74,2022/03/19 11:20:00,4.5,50,13.0,30,2022/03/19 17:05:00,0.0,0.0,0.0,--,0.0,--,7.0,58.2,19.5,14.5,3.6,8,2022/03/19 12:00:00,2.8,20.8,19.8,19.9,19.8,20.7,20.2,20.0,,
2022-03-20,20,1011.3,1013.8,1012.7,2022/03/20 09:17:00,1009.6,2022/03/20 15:38:00,21.8,25.7,2022/03/20 10:04:00,19.9,2022/03/20 22:07:00,19.8,88,70,2022/03/20 10:02:00,2.8,40,9.4,330,2022/03/20 13:11:00,0.0,0.0,0.0,--,0.0,--,6.6,54.7,19.9,14.0,-4.6,9,2022/03/20 12:00:00,6.0,22.5,21.1,20.9,20.6,21.1,20.3,20.0,,
2022-03-21,21,1011.7,1014.2,1014.5,2022/03/21 09:24:00,1009.7,2022/03/21 15:50:00,20.0,21.5,2022/03/21 10:42:00,19.2,2022/03/21 20:01:00,19.2,95,90,2022/03/21 13:04:00,3.0,40,7.6,50,2022/03/21 14:20:00,4.5,5.0,0.5,2022/03/21 02:09:00,1.5,2022/03/21 04:38:00,0.0,0.0,7.27,10.3,-1.8,4,2022/03/21 12:00:00,10.0,21.1,20.6,20.8,20.7,21.4,20.6,20.2,,
2022-03-22,22,1013.1,1015.7,1015.2,2022/03/22 08:59:00,1010.4,2022/03/22 00:44:00,17.2,21.1,2022/03/22 00:29:00,16.2,2022/03/22 06:16:00,16.5,96,90,2022/03/22 11:50:00,6.2,40,14.1,60,2022/03/22 20:15:00,12.5,10.8,2.0,2022/03/22 04:19:00,3.5,2022/03/22 04:07:00,0.0,0.0,3.04,10.5,/,2,2022/03/22 13:00:00,10.0,18.6,18.9,19.5,19.8,20.9,20.5,20.3,,
2022-03-23,23,1013.9,1016.5,1016.1,2022/03/23 10:47:00,1010.6,2022/03/23 03:27:00,14.8,16.8,2022/03/23 00:08:00,13.6,2022/03/23 22:11:00,13.9,94,88,2022/03/23 16:24:00,6.5,50,15.3,40,2022/03/23 08:46:00,17.5,15.5,3.0,2022/03/23 03:14:00,8.0,2022/03/23 03:14:00,0.0,0.0,2.49,11.0,/,2,2022/03/23 12:00:00,10.0,16.7,17.0,17.8,18.3,19.7,19.9,20.3,,
2022-03-24,24,1013.0,1015.6,1014.8,2022/03/24 00:01:00,1011.4,2022/03/24 15:51:00,19.0,22.6,2022/03/24 15:47:00,14.1,2022/03/24 00:01:00,16.1,84,73,2022/03/24 12:49:00,3.2,60,14.4,60,2022/03/24 05:42:00,T,2.0,T,2022/03/24 02:14:00,T,2022/03/24 02:14:00,1.2,9.9,11.14,22.0,-1.6,6,2022/03/24 11:00:00,10.0,18.5,17.7,17.8,18.0,19.0,19.1,19.8,,
2022-03-25,25,1008.8,1011.3,1011.5,2022/03/25 00:01:00,1006.6,2022/03/25 18:47:00,21.2,23.7,2022/03/25 12:36:00,18.8,2022/03/25 04:37:00,19.9,92,82,2022/03/25 09:06:00,1.7,240,7.8,250,2022/03/25 10:15:00,1.0,2.6,0.5,2022/03/25 04:27:00,0.5,2022/03/25 04:27:00,2.5,20.5,15.22,16.5,-2.7,9,2022/03/25 13:00:00,9.5,20.9,19.8,19.5,19.3,19.9,19.4,19.9,,
2022-03-26,26,1008.2,1010.8,1013.6,2022/03/26 23:16:00,1005.6,2022/03/26 02:37:00,23.7,27.5,2022/03/26 10:49:00,17.1,2022/03/26 23:55:00,21.0,85,71,2022/03/26 06:14:00,7.1,230,18.5,60,2022/03/26 21:22:00,30.5,6.0,6.0,2022/03/26 17:02:00,14.5,2022/03/26 23:05:00,0.5,4.1,8.44,17.0,/,7,2022/03/26 11:00:00,9.8,21.8,21.0,20.8,20.5,20.9,19.9,20.1,,
2022-03-27,27,1013.3,1015.9,1015.5,2022/03/27 22:23:00,1010.0,2022/03/27 01:58:00,16.5,17.4,2022/03/27 01:18:00,15.3,2022/03/27 15:02:00,14.7,89,75,2022/03/27 11:40:00,7.9,50,17.9,40,2022/03/27 19:44:00,17.5,10.9,2.5,2022/03/27 04:38:00,4.0,2022/03/27 00:04:00,0.0,0.0,3.3,15.8,-0.7,3,2022/03/27 12:00:00,10.0,17.7,18.0,18.8,19.2,20.4,19.6,19.9,,
2022-03-28,28,1016.6,1019.2,1018.9,2022/03/28 21:54:00,1014.2,2022/03/28 03:04:00,16.0,17.4,2022/03/28 00:35:00,14.9,2022/03/28 06:12:00,15.0,94,71,2022/03/28 00:38:00,8.1,50,18.7,50,2022/03/28 05:30:00,38.5,20.3,1.5,2022/03/28 05:01:00,5.0,2022/03/28 04:42:00,0.0,0.0,1.54,13.0,-0.5,1,2022/03/28 12:00:00,10.0,16.5,16.5,17.1,17.7,19.0,18.3,19.3,,
2022-03-29,29,1014.6,1017.1,1018.3,2022/03/29 00:06:00,1011.9,2022/03/29 15:45:00,20.1,23.0,2022/03/29 15:47:00,17.1,2022/03/29 00:01:00,18.9,93,85,2022/03/29 14:27:00,6.0,40,17.7,40,2022/03/29 11:54:00,4.5,3.5,1.0,2022/03/29 00:16:00,2.5,2022/03/29 01:21:00,2.7,22.0,14.17,17.5,3.0,8,2022/03/29 14:00:00,9.0,19.1,18.1,18.0,18.0,18.8,18.2,19.1,,
2022-03-30,30,1014.2,1016.8,1017.2,2022/03/30 11:34:00,1011.5,2022/03/30 16:53:00,21.5,26.1,2022/03/30 16:34:00,19.6,2022/03/30 01:12:00,20.2,93,66,2022/03/30 17:01:00,3.9,50,10.8,10,2022/03/30 17:47:00,T,0.4,T,2022/03/30 11:39:00,T,2022/03/30 11:39:00,4.5,36.6,12.38,17.0,-2.1,6,2022/03/30 15:00:00,7.5,20.6,19.6,19.4,19.2,19.8,19.0,19.5,,
2022-03-31,31,1016.1,1018.6,1020.3,2022/03/31 23:42:00,1012.9,2022/03/31 03:26:00,19.3,21.5,2022/03/31 07:18:00,16.0,2022/03/31 23:11:00,18.7,96,85,2022/03/31 23:59:59,8.0,40,21.0,30,2022/03/31 23:14:00,T,4.2,T,2022/03/31 08:17:00,T,2022/03/31 08:17:00,0.0,0.0,4.69,12.5,-2.3,3,2022/03/31 15:00:00,10.0,19.9,19.5,19.6,19.6,20.3,19.5,19.8,,
2022-04-01,1,1020.6,1023.2,1022.8,2022/04/01 21:30:00,1018.8,2022/04/01 03:42:00,15.9,17.5,2022/04/01 09:31:00,13.9,2022/04/01 18:24:00,11.7,76,69,2022/04/01 20:46:00,11.6,50,22.8,60,2022/04/01 14:33:00,0.5,4.5,0.5,2022/04/01 17:56:00,0.5,2022/04/01 17:56:00,0.0,0.0,3.29,12.0,-2.5,3,2022/04/01 10:00:00,10.0,16.4,16.7,17.6,18.1,19.4,19.4,19.8,,
2022-04-02,2,1021.0,1023.6,1022.4,2022/04/02 00:51:00,1019.5,2022/04/02 04:19:00,13.8,15.4,2022/04/02 00:18:00,13.0,2022/04/02 11:32:00,12.4,91,69,2022/04/02 00:01:00,8.9,50,19.0,40,2022/04/02 07:41:00,32.0,19.6,1.0,2022/04/02 09:59:00,4.5,2022/04/02 10:39:00,0.0,0.0,2.6,7.3,/,X,--,10.0,15.0,15.2,16.0,16.6,18.1,18.3,19.4,,
2022-04-03,3,1020.9,1023.5,1022.6,2022/04/03 10:50:00,1019.4,2022/04/03 03:35:00,15.3,17.6,2022/04/03 15:44:00,13.0,2022/04/03 03:15:00,10.9,76,65,2022/04/03 15:29:00,7.9,60,19.0,50,2022/04/03 14:33:00,2.0,4.8,0.5,2022/04/03 00:02:00,1.0,2022/04/03 00:02:00,2.0,16.1,8.47,17.0,-3.2,X,--,9.0,15.1,15.0,15.5,16.0,17.4,16.8,18.2,,
2022-04-04,4,1019.6,1022.2,1021.0,2022/04/04 00:24:00,1018.3,2022/04/04 23:54:00,19.0,22.2,2022/04/04 10:57:00,15.0,2022/04/04 00:01:00,12.9,68,59,2022/04/04 09:21:00,8.5,60,22.4,50,2022/04/04 14:30:00,0.0,0.0,0.0,--,0.0,--,11.7,94.1,26.28,25.0,5.1,X,--,1.5,17.2,16.4,16.4,16.4,17.4,17.1,18.3,,
2022-04-05,5,1017.0,1019.6,1020.0,2022/04/05 08:29:00,1014.6,2022/04/05 16:06:00,18.9,21.7,2022/04/05 11:58:00,14.4,2022/04/05 05:22:00,16.7,87,73,2022/04/05 08:28:00,3.6,20,13.5,20,2022/04/05 10:35:00,0.0,0.0,0.0,--,0.0,--,6.9,55.4,20.02,18.0,3.5,X,--,7.0,18.2,17.6,17.6,17.5,18.2,17.9,18.6,,
2022-04-06,6,1014.6,1017.2,1016.8,2022/04/06 08:30:00,1012.9,2022/04/06 15:43:00,20.3,24.4,2022/04/06 10:32:00,15.8,2022/04/06 06:07:00,16.9,81,66,2022/04/06 10:10:00,4.8,50,18.7,40,2022/04/06 14:32:00,0.0,0.0,0.0,--,0.0,--,10.3,82.5,23.81,17.0,5.1,10,2022/04/06 13:00:00,4.0,19.5,19.2,18.4,18.2,18.9,18.3,18.9,,
2022-04-07,7,1014.2,1016.7,1015.9,2022/04/07 09:32:00,1013.0,2022/04/07 15:59:00,21.1,24.0,2022/04/07 12:48:00,19.7,2022/04/07 01:11:00,17.6,81,68,2022/04/07 12:29:00,7.7,50,18.2,40,2022/04/07 13:38:00,0.0,0.0,0.0,--,0.0,--,7.6,60.8,22.01,18.0,5.8,11,2022/04/07 13:00:00,8.5,20.5,20.5,19.3,19.1,19.6,18.8,19.0,,
2022-04-08,8,1011.9,1014.4,1014.0,2022/04/08 00:01:00,1009.8,2022/04/08 15:20:00,22.6,26.4,2022/04/08 13:18:00,20.1,2022/04/08 00:03:00,15.2,64,52,2022/04/08 13:33:00,7.6,60,17.4,60,2022/04/08 10:57:00,0.0,0.0,0.0,--,0.0,--,8.8,70.2,22.89,30.0,6.3,10,2022/04/08 13:00:00,6.8,20.7,20.7,19.5,19.4,20.0,19.2,19.2,,
2022-04-09,9,1010.3,1012.8,1011.9,2022/04/09 07:35:00,1008.4,2022/04/09 17:40:00,23.2,27.1,2022/04/09 14:08:00,18.8,2022/04/09 05:55:00,16.4,66,52,2022/04/09 15:12:00,3.5,20,8.9,20,2022/04/09 15:03:00,0.0,0.0,0.0,--,0.0,--,11.5,91.6,25.52,19.0,5.4,10,2022/04/09 12:00:00,1.5,21.6,21.6,20.1,19.8,20.4,19.5,19.4,,
2022-04-10,10,1009.8,1012.3,1011.7,2022/04/10 10:22:00,1008.4,2022/04/10 15:51:00,22.9,26.2,2022/04/10 15:28:00,19.2,2022/04/10 03:54:00,19.9,83,66,2022/04/10 15:36:00,2.3,40,6.9,10,2022/04/10 13:37:00,0.0,0.0,0.0,--,0.0,--,10.2,81.1,24.18,15.0,4.6,11,2022/04/10 13:00:00,5.8,22.0,22.0,20.9,20.6,21.0,20.0,19.6,,
2022-04-11,11,1008.5,1011.0,1010.7,2022/04/11 09:13:00,1006.9,2022/04/11 15:28:00,22.7,25.7,2022/04/11 11:34:00,20.0,2022/04/11 05:32:00,21.6,94,78,2022/04/11 18:10:00,2.1,310,7.2,340,2022/04/11 12:15:00,0.0,0.0,0.0,--,0.0,--,3.6,28.6,18.48,14.5,-3.4,11,2022/04/11 13:00:00,10.0,23.2,23.2,21.5,21.2,21.6,20.5,19.8,,
2022-04-12,12,1006.7,1009.2,1008.7,2022/04/12 09:24:00,1005.1,2022/04/12 16:58:00,22.5,25.3,2022/04/12 10:17:00,21.2,2022/04/12 05:22:00,21.8,96,85,2022/04/12 10:19:00,1.6,310,6.0,330,2022/04/12 12:02:00,T,0.1,T,2022/04/12 00:25:00,T,2022/04/12 00:25:00,8.3,65.7,22.99,15.3,3.4,12,2022/04/12 12:00:00,6.3,23.5,23.5,22.1,21.8,22.1,20.9,20.1,,
2022-04-13,13,1004.5,1007.0,1006.2,2022/04/13 08:41:00,1002.6,2022/04/13 15:41:00,23.9,26.7,2022/04/13 12:41:00,20.6,2022/04/13 04:51:00,21.3,86,66,2022/04/13 12:32:00,2.3,240,7.6,290,2022/04/13 11:43:00,0.0,0.0,0.0,--,0.0,--,8.0,63.2,23.73,17.5,-3.6,11,2022/04/13 12:00:00,5.3,23.7,23.7,22.2,21.9,22.3,21.2,20.3,,
2022-04-14,14,1007.1,1009.6,1011.3,2022/04/14 22:35:00,1003.4,2022/04/14 04:15:00,22.3,24.7,2022/04/14 05:10:00,19.6,2022/04/14 23:58:00,19.2,83,71,2022/04/14 16:27:00,6.0,50,15.9,60,2022/04/14 21:15:00,8.5,1.8,6.0,2022/04/14 07:14:00,7.0,2022/04/14 06:34:00,2.7,21.3,11.18,17.0,-2.8,5,2022/04/14 15:00:00,8.5,22.1,22.1,22.0,22.0,22.6,21.6,20.6,,
2022-04-15,15,1012.1,1014.7,1014.5,2022/04/15 21:29:00,1010.4,2022/04/15 03:03:00,18.3,19.8,2022/04/15 00:12:00,17.3,2022/04/15 16:52:00,16.3,88,75,2022/04/15 23:16:00,8.5,50,20.3,40,2022/04/15 20:09:00,2.5,14.9,0.5,2022/04/15 03:19:00,0.5,2022/04/15 03:19:00,0.0,0.0,4.62,13.5,-1.3,2,2022/04/15 12:00:00,10.0,19.2,19.2,20.2,20.6,21.7,21.3,20.8,,
2022-04-16,16,1013.0,1015.6,1015.6,2022/04/16 22:05:00,1011.4,2022/04/16 13:49:00,18.7,21.1,2022/04/16 11:18:00,16.2,2022/04/16 23:42:00,12.6,68,60,2022/04/16 18:45:00,8.6,60,19.2,40,2022/04/16 12:42:00,T,0.9,T,2022/04/16 20:38:00,T,2022/04/16 20:38:00,0.4,3.1,11.76,15.0,-3.6,6,2022/04/16 12:00:00,9.3,18.4,18.4,19.0,19.4,20.7,20.7,20.9,,
2022-04-17,17,1014.6,1017.2,1016.0,2022/04/17 09:39:00,1013.2,2022/04/17 03:17:00,18.2,20.0,2022/04/17 14:24:00,15.4,2022/04/17 02:55:00,14.2,77,67,2022/04/17 10:35:00,5.1,60,13.1,50,2022/04/17 12:57:00,1.5,2.8,1.0,2022/04/17 01:24:00,1.0,2022/04/17 01:24:00,0.4,3.1,6.78,16.0,1.0,3,2022/04/17 15:00:00,9.8,18.2,18.2,18.5,18.8,20.1,20.2,20.9,,
2022-04-18,18,1014.9,1017.4,1017.0,2022/04/18 21:57:00,1013.2,2022/04/18 03:18:00,19.3,20.9,2022/04/18 09:19:00,18.3,2022/04/18 23:41:00,16.2,82,71,2022/04/18 20:51:00,4.1,50,10.5,40,2022/04/18 11:11:00,T,1.1,T,2022/04/18 10:23:00,T,2022/04/18 10:23:00,0.0,0.0,5.41,15.0,-2.1,2,2022/04/18 10:00:00,10.0,19.3,19.3,19.0,19.1,20.2,19.9,20.7,,
2022-04-19,19,1016.0,1018.6,1017.1,2022/04/19 09:27:00,1014.8,2022/04/19 03:25:00,16.5,18.4,2022/04/19 00:09:00,15.6,2022/04/19 08:12:00,14.9,90,79,2022/04/19 00:05:00,4.0,60,10.3,50,2022/04/19 20:36:00,8.0,13.7,1.0,2022/04/19 11:20:00,2.0,2022/04/19 15:58:00,0.0,0.0,4.78,5.0,-0.2,3,2022/04/19 12:00:00,10.0,18.1,18.1,18.5,18.8,20.0,19.9,20.6,,
2022-04-20,20,1012.7,1015.2,1015.6,2022/04/20 00:02:00,1010.5,2022/04/20 15:45:00,19.6,23.8,2022/04/20 14:38:00,15.4,2022/04/20 02:16:00,16.9,85,69,2022/04/20 12:21:00,2.9,80,9.5,90,2022/04/20 00:35:00,4.0,5.3,1.0,2022/04/20 06:05:00,1.5,2022/04/20 05:15:00,0.5,3.9,11.65,15.0,-2.1,7,2022/04/20 12:00:00,9.8,19.0,19.0,18.6,18.6,19.7,19.6,20.5,,
2022-04-21,21,1011.3,1013.8,1013.3,2022/04/21 09:21:00,1009.3,2022/04/21 15:53:00,22.6,27.2,2022/04/21 15:10:00,19.9,2022/04/21 05:59:00,20.4,88,65,2022/04/21 16:02:00,2.1,340,9.6,350,2022/04/21 02:02:00,0.0,0.0,0.0,--,0.0,--,5.4,42.1,17.39,16.0,2.7,9,2022/04/21 13:00:00,7.3,21.6,21.6,20.2,19.9,20.5,19.8,20.4,,
2022-04-22,22,1010.4,1012.9,1012.3,2022/04/22 07:50:00,1008.5,2022/04/22 15:55:00,25.3,28.4,2022/04/22 16:23:00,21.2,2022/04/22 05:33:00,22.1,83,64,2022/04/22 11:06:00,1.6,290,4.9,290,2022/04/22 10:16:00,0.0,0.0,0.0,--,0.0,--,9.8,76.2,24.79,16.0,-4.8,11,2022/04/22 12:00:00,6.5,23.7,23.7,21.7,21.2,21.5,20.4,20.4,,
2022-04-23,23,1008.3,1010.8,1010.1,2022/04/23 10:13:00,1006.3,2022/04/23 16:23:00,25.7,28.9,2022/04/23 13:58:00,24.2,2022/04/23 03:28:00,23.5,88,69,2022/04/23 13:50:00,2.8,260,10.2,240,2022/04/23 14:05:00,T,0.8,T,2022/04/23 06:30:00,T,2022/04/23 06:30:00,4.0,31.0,17.23,16.0,-3.9,X,--,8.5,24.6,24.6,22.6,22.2,22.4,21.1,20.5,,
2022-04-24,24,1007.5,1010.0,1008.8,2022/04/24 11:21:00,1005.7,2022/04/24 16:14:00,25.8,28.1,2022/04/24 14:22:00,24.1,2022/04/24 03:21:00,24.4,92,80,2022/04/24 14:09:00,2.2,250,8.7,240,2022/04/24 10:10:00,T,0.1,T,2022/04/24 05:14:00,T,2022/04/24 05:14:00,7.5,58.1,22.32,16.0,3.8,X,--,5.5,25.0,25.0,23.3,22.8,23.0,21.7,20.7,,
2022-04-25,25,1007.0,1009.5,1008.6,2022/04/25 09:11:00,1005.4,2022/04/25 18:13:00,25.9,28.5,2022/04/25 11:46:00,23.6,2022/04/25 03:28:00,24.6,93,80,2022/04/25 11:48:00,2.7,230,8.9,230,2022/04/25 18:52:00,0.0,0.0,0.0,--,0.0,--,4.5,34.8,18.88,18.0,3.9,11,2022/04/25 13:00:00,9.0,25.5,25.5,23.8,23.3,23.5,22.2,21.0,,
2022-04-26,26,1005.5,1008.0,1007.3,2022/04/26 21:36:00,1003.5,2022/04/26 15:50:00,26.9,29.1,2022/04/26 10:40:00,24.9,2022/04/26 00:55:00,24.9,89,80,2022/04/26 08:56:00,5.6,240,16.3,240,2022/04/26 11:45:00,0.0,0.0,0.0,--,0.0,--,8.8,67.9,24.47,20.0,5.2,12,2022/04/26 12:00:00,6.3,26.0,26.0,24.2,23.7,24.0,22.6,21.3,,
2022-04-27,27,1008.4,1010.9,1010.5,2022/04/27 20:45:00,1006.4,2022/04/27 02:07:00,26.2,28.8,2022/04/27 09:59:00,24.6,2022/04/27 18:52:00,24.6,91,79,2022/04/27 10:00:00,3.4,50,8.2,50,2022/04/27 17:05:00,0.0,0.0,0.0,--,0.0,--,5.2,40.1,20.62,16.0,-4.4,10,2022/04/27 11:00:00,9.8,26.1,26.1,24.6,24.1,24.4,23.0,21.6,,
2022-04-28,28,1009.6,1012.1,1010.9,2022/04/28 09:52:00,1008.3,2022/04/28 15:06:00,24.7,27.2,2022/04/28 11:39:00,22.1,2022/04/28 06:53:00,23.3,92,82,2022/04/28 11:42:00,3.2,20,10.3,20,2022/04/28 03:19:00,T,1.2,T,2022/04/28 02:39:00,T,2022/04/28 02:39:00,2.3,17.7,15.69,12.0,-2.8,X,--,9.0,24.8,24.8,24.2,24.0,24.4,23.2,21.9,,
2022-04-29,29,1009.9,1012.4,1013.2,2022/04/29 21:41:00,1006.8,2022/04/29 02:56:00,24.1,27.9,2022/04/29 12:26:00,20.8,2022/04/29 20:21:00,22.5,91,81,2022/04/29 08:47:00,5.4,50,18.0,50,2022/04/29 19:31:00,T,1.0,T,2022/04/29 07:04:00,T,2022/04/29 07:04:00,1.7,13.1,12.84,12.0,-4.2,10,2022/04/29 12:00:00,10.0,24.4,24.4,23.9,23.8,24.3,23.3,22.1,,
2022-04-30,30,1012.1,1014.6,1014.0,2022/04/30 22:10:00,1010.1,2022/04/30 13:53:00,21.0,23.0,2022/04/30 10:50:00,19.4,2022/04/30 22:45:00,19.1,89,80,2022/04/30 10:46:00,6.7,50,16.3,50,2022/04/30 00:20:00,0.5,3.7,0.5,2022/04/30 23:36:00,0.5,2022/04/30 23:36:00,0.0,0.0,6.0,14.0,-1.0,4,2022/04/30 11:00:00,10.0,21.9,21.9,22.4,22.6,23.6,23.1,22.3,,
2022-05-01,1,1012.9,1015.5,1014.8,2022/05/01 21:15:00,1011.3,2022/05/01 02:55:00,18.3,19.7,2022/05/01 00:40:00,16.2,2022/05/01 22:52:00,17.0,92,82,2022/05/01 22:43:00,6.8,50,15.3,40,2022/05/01 10:25:00,9.5,16.7,1.5,2022/05/01 15:12:00,3.0,2022/05/01 15:12:00,0.0,0.0,2.9,12.0,-0.4,2,2022/05/01 12:00:00,10.0,19.9,19.9,21.2,21.6,22.9,22.6,22.4,,
2022-05-02,2,1013.5,1016.1,1015.2,2022/05/02 20:41:00,1012.4,2022/05/02 05:44:00,15.8,17.3,2022/05/02 11:34:00,14.9,2022/05/02 03:36:00,14.6,93,85,2022/05/02 23:21:00,6.4,60,15.5,60,2022/05/02 10:22:00,19.0,22.1,0.5,2022/05/02 00:31:00,2.0,2022/05/02 09:36:00,0.0,0.0,5.2,9.5,-0.4,4,2022/05/02 12:00:00,10.0,17.8,17.8,19.4,20.0,21.6,21.8,22.4,,
2022-05-03,3,1012.9,1015.4,1014.1,2022/05/03 10:21:00,1012.0,2022/05/03 14:25:00,20.3,22.7,2022/05/03 14:44:00,16.1,2022/05/03 00:02:00,16.1,77,64,2022/05/03 15:09:00,8.0,60,18.0,60,2022/05/03 13:30:00,T,0.1,T,2022/05/03 00:01:00,T,2022/05/03 00:01:00,0.0,0.0,10.54,30.0,2.0,5,2022/05/03 12:00:00,10.0,19.2,19.2,19.2,19.5,20.8,21.0,22.1,,
2022-05-04,4,1010.6,1013.1,1012.6,2022/05/04 00:01:00,1009.0,2022/05/04 17:29:00,23.6,27.8,2022/05/04 13:44:00,20.7,2022/05/04 04:48:00,19.8,79,65,2022/05/04 09:57:00,5.5,50,13.8,80,2022/05/04 03:30:00,T,0.2,T,2022/05/04 21:29:00,T,2022/05/04 21:29:00,4.7,35.8,21.55,27.5,-4.1,10,2022/05/04 12:00:00,8.0,22.0,22.0,20.6,20.5,21.2,20.9,21.9,,
2022-05-05,5,1009.5,1012.0,1010.7,2022/05/05 10:26:00,1008.5,2022/05/05 04:08:00,22.4,23.3,2022/05/05 00:38:00,21.6,2022/05/05 08:03:00,21.7,96,88,2022/05/05 00:37:00,5.8,40,14.2,30,2022/05/05 06:19:00,T,3.0,T,2022/05/05 06:09:00,T,2022/05/05 06:09:00,0.0,0.0,5.1,13.5,-1.2,2,2022/05/05 14:00:00,10.0,22.0,22.0,21.4,21.3,22.0,21.3,21.7,,
2022-05-06,6,1010.0,1012.5,1011.5,2022/05/06 10:13:00,1008.7,2022/05/06 03:25:00,23.4,26.2,2022/05/06 13:33:00,21.8,2022/05/06 23:50:00,21.5,89,76,2022/05/06 13:05:00,4.6,40,11.0,30,2022/05/06 15:29:00,T,0.7,T,2022/05/06 00:05:00,T,2022/05/06 00:05:00,3.7,28.1,17.8,20.0,-3.9,10,2022/05/06 14:00:00,9.0,23.1,23.1,21.9,21.7,22.3,21.5,21.7,,
2022-05-07,7,1011.2,1013.7,1012.7,2022/05/07 09:44:00,1009.6,2022/05/07 02:13:00,23.7,26.0,2022/05/07 14:03:00,21.8,2022/05/07 02:19:00,21.5,88,79,2022/05/07 12:05:00,5.5,40,12.8,40,2022/05/07 15:00:00,T,0.3,T,2022/05/07 00:01:00,T,2022/05/07 00:01:00,7.3,55.4,22.93,20.0,-4.5,10,2022/05/07 13:00:00,8.0,23.5,23.5,22.4,22.2,22.7,21.8,21.7,,
2022-05-08,8,1011.2,1013.7,1012.5,2022/05/08 07:48:00,1010.0,2022/05/08 03:59:00,23.5,25.9,2022/05/08 11:26:00,22.8,2022/05/08 03:38:00,22.2,93,84,2022/05/08 11:27:00,5.4,40,13.3,20,2022/05/08 14:40:00,T,1.6,T,2022/05/08 00:01:00,T,2022/05/08 00:01:00,0.1,0.8,9.62,15.0,-2.2,7,2022/05/08 12:00:00,10.0,23.1,23.1,22.6,22.4,23.0,22.1,21.8,,
2022-05-09,9,1010.6,1013.1,1012.4,2022/05/09 11:06:00,1008.9,2022/05/09 16:49:00,23.1,24.2,2022/05/09 10:24:00,21.2,2022/05/09 23:52:00,22.1,94,88,2022/05/09 10:16:00,4.2,40,11.1,40,2022/05/09 10:19:00,0.5,3.8,0.5,2022/05/09 16:50:00,0.5,2022/05/09 16:50:00,0.0,0.0,6.14,13.0,-1.0,4,2022/05/09 11:00:00,10.0,22.8,22.8,22.4,22.3,23.0,22.2,21.9,,
2022-05-10,10,1008.3,1010.8,1010.0,2022/05/10 00:01:00,1006.6,2022/05/10 15:25:00,24.0,27.3,2022/05/10 13:35:00,21.3,2022/05/10 00:01:00,22.2,90,71,2022/05/10 16:19:00,1.6,100,6.1,300,2022/05/10 10:01:00,T,2.1,T,2022/05/10 03:10:00,T,2022/05/10 03:10:00,3.5,26.4,17.16,23.0,-1.3,10,2022/05/10 14:00:00,9.3,23.9,23.9,22.5,22.4,23.0,22.2,22.0,,
2022-05-11,11,1007.6,1010.1,1009.2,2022/05/11 10:30:00,1005.8,2022/05/11 15:48:00,23.6,26.7,2022/05/11 13:40:00,22.3,2022/05/11 05:17:00,22.9,96,81,2022/05/11 13:34:00,2.0,320,6.4,210,2022/05/11 12:41:00,21.0,9.0,1.5,2022/05/11 05:01:00,5.5,2022/05/11 08:55:00,4.8,36.2,14.41,14.5,/,10,2022/05/11 14:00:00,6.3,24.0,24.0,23.0,22.8,23.4,22.4,22.1,,
2022-05-12,12,1006.0,1008.5,1007.8,2022/05/12 00:01:00,1004.7,2022/05/12 23:57:00,24.4,28.1,2022/05/12 10:17:00,22.7,2022/05/12 03:00:00,23.6,95,80,2022/05/12 10:18:00,2.3,40,7.1,20,2022/05/12 12:12:00,8.0,3.7,3.0,2022/05/12 17:08:00,6.5,2022/05/12 17:01:00,2.2,16.6,15.96,16.0,-0.9,11,2022/05/12 12:00:00,10.0,24.5,24.5,23.4,23.2,23.7,22.7,22.2,,
2022-05-13,13,1004.2,1006.7,1007.3,2022/05/13 21:48:00,1002.2,2022/05/13 06:08:00,24.5,28.5,2022/05/13 09:13:00,22.1,2022/05/13 23:44:00,22.7,90,71,2022/05/13 09:26:00,5.3,250,16.5,220,2022/05/13 11:38:00,2.5,6.4,0.5,2022/05/13 01:45:00,1.0,2022/05/13 01:45:00,0.9,6.8,14.08,16.0,-2.1,9,2022/05/13 13:00:00,10.0,24.2,24.2,23.4,23.3,23.8,22.9,22.3,,
2022-05-14,14,1008.7,1011.2,1010.8,2022/05/14 22:21:00,1006.2,2022/05/14 02:41:00,20.9,22.2,2022/05/14 00:01:00,20.0,2022/05/14 21:38:00,20.7,99,98,2022/05/14 00:01:00,6.6,40,15.5,60,2022/05/14 09:08:00,62.0,22.9,2.5,2022/05/14 01:58:00,8.0,2022/05/14 01:19:00,0.0,0.0,3.03,13.0,/,2,2022/05/14 14:00:00,10.0,22.0,22.0,22.3,22.5,23.4,22.6,22.5,,
2022-05-15,15,1010.6,1013.2,1012.2,2022/05/15 09:33:00,1009.2,2022/05/15 04:24:00,18.6,20.0,2022/05/15 00:01:00,17.3,2022/05/15 18:39:00,18.0,97,89,2022/05/15 13:01:00,7.9,50,18.0,60,2022/05/15 19:34:00,21.5,21.4,2.5,2022/05/15 03:35:00,5.5,2022/05/15 02:56:00,0.0,0.0,4.53,9.8,/,4,2022/05/15 12:00:00,10.0,20.1,20.1,21.0,21.4,22.6,21.7,22.2,,
2022-05-16,16,1010.9,1013.5,1012.1,2022/05/16 10:01:00,1009.8,2022/05/16 04:15:00,17.2,18.2,2022/05/16 13:59:00,16.5,2022/05/16 04:56:00,16.9,98,97,2022/05/16 05:08:00,7.6,50,17.4,50,2022/05/16 02:10:00,52.5,23.9,2.0,2022/05/16 05:09:00,6.0,2022/05/16 06:04:00,0.0,0.0,4.46,4.8,-0.7,3,2022/05/16 12:00:00,10.0,18.7,18.7,19.5,20.0,21.5,20.4,21.5,,
2022-05-17,17,1011.7,1014.3,1013.6,2022/05/17 22:03:00,1009.9,2022/05/17 02:55:00,20.2,23.3,2022/05/17 14:32:00,17.0,2022/05/17 01:08:00,16.0,78,58,2022/05/17 16:02:00,6.3,50,15.0,40,2022/05/17 14:54:00,3.5,3.1,1.0,2022/05/17 00:07:00,3.0,2022/05/17 00:07:00,3.3,24.7,20.19,17.0,5.3,9,2022/05/17 12:00:00,8.0,19.6,19.6,19.6,19.8,20.9,20.2,21.1,,
2022-05-18,18,1011.4,1013.9,1013.3,2022/05/18 09:20:00,1009.7,2022/05/18 23:57:00,22.9,25.2,2022/05/18 12:00:00,19.8,2022/05/18 00:51:00,19.8,82,77,2022/05/18 09:52:00,7.6,50,20.8,40,2022/05/18 14:52:00,0.0,0.0,0.0,--,0.0,--,9.5,71.0,26.09,22.5,5.3,12,2022/05/18 12:00:00,5.0,21.6,21.6,20.6,20.5,21.3,20.6,21.2,,
2022-05-19,19,1008.7,1011.2,1010.3,2022/05/19 08:20:00,1006.8,2022/05/19 16:39:00,24.4,28.2,2022/05/19 11:07:00,21.6,2022/05/19 23:31:00,22.2,88,75,2022/05/19 09:39:00,5.1,40,15.1,50,2022/05/19 14:56:00,T,0.9,T,2022/05/19 20:35:00,T,2022/05/19 20:35:00,4.1,30.6,19.67,22.5,-4.3,10,2022/05/19 14:00:00,7.5,23.3,23.3,21.9,21.7,22.2,21.2,21.5,,
2022-05-20,20,1006.4,1008.9,1008.2,2022/05/20 00:01:00,1004.5,2022/05/20 17:28:00,22.9,25.4,2022/05/20 11:45:00,21.4,2022/05/20 06:06:00,21.8,94,85,2022/05/20 13:24:00,4.5,40,11.0,20,2022/05/20 14:29:00,2.0,1.8,0.5,2022/05/20 01:43:00,0.5,2022/05/20 01:43:00,1.7,12.7,13.39,15.5,3.2,7,2022/05/20 12:00:00,9.5,22.9,22.9,22.3,22.2,22.7,21.7,21.7,,
2022-05-21,21,1006.5,1009.0,1007.8,2022/05/21 22:14:00,1004.4,2022/05/21 01:50:00,22.3,23.8,2022/05/21 12:34:00,20.9,2022/05/21 23:17:00,20.5,90,81,2022/05/21 10:08:00,5.1,40,12.7,40,2022/05/21 13:23:00,1.5,2.9,0.5,2022/05/21 21:10:00,1.0,2022/05/21 21:10:00,0.0,0.0,6.7,19.0,-1.4,4,2022/05/21 13:00:00,9.8,22.3,22.3,22.1,22.0,22.7,22.0,21.8,,
2022-05-22,22,1006.2,1008.7,1007.4,2022/05/22 09:29:00,1005.0,2022/05/22 15:56:00,22.4,23.7,2022/05/22 14:42:00,20.9,2022/05/22 00:12:00,21.5,95,88,2022/05/22 13:09:00,4.9,50,12.9,50,2022/05/22 12:26:00,T,0.4,T,2022/05/22 00:03:00,T,2022/05/22 00:03:00,0.0,0.0,8.05,17.0,-1.6,5,2022/05/22 13:00:00,10.0,22.3,22.3,21.8,21.8,22.6,21.9,21.9,,
2022-05-23,23,1007.0,1009.5,1009.0,2022/05/23 21:31:00,1004.9,2022/05/23 03:04:00,22.7,24.2,2022/05/23 09:51:00,21.9,2022/05/23 20:27:00,22.3,98,95,2022/05/23 10:12:00,2.6,40,7.8,360,2022/05/23 10:18:00,1.0,1.3,0.5,2022/05/23 15:52:00,0.5,2022/05/23 15:18:00,0.0,0.0,4.74,12.0,-0.6,3,2022/05/23 10:00:00,10.0,22.8,22.8,22.2,22.0,22.7,22.0,22.0,,
2022-05-24,24,1008.9,1011.4,1010.7,2022/05/24 21:41:00,1007.8,2022/05/24 01:47:00,22.4,24.4,2022/05/24 09:55:00,21.8,2022/05/24 06:12:00,21.8,96,89,2022/05/24 09:56:00,2.8,40,7.3,40,2022/05/24 11:54:00,61.5,9.1,4.0,2022/05/24 19:06:00,13.5,2022/05/24 18:29:00,0.0,0.0,6.52,12.0,/,5,2022/05/24 11:00:00,10.0,22.7,22.7,22.1,22.1,22.8,22.1,22.0,,
2022-05-25,25,1006.7,1009.2,1008.9,2022/05/25 00:01:00,1004.8,2022/05/25 15:20:00,22.8,23.7,2022/05/25 13:38:00,22.1,2022/05/25 00:01:00,22.7,99,98,2022/05/25 04:43:00,2.7,50,8.4,40,2022/05/25 16:18:00,127.0,15.9,7.5,2022/05/25 23:38:00,25.0,2022/05/25 22:59:00,0.0,0.0,3.02,9.5,/,3,2022/05/25 14:00:00,10.0,22.8,22.8,22.0,22.0,22.7,22.1,22.1,,
2022-05-26,26,1003.4,1005.9,1005.9,2022/05/26 00:01:00,1002.0,2022/05/26 14:49:00,23.0,26.3,2022/05/26 10:52:00,21.1,2022/05/26 18:48:00,22.6,98,87,2022/05/26 10:47:00,2.9,120,13.4,30,2022/05/26 16:13:00,70.0,15.2,8.0,2022/05/26 12:21:00,19.0,2022/05/26 11:58:00,0.0,0.0,5.3,14.5,/,4,2022/05/26 11:00:00,10.0,23.1,23.1,22.3,22.2,22.8,22.2,22.1,,
2022-05-27,27,1003.8,1006.3,1005.8,2022/05/27 22:06:00,1001.8,2022/05/27 03:22:00,22.3,23.8,2022/05/27 15:41:00,21.1,2022/05/27 01:21:00,22.0,98,92,2022/05/27 15:13:00,3.1,50,9.5,40,2022/05/27 09:17:00,58.5,12.1,6.5,2022/05/27 08:25:00,22.0,2022/05/27 08:10:00,0.0,0.0,5.51,16.0,-0.4,3,2022/05/27 14:00:00,10.0,22.4,22.4,21.9,21.9,22.7,22.1,22.1,,
2022-05-28,28,1004.2,1006.7,1005.7,2022/05/28 10:30:00,1003.0,2022/05/28 16:51:00,25.4,27.9,2022/05/28 16:28:00,22.7,2022/05/28 00:01:00,24.4,95,87,2022/05/28 21:37:00,4.3,240,12.7,250,2022/05/28 18:54:00,5.0,3.5,2.5,2022/05/28 04:05:00,3.5,2022/05/28 04:05:00,3.4,25.2,17.12,13.8,-3.4,13,2022/05/28 13:00:00,10.0,24.2,24.2,22.8,22.5,22.9,22.2,22.1,,
2022-05-29,29,1003.8,1006.2,1004.7,2022/05/29 00:01:00,1002.7,2022/05/29 14:18:00,27.1,29.6,2022/05/29 12:57:00,24.3,2022/05/29 03:42:00,25.0,88,77,2022/05/29 10:59:00,5.8,240,15.9,240,2022/05/29 13:02:00,0.0,0.0,0.0,--,0.0,--,11.8,87.3,27.02,16.5,6.0,12,2022/05/29 12:00:00,5.8,25.5,25.5,24.0,23.5,23.8,22.7,22.2,,
2022-05-30,30,1004.0,1006.5,1006.4,2022/05/30 23:01:00,1002.3,2022/05/30 14:11:00,27.3,29.6,2022/05/30 12:06:00,24.2,2022/05/30 05:16:00,25.2,89,82,2022/05/30 07:20:00,4.9,240,16.4,250,2022/05/30 10:26:00,0.0,0.0,0.0,--,0.0,--,12.5,92.4,27.77,16.3,6.2,12,2022/05/30 12:00:00,5.8,26.1,26.1,24.7,24.3,24.5,23.1,22.3,,
2022-05-31,31,1006.0,1008.5,1007.6,2022/05/31 09:05:00,1004.4,2022/05/31 02:18:00,26.9,29.4,2022/05/31 14:12:00,25.6,2022/05/31 03:14:00,25.1,90,76,2022/05/31 14:13:00,1.8,290,7.4,260,2022/05/31 21:11:00,1.5,0.8,1.0,2022/05/31 17:57:00,1.0,2022/05/31 17:57:00,3.4,25.1,17.56,17.0,-4.2,11,2022/05/31 14:00:00,7.8,26.8,26.8,25.4,25.0,25.1,23.6,22.5,,
2022-06-01,1,1004.5,1006.9,1006.4,2022/06/01 00:13:00,1002.1,2022/06/01 16:19:00,28.0,30.2,2022/06/01 11:04:00,25.0,2022/06/01 05:21:00,25.6,87,78,2022/06/01 07:13:00,6.0,250,15.4,240,2022/06/01 13:12:00,0.0,0.0,0.0,--,0.0,--,10.4,76.7,26.9,30.0,7.2,13,2022/06/01 13:00:00,6.0,27.4,27.4,26.0,25.6,25.7,24.1,22.8,,
2022-06-02,2,1003.6,1006.1,1005.2,2022/06/02 22:55:00,1002.2,2022/06/02 14:19:00,28.2,30.6,2022/06/02 12:15:00,27.0,2022/06/02 03:34:00,25.3,84,72,2022/06/02 09:08:00,6.6,240,16.1,240,2022/06/02 12:21:00,0.0,0.0,0.0,--,0.0,--,5.3,39.1,22.46,30.0,5.8,12,2022/06/02 12:00:00,8.0,27.5,27.5,26.1,25.8,26.1,24.6,23.1,,
2022-06-03,3,1004.3,1006.7,1005.8,2022/06/03 22:37:00,1003.2,2022/06/03 14:16:00,28.2,30.6,2022/06/03 10:14:00,27.0,2022/06/03 04:51:00,25.1,84,72,2022/06/03 09:23:00,6.1,240,15.0,240,2022/06/03 10:28:00,0.0,0.0,0.0,--,0.0,--,4.2,30.9,20.28,27.5,5.7,11,2022/06/03 11:00:00,8.0,27.2,27.2,26.2,25.8,26.2,24.9,23.4,,
2022-06-04,4,1004.3,1006.8,1005.9,2022/06/04 08:48:00,1002.6,2022/06/04 17:45:00,28.3,30.5,2022/06/04 12:43:00,26.2,2022/06/04 00:48:00,24.8,81,73,2022/06/04 18:46:00,6.4,230,15.7,230,2022/06/04 16:07:00,0.0,0.0,0.0,--,0.0,--,6.4,47.1,24.05,25.0,6.7,13,2022/06/04 13:00:00,7.8,27.7,27.7,26.3,26.0,26.4,25.1,23.7,,
2022-06-05,5,1000.9,1003.3,1003.7,2022/06/05 00:01:00,998.8,2022/06/05 16:24:00,29.2,30.9,2022/06/05 14:35:00,27.8,2022/06/05 05:29:00,24.5,76,69,2022/06/05 09:05:00,10.0,230,21.0,220,2022/06/05 13:45:00,0.0,0.0,0.0,--,0.0,--,10.0,73.6,27.32,30.0,6.8,13,2022/06/05 13:00:00,6.8,27.6,27.6,26.4,26.1,26.6,25.3,23.9,,
2022-06-06,6,1000.8,1003.2,1004.1,2022/06/06 22:56:00,998.0,2022/06/06 03:04:00,26.7,29.5,2022/06/06 07:39:00,23.1,2022/06/06 22:46:00,23.9,85,69,2022/06/06 01:48:00,7.7,230,23.3,230,2022/06/06 04:19:00,45.5,6.5,5.0,2022/06/06 19:03:00,12.5,2022/06/06 18:37:00,1.8,13.2,7.59,20.0,-3.2,4,2022/06/06 11:00:00,9.8,26.1,26.1,25.7,25.7,26.4,25.5,24.2,,
2022-06-07,7,1004.6,1007.1,1006.6,2022/06/07 22:11:00,1002.2,2022/06/07 03:27:00,23.1,24.9,2022/06/07 09:00:00,20.7,2022/06/07 16:08:00,22.3,95,82,2022/06/07 15:58:00,2.2,80,7.0,40,2022/06/07 13:06:00,57.0,6.1,9.0,2022/06/07 12:04:00,27.0,2022/06/07 11:29:00,0.0,0.0,4.74,11.0,/,3,2022/06/07 15:00:00,10.0,24.4,24.4,24.4,24.6,25.6,24.8,24.5,,
2022-06-08,8,1006.3,1008.8,1007.6,2022/06/08 22:19:00,1005.5,2022/06/08 15:26:00,22.6,24.6,2022/06/08 12:16:00,21.7,2022/06/08 22:57:00,21.9,96,93,2022/06/08 08:19:00,2.9,80,9.0,50,2022/06/08 13:50:00,47.0,8.0,4.5,2022/06/08 12:44:00,8.0,2022/06/08 12:38:00,0.0,0.0,4.92,8.5,-0.2,4,2022/06/08 11:00:00,10.0,23.5,23.5,23.6,23.8,24.9,24.1,24.4,,
2022-06-09,9,1006.0,1008.5,1007.0,2022/06/09 08:19:00,1004.7,2022/06/09 15:16:00,24.8,27.6,2022/06/09 15:10:00,21.7,2022/06/09 00:01:00,23.8,94,84,2022/06/09 11:52:00,2.0,130,5.4,100,2022/06/09 01:08:00,14.5,3.2,3.0,2022/06/09 19:17:00,5.5,2022/06/09 04:30:00,0.0,0.0,8.85,18.0,-0.8,6,2022/06/09 12:00:00,10.0,24.4,24.4,23.7,23.7,24.5,23.8,24.1,,
2022-06-10,10,1003.8,1006.3,1005.5,2022/06/10 00:01:00,1002.3,2022/06/10 15:47:00,26.9,29.7,2022/06/10 13:38:00,24.4,2022/06/10 02:56:00,24.5,87,76,2022/06/10 12:04:00,5.3,230,18.3,250,2022/06/10 18:27:00,2.5,3.5,1.0,2022/06/10 07:59:00,2.0,2022/06/10 07:12:00,1.1,8.1,14.1,16.0,-4.1,9,2022/06/10 13:00:00,10.0,25.7,25.7,24.6,24.5,25.1,24.3,24.1,,
2022-06-11,11,1005.7,1008.2,1008.2,2022/06/11 22:24:00,1003.2,2022/06/11 03:55:00,25.9,29.4,2022/06/11 08:34:00,23.1,2022/06/11 19:37:00,23.6,87,73,2022/06/11 08:33:00,6.0,230,16.2,240,2022/06/11 10:26:00,2.0,2.5,0.5,2022/06/11 18:50:00,1.0,2022/06/11 22:39:00,1.7,12.5,11.64,16.0,-1.8,6,2022/06/11 10:00:00,10.0,25.4,25.4,25.0,24.8,25.5,24.5,24.1,,
2022-06-12,12,1006.2,1008.7,1007.5,2022/06/12 09:27:00,1005.2,2022/06/12 23:58:00,24.8,26.2,2022/06/12 14:06:00,22.7,2022/06/12 00:57:00,23.9,95,88,2022/06/12 14:40:00,2.1,260,7.9,250,2022/06/12 20:29:00,18.0,4.3,2.5,2022/06/12 01:57:00,9.0,2022/06/12 01:18:00,0.3,2.2,8.21,16.0,-1.6,5,2022/06/12 15:00:00,10.0,25.1,25.1,24.4,24.3,25.1,24.5,24.2,,
2022-06-13,13,1003.1,1005.6,1005.2,2022/06/13 00:01:00,1002.4,2022/06/13 13:38:00,27.8,30.3,2022/06/13 12:46:00,24.7,2022/06/13 00:02:00,24.8,84,72,2022/06/13 12:40:00,7.7,230,18.7,250,2022/06/13 12:41:00,0.0,0.0,0.0,--,0.0,--,3.0,22.0,18.24,17.0,5.8,13,2022/06/13 12:00:00,9.8,26.0,26.0,25.0,24.8,25.4,24.5,24.2,,
2022-06-14,14,1004.5,1007.0,1008.1,2022/06/14 22:06:00,1002.4,2022/06/14 04:51:00,28.0,30.3,2022/06/14 09:39:00,24.7,2022/06/14 23:24:00,24.6,82,66,2022/06/14 08:34:00,7.8,250,18.3,250,2022/06/14 12:51:00,0.0,0.0,0.0,--,0.0,--,3.7,27.1,19.27,23.0,-2.9,9,2022/06/14 12:00:00,9.0,26.6,26.6,25.5,25.3,25.8,24.7,24.2,,
2022-06-15,15,1007.3,1009.8,1008.9,2022/06/15 22:18:00,1004.7,2022/06/15 07:29:00,25.5,26.8,2022/06/15 11:02:00,24.2,2022/06/15 01:16:00,24.5,95,87,2022/06/15 11:07:00,3.1,220,19.4,270,2022/06/15 14:03:00,10.5,6.4,1.5,2022/06/15 11:36:00,4.0,2022/06/15 14:12:00,0.0,0.0,3.73,19.0,-1.0,2,2022/06/15 12:00:00,10.0,25.4,25.4,25.1,25.1,25.8,24.9,24.3,,
2022-06-16,16,1007.6,1010.1,1009.7,2022/06/16 08:36:00,1006.5,2022/06/16 13:58:00,25.7,27.7,2022/06/16 14:30:00,23.0,2022/06/16 09:08:00,24.3,92,78,2022/06/16 11:39:00,2.6,240,18.0,230,2022/06/16 07:44:00,4.5,2.1,1.5,2022/06/16 08:31:00,4.0,2022/06/16 07:47:00,1.0,7.3,9.65,24.0,-2.2,9,2022/06/16 12:00:00,9.8,25.5,25.5,25.0,24.9,25.6,24.8,24.4,,
2022-06-17,17,1005.9,1008.4,1006.9,2022/06/17 22:06:00,1005.2,2022/06/17 17:08:00,27.1,29.2,2022/06/17 10:45:00,24.9,2022/06/17 04:30:00,25.2,90,75,2022/06/17 10:42:00,4.8,240,14.0,250,2022/06/17 13:57:00,0.0,0.0,0.0,--,0.0,--,0.6,4.4,12.88,25.0,3.5,8,2022/06/17 13:00:00,9.5,26.2,26.2,25.3,25.1,25.8,24.9,24.5,,
2022-06-18,18,1005.3,1007.8,1006.4,2022/06/18 22:14:00,1004.1,2022/06/18 15:09:00,27.8,30.5,2022/06/18 13:03:00,24.8,2022/06/18 04:03:00,25.0,85,71,2022/06/18 13:21:00,5.0,230,14.4,250,2022/06/18 14:40:00,0.0,0.0,0.0,--,0.0,--,8.5,62.3,24.61,27.5,6.8,12,2022/06/18 12:00:00,9.0,26.8,26.8,25.8,25.5,26.0,25.0,24.5,,
2022-06-19,19,1005.0,1007.5,1005.8,2022/06/19 08:31:00,1003.8,2022/06/19 15:29:00,27.9,30.6,2022/06/19 12:44:00,25.5,2022/06/19 04:54:00,25.2,86,75,2022/06/19 08:14:00,4.5,230,13.3,250,2022/06/19 12:12:00,0.0,0.0,0.0,--,0.0,--,9.5,69.6,25.5,22.5,5.9,13,2022/06/19 13:00:00,7.5,27.5,27.5,26.4,26.1,26.5,25.4,24.6,,
2022-06-20,20,1003.3,1005.7,1004.7,2022/06/20 00:05:00,1001.9,2022/06/20 15:35:00,28.0,30.4,2022/06/20 10:58:00,25.0,2022/06/20 05:33:00,25.4,86,75,2022/06/20 11:00:00,5.8,230,17.0,240,2022/06/20 11:26:00,0.0,0.0,0.0,--,0.0,--,11.5,84.2,27.49,25.0,6.6,13,2022/06/20 12:00:00,8.3,27.5,27.5,26.6,26.3,26.9,25.7,24.7,,
2022-06-21,21,1004.7,1007.2,1006.8,2022/06/21 22:19:00,1001.9,2022/06/21 01:45:00,28.1,30.4,2022/06/21 11:05:00,26.1,2022/06/21 05:18:00,25.3,85,77,2022/06/21 08:15:00,3.7,240,11.1,250,2022/06/21 12:51:00,0.0,0.0,0.0,--,0.0,--,4.2,30.8,19.89,19.0,5.0,10,2022/06/21 11:00:00,9.5,27.7,27.7,26.8,26.6,27.1,25.9,24.9,,
2022-06-22,22,1007.8,1010.3,1009.5,2022/06/22 21:46:00,1005.4,2022/06/22 03:07:00,28.4,31.0,2022/06/22 12:07:00,25.3,2022/06/22 05:00:00,25.3,83,74,2022/06/22 01:26:00,3.9,240,11.8,240,2022/06/22 12:24:00,0.0,0.0,0.0,--,0.0,--,12.8,93.8,28.93,25.0,6.5,12,2022/06/22 13:00:00,3.0,27.9,27.9,27.1,26.8,27.3,26.1,25.0,,
2022-06-23,23,1008.2,1010.7,1009.7,2022/06/23 07:43:00,1006.3,2022/06/23 14:46:00,28.4,31.0,2022/06/23 15:08:00,25.7,2022/06/23 03:20:00,25.7,85,78,2022/06/23 07:27:00,3.5,220,11.4,240,2022/06/23 09:52:00,0.0,0.0,0.0,--,0.0,--,10.9,79.9,26.15,17.0,6.3,12,2022/06/23 12:00:00,4.8,28.4,28.4,27.5,27.2,27.7,26.4,25.2,,
2022-06-24,24,1006.4,1008.9,1007.7,2022/06/24 07:47:00,1005.4,2022/06/24 14:18:00,28.0,31.0,2022/06/24 12:43:00,25.6,2022/06/24 23:56:00,25.2,85,78,2022/06/24 07:58:00,4.0,210,11.3,240,2022/06/24 09:58:00,T,0.1,T,2022/06/24 18:05:00,T,2022/06/24 18:05:00,9.4,68.9,24.62,24.0,-6.2,12,2022/06/24 13:00:00,7.8,28.4,28.4,27.5,27.3,27.9,26.7,25.4,,
2022-06-25,25,1006.3,1008.8,1007.8,2022/06/25 18:15:00,1004.1,2022/06/25 03:13:00,27.6,31.7,2022/06/25 11:33:00,24.1,2022/06/25 19:18:00,24.3,82,71,2022/06/25 15:05:00,2.9,190,12.1,190,2022/06/25 18:21:00,2.0,2.3,0.5,2022/06/25 18:16:00,1.5,2022/06/25 18:16:00,8.5,62.3,23.61,18.0,-4.9,12,2022/06/25 13:00:00,6.8,28.2,28.2,27.4,27.3,27.9,26.8,25.5,,
2022-06-26,26,1008.2,1010.7,1009.6,2022/06/26 09:13:00,1006.5,2022/06/26 01:53:00,28.2,31.5,2022/06/26 09:55:00,24.5,2022/06/26 03:50:00,24.9,82,65,2022/06/26 09:48:00,2.2,260,8.8,280,2022/06/26 12:14:00,0.0,0.0,0.0,--,0.0,--,11.4,83.6,26.74,19.5,6.2,12,2022/06/26 13:00:00,8.3,28.3,28.3,27.5,27.4,28.0,26.9,25.7,,
2022-06-27,27,1006.7,1009.2,1008.6,2022/06/27 08:00:00,1005.0,2022/06/27 23:45:00,28.8,31.5,2022/06/27 12:04:00,25.8,2022/06/27 05:08:00,24.9,80,59,2022/06/27 16:03:00,1.9,30,6.9,280,2022/06/27 12:58:00,0.0,0.0,0.0,--,0.0,--,12.1,88.7,27.65,18.0,6.6,12,2022/06/27 13:00:00,7.0,28.9,28.9,28.1,27.8,28.3,27.1,25.8,,
2022-06-28,28,1003.7,1006.2,1005.3,2022/06/28 07:24:00,1001.8,2022/06/28 23:23:00,28.6,31.4,2022/06/28 11:26:00,25.9,2022/06/28 04:24:00,26.0,86,72,2022/06/28 16:42:00,2.4,180,6.4,320,2022/06/28 13:22:00,0.0,0.0,0.0,--,0.0,--,8.7,63.8,23.76,18.0,5.4,13,2022/06/28 12:00:00,6.8,28.8,28.8,28.3,28.1,28.5,27.3,26.0,,
2022-06-29,29,1002.7,1005.2,1004.5,2022/06/29 22:22:00,1000.9,2022/06/29 16:05:00,27.8,32.2,2022/06/29 11:12:00,23.1,2022/06/29 18:23:00,25.6,88,68,2022/06/29 11:20:00,2.8,30,17.7,220,2022/06/29 18:05:00,11.5,1.2,8.5,2022/06/29 18:20:00,11.5,2022/06/29 17:55:00,3.2,23.5,16.13,17.5,-5.0,9,2022/06/29 13:00:00,6.8,28.5,28.5,28.1,28.0,28.6,27.5,26.1,,
2022-06-30,30,1002.2,1004.6,1004.1,2022/06/30 00:08:00,1000.5,2022/06/30 17:08:00,28.4,31.5,2022/06/30 13:00:00,24.6,2022/06/30 00:01:00,25.8,86,72,2022/06/30 10:40:00,2.0,250,8.2,250,2022/06/30 12:42:00,0.0,0.0,0.0,--,0.0,--,10.6,77.8,26.47,20.5,6.0,12,2022/06/30 13:00:00,6.8,28.2,28.2,27.6,27.5,28.2,27.3,26.3,,
2022-07-01,1,1003.1,1005.5,1005.1,2022/07/01 21:51:00,1002.0,2022/07/01 03:39:00,29.5,32.4,2022/07/01 11:20:00,26.0,2022/07/01 04:32:00,25.8,81,62,2022/07/01 09:38:00,2.1,270,7.0,250,2022/07/01 13:18:00,0.5,0.2,0.5,2022/07/01 23:27:00,0.5,2022/07/01 23:27:00,11.1,81.6,26.84,27.5,/,12,2022/07/01 13:00:00,8.3,28.9,28.9,28.2,28.0,28.5,27.4,26.3,,
2022-07-02,2,1004.7,1007.2,1005.9,2022/07/02 10:18:00,1003.6,2022/07/02 16:19:00,27.2,30.6,2022/07/02 15:11:00,24.7,2022/07/02 07:09:00,26.0,93,79,2022/07/02 15:12:00,2.0,210,7.2,280,2022/07/02 06:56:00,47.0,5.3,12.5,2022/07/02 06:45:00,35.0,2022/07/02 06:45:00,3.0,22.1,10.58,10.5,-5.5,6,2022/07/02 15:00:00,9.0,27.6,27.6,27.5,27.5,28.2,27.4,26.8,,
2022-07-03,3,1003.6,1006.0,1005.0,2022/07/03 00:01:00,1002.3,2022/07/03 16:26:00,28.9,31.4,2022/07/03 14:12:00,25.8,2022/07/03 01:13:00,26.3,86,72,2022/07/03 10:55:00,4.5,250,10.3,250,2022/07/03 13:39:00,0.5,0.3,0.5,2022/07/03 00:57:00,0.5,2022/07/03 00:57:00,9.1,66.9,24.48,30.0,-6.0,12,2022/07/03 12:00:00,8.3,28.2,28.2,27.6,27.5,28.2,27.3,26.8,,
2022-07-04,4,1002.6,1005.1,1004.1,2022/07/04 20:56:00,1001.3,2022/07/04 03:43:00,29.0,31.8,2022/07/04 12:00:00,26.6,2022/07/04 23:09:00,25.7,83,74,2022/07/04 10:32:00,4.9,220,17.5,230,2022/07/04 17:11:00,0.0,0.0,0.0,--,0.0,--,9.8,72.1,27.44,23.0,6.7,13,2022/07/04 12:00:00,8.0,28.5,28.5,27.9,27.8,28.4,27.4,26.8,,
2022-07-05,5,1004.0,1006.4,1005.4,2022/07/05 22:25:00,1002.7,2022/07/05 13:35:00,28.2,32.1,2022/07/05 11:42:00,25.9,2022/07/05 04:23:00,25.0,83,66,2022/07/05 08:53:00,3.9,170,13.2,250,2022/07/05 13:35:00,1.5,0.6,0.5,2022/07/05 17:00:00,1.5,2022/07/05 16:43:00,9.0,66.2,22.42,22.0,-5.2,13,2022/07/05 13:00:00,8.8,28.0,28.0,27.7,27.7,28.4,27.5,26.8,,
2022-07-06,6,1005.7,1008.2,1007.1,2022/07/06 21:01:00,1004.5,2022/07/06 01:17:00,28.3,31.4,2022/07/06 12:02:00,25.4,2022/07/06 04:16:00,25.6,86,69,2022/07/06 08:41:00,3.9,230,14.4,240,2022/07/06 10:40:00,7.5,1.0,3.0,2022/07/06 19:10:00,6.5,2022/07/06 18:36:00,10.1,74.4,26.35,24.0,-5.6,13,2022/07/06 13:00:00,7.8,27.9,27.9,27.4,27.4,28.2,27.4,26.8,,
2022-07-07,7,1007.2,1009.7,1008.0,2022/07/07 07:21:00,1006.2,2022/07/07 15:04:00,28.5,31.5,2022/07/07 11:06:00,25.8,2022/07/07 04:15:00,26.0,87,70,2022/07/07 10:17:00,2.0,190,7.1,270,2022/07/07 12:04:00,0.0,0.0,0.0,--,0.0,--,9.7,71.4,23.56,20.0,5.2,14,2022/07/07 13:00:00,6.3,28.5,28.5,27.9,27.7,28.4,27.5,26.8,,
2022-07-08,8,1006.0,1008.5,1007.4,2022/07/08 09:28:00,1004.4,2022/07/08 16:38:00,29.0,31.8,2022/07/08 10:07:00,25.9,2022/07/08 03:22:00,25.7,83,66,2022/07/08 09:40:00,2.7,240,7.2,240,2022/07/08 15:26:00,0.0,0.0,0.0,--,0.0,--,12.9,95.1,28.3,22.5,6.9,14,2022/07/08 12:00:00,6.8,28.5,28.5,28.0,27.9,28.5,27.6,26.9,,
2022-07-09,9,1004.2,1006.7,1005.3,2022/07/09 00:01:00,1003.0,2022/07/09 15:50:00,28.7,31.2,2022/07/09 12:09:00,26.5,2022/07/09 04:51:00,26.8,90,80,2022/07/09 10:53:00,3.8,210,9.2,250,2022/07/09 10:40:00,0.0,0.0,0.0,--,0.0,--,10.7,78.9,26.77,16.0,6.8,13,2022/07/09 12:00:00,6.8,29.0,29.0,28.3,28.1,28.8,27.7,26.9,,
2022-07-10,10,1004.5,1007.0,1005.4,2022/07/10 09:13:00,1003.5,2022/07/10 16:39:00,29.4,31.5,2022/07/10 14:28:00,27.5,2022/07/10 00:02:00,27.2,88,78,2022/07/10 15:52:00,5.4,220,13.2,230,2022/07/10 05:33:00,0.0,0.0,0.0,--,0.0,--,11.1,81.9,28.05,17.0,7.3,13,2022/07/10 13:00:00,4.0,29.2,29.2,28.5,28.3,28.9,27.9,27.0,,
2022-07-11,11,1005.3,1007.7,1006.8,2022/07/11 21:50:00,1004.2,2022/07/11 05:19:00,29.4,31.4,2022/07/11 13:26:00,27.4,2022/07/11 04:31:00,26.9,87,78,2022/07/11 13:27:00,4.5,220,10.4,250,2022/07/11 09:30:00,0.0,0.0,0.0,--,0.0,--,11.0,81.2,26.07,16.0,6.7,13,2022/07/11 13:00:00,5.5,29.3,29.3,28.6,28.5,29.0,28.0,27.1,,
2022-07-12,12,1005.3,1007.8,1006.5,2022/07/12 08:02:00,1003.6,2022/07/12 16:27:00,29.2,31.4,2022/07/12 13:35:00,27.5,2022/07/12 23:59:00,26.3,85,72,2022/07/12 13:13:00,3.2,260,8.3,240,2022/07/12 00:40:00,0.0,0.0,0.0,--,0.0,--,10.2,75.4,26.11,16.0,7.0,11,2022/07/12 12:00:00,4.3,29.3,29.3,28.7,28.6,29.1,28.1,27.2,,
2022-07-13,13,1004.0,1006.4,1005.9,2022/07/13 08:36:00,1002.4,2022/07/13 18:17:00,29.3,31.3,2022/07/13 11:20:00,27.4,2022/07/13 00:01:00,26.1,83,69,2022/07/13 10:39:00,2.6,240,6.8,260,2022/07/13 08:32:00,0.0,0.0,0.0,--,0.0,--,9.7,71.8,25.6,16.0,6.7,11,2022/07/13 13:00:00,6.0,29.5,29.5,28.8,28.6,29.2,28.2,27.3,,
2022-07-14,14,1002.9,1005.3,1004.5,2022/07/14 21:56:00,1001.4,2022/07/14 16:38:00,29.6,32.1,2022/07/14 12:02:00,26.4,2022/07/14 04:27:00,25.6,80,63,2022/07/14 11:43:00,3.3,240,8.2,240,2022/07/14 21:46:00,0.0,0.0,0.0,--,0.0,--,11.7,86.7,24.25,16.0,6.7,12,2022/07/14 12:00:00,7.8,29.3,29.3,28.8,28.6,29.3,28.2,27.3,,
2022-07-15,15,1002.4,1004.8,1003.7,2022/07/15 08:01:00,1001.3,2022/07/15 16:22:00,30.1,32.4,2022/07/15 12:29:00,27.9,2022/07/15 01:11:00,24.5,73,58,2022/07/15 16:05:00,7.5,230,17.9,220,2022/07/15 10:35:00,0.0,0.0,0.0,--,0.0,--,8.2,60.8,22.78,27.5,9.0,13,2022/07/15 12:00:00,10.0,29.0,29.0,28.6,28.5,29.2,28.3,27.4,,
2022-07-16,16,1001.7,1004.1,1003.0,2022/07/16 22:26:00,1000.6,2022/07/16 02:13:00,30.6,32.5,2022/07/16 13:11:00,29.4,2022/07/16 04:28:00,25.8,76,67,2022/07/16 00:01:00,8.7,230,17.1,250,2022/07/16 12:45:00,0.0,0.0,0.0,--,0.0,--,11.3,83.8,26.09,30.0,7.9,12,2022/07/16 13:00:00,9.5,29.6,29.6,28.6,28.4,29.1,28.2,27.5,,
2022-07-17,17,1001.8,1004.2,1003.2,2022/07/17 08:33:00,999.6,2022/07/17 17:34:00,30.5,32.1,2022/07/17 11:25:00,28.8,2022/07/17 04:46:00,26.2,78,68,2022/07/17 19:19:00,8.7,230,18.1,250,2022/07/17 12:21:00,0.0,0.0,0.0,--,0.0,--,11.9,88.4,27.29,30.0,8.6,12,2022/07/17 13:00:00,10.0,29.8,29.8,28.9,28.7,29.3,28.3,27.5,,
2022-07-18,18,1002.7,1005.1,1005.0,2022/07/18 23:14:00,1001.4,2022/07/18 02:11:00,30.1,32.4,2022/07/18 12:41:00,28.9,2022/07/18 04:40:00,26.2,80,71,2022/07/18 08:55:00,7.6,230,15.7,240,2022/07/18 11:55:00,0.0,0.0,0.0,--,0.0,--,11.1,82.5,24.98,26.0,8.1,12,2022/07/18 13:00:00,10.0,29.8,29.8,29.0,28.8,29.4,28.4,27.6,,
2022-07-19,19,1005.9,1008.3,1008.1,2022/07/19 21:10:00,1004.2,2022/07/19 02:27:00,29.6,32.1,2022/07/19 14:35:00,28.0,2022/07/19 04:08:00,26.6,84,74,2022/07/19 10:42:00,4.5,220,12.8,250,2022/07/19 11:08:00,0.0,0.0,0.0,--,0.0,--,7.5,55.8,23.96,23.2,6.6,13,2022/07/19 12:00:00,9.2,30.2,30.2,29.3,29.0,29.6,28.4,27.6,,
2022-07-20,20,1008.5,1011.0,1010.0,2022/07/20 22:19:00,1007.2,2022/07/20 01:35:00,29.7,32.5,2022/07/20 13:42:00,27.0,2022/07/20 04:42:00,26.9,85,74,2022/07/20 13:11:00,3.8,210,10.1,260,2022/07/20 15:09:00,0.0,0.0,0.0,--,0.0,--,11.0,81.9,27.62,19.2,7.7,13,2022/07/20 13:00:00,5.8,30.5,30.5,29.5,29.3,29.8,28.6,27.7,,
2022-07-21,21,1009.2,1011.7,1010.3,2022/07/21 07:59:00,1008.1,2022/07/21 17:57:00,29.7,32.3,2022/07/21 11:25:00,26.9,2022/07/21 05:40:00,26.1,81,72,2022/07/21 10:03:00,5.0,240,12.0,240,2022/07/21 11:12:00,0.0,0.0,0.0,--,0.0,--,13.1,97.7,28.66,26.0,7.5,13,2022/07/21 13:00:00,1.2,30.5,30.5,29.6,29.4,30.0,28.7,27.8,,
2022-07-22,22,1007.8,1010.2,1009.2,2022/07/22 00:01:00,1006.4,2022/07/22 16:01:00,30.0,32.8,2022/07/22 11:22:00,27.4,2022/07/22 01:59:00,26.8,84,64,2022/07/22 13:48:00,5.0,230,10.8,240,2022/07/22 20:02:00,0.0,0.0,0.0,--,0.0,--,12.3,91.8,28.02,30.0,7.7,13,2022/07/22 13:00:00,3.6,30.9,30.9,29.9,29.6,30.1,28.9,27.9,,
2022-07-23,23,1005.7,1008.2,1007.4,2022/07/23 00:01:00,1004.4,2022/07/23 16:24:00,30.0,32.6,2022/07/23 12:27:00,28.4,2022/07/23 23:11:00,27.0,84,69,2022/07/23 17:50:00,5.9,230,12.1,230,2022/07/23 01:02:00,0.0,0.0,0.0,--,0.0,--,11.0,82.2,27.88,20.0,7.9,13,2022/07/23 13:00:00,1.6,31.1,31.1,30.0,29.8,30.3,29.0,28.0,,
2022-07-24,24,1004.7,1007.1,1005.8,2022/07/24 08:36:00,1003.0,2022/07/24 16:12:00,29.7,32.4,2022/07/24 12:34:00,28.0,2022/07/24 05:07:00,26.9,85,74,2022/07/24 14:48:00,5.0,240,11.7,250,2022/07/24 03:03:00,0.0,0.0,0.0,--,0.0,--,10.6,79.3,27.68,23.6,7.5,13,2022/07/24 13:00:00,3.6,31.0,31.0,30.1,29.9,30.4,29.1,28.1,,
2022-07-25,25,1006.1,1008.5,1007.5,2022/07/25 08:33:00,1004.7,2022/07/25 16:41:00,30.0,33.2,2022/07/25 10:54:00,28.2,2022/07/25 02:59:00,26.8,84,72,2022/07/25 10:33:00,2.6,250,7.2,290,2022/07/25 12:45:00,0.0,0.0,0.0,--,0.0,--,10.7,80.1,27.22,13.0,7.2,12,2022/07/25 13:00:00,1.4,31.5,31.5,30.4,30.1,30.6,29.2,28.1,,
2022-07-26,26,1005.9,1008.4,1007.0,2022/07/26 08:31:00,1004.1,2022/07/26 17:25:00,29.6,32.6,2022/07/26 11:44:00,27.2,2022/07/26 04:14:00,26.5,83,71,2022/07/26 11:06:00,2.8,250,8.2,250,2022/07/26 11:01:00,0.0,0.0,0.0,--,0.0,--,11.7,87.7,27.07,14.8,7.3,11,2022/07/26 13:00:00,3.4,31.6,31.6,30.4,30.3,30.7,29.4,28.2,,
2022-07-27,27,1005.2,1007.6,1006.5,2022/07/27 09:45:00,1004.0,2022/07/27 15:14:00,29.7,32.8,2022/07/27 12:48:00,27.0,2022/07/27 04:20:00,26.1,82,63,2022/07/27 12:29:00,2.5,260,8.0,290,2022/07/27 10:04:00,0.0,0.0,0.0,--,0.0,--,11.9,89.3,27.26,15.2,7.4,12,2022/07/27 12:00:00,3.0,31.9,31.9,30.7,30.5,31.0,29.6,28.3,,
2022-07-28,28,1004.3,1006.7,1005.5,2022/07/28 07:50:00,1002.7,2022/07/28 16:39:00,29.7,32.5,2022/07/28 10:57:00,27.2,2022/07/28 05:43:00,25.8,80,66,2022/07/28 15:48:00,2.5,280,7.3,340,2022/07/28 13:45:00,0.0,0.0,0.0,--,0.0,--,12.1,91.0,27.45,16.0,8.3,12,2022/07/28 12:00:00,1.8,31.7,31.7,30.9,30.8,31.2,29.8,28.5,,
2022-07-29,29,1002.8,1005.2,1003.8,2022/07/29 08:42:00,1000.6,2022/07/29 16:39:00,29.7,33.5,2022/07/29 10:54:00,26.1,2022/07/29 23:59:59,25.9,81,62,2022/07/29 10:53:00,2.8,30,9.0,140,2022/07/29 23:42:00,4.5,0.4,4.5,2022/07/29 23:50:00,4.5,2022/07/29 23:50:00,10.8,81.3,25.4,16.8,-7.4,12,2022/07/29 12:00:00,4.8,31.3,31.3,30.9,30.8,31.3,30.0,28.6,,
2022-07-30,30,1000.7,1003.2,1003.1,2022/07/30 00:01:00,999.4,2022/07/30 16:41:00,28.7,33.3,2022/07/30 12:45:00,25.2,2022/07/30 00:28:00,26.3,88,64,2022/07/30 13:14:00,3.0,40,11.6,40,2022/07/30 12:11:00,6.5,0.9,2.5,2022/07/30 00:08:00,6.0,2022/07/30 00:01:00,6.3,47.5,21.88,30.0,5.2,14,2022/07/30 13:00:00,8.6,29.5,29.5,30.1,30.2,31.0,30.0,28.8,,
2022-07-31,31,1001.4,1003.8,1002.7,2022/07/31 23:16:00,1000.3,2022/07/31 15:22:00,29.6,32.6,2022/07/31 13:40:00,26.1,2022/07/31 03:44:00,26.1,82,70,2022/07/31 15:41:00,3.2,220,7.5,250,2022/07/31 11:41:00,0.0,0.0,0.0,--,0.0,--,10.9,82.3,26.24,20.0,7.8,13,2022/07/31 13:00:00,8.0,30.4,30.4,29.7,29.8,30.7,29.9,28.9,,
2022-08-01,1,1003.8,1006.2,1005.6,2022/08/01 21:20:00,1002.1,2022/08/01 02:26:00,30.4,33.0,2022/08/01 11:21:00,28.3,2022/08/01 04:43:00,26.3,79,66,2022/08/01 16:04:00,4.0,220,11.7,220,2022/08/01 09:34:00,0.0,0.0,0.0,--,0.0,--,9.3,70.3,22.96,16.0,6.6,11,2022/08/01 13:00:00,6.8,30.8,30.8,29.9,29.9,30.7,29.9,28.9,,
2022-08-02,2,1006.2,1008.7,1007.8,2022/08/02 11:19:00,1004.6,2022/08/02 01:31:00,27.3,30.1,2022/08/02 08:37:00,25.0,2022/08/02 11:42:00,25.3,89,78,2022/08/02 08:29:00,2.3,180,8.7,50,2022/08/02 10:40:00,25.5,1.8,14.0,2022/08/02 11:20:00,23.0,2022/08/02 10:58:00,0.0,0.0,4.39,17.2,-1.3,2,2022/08/02 13:00:00,10.0,28.4,28.4,28.8,29.0,30.3,29.8,29.0,,
2022-08-03,3,1006.5,1009.0,1007.9,2022/08/03 08:41:00,1005.0,2022/08/03 18:01:00,28.8,31.9,2022/08/03 11:37:00,25.2,2022/08/03 04:01:00,25.4,82,67,2022/08/03 10:57:00,2.9,30,8.4,30,2022/08/03 16:11:00,0.0,0.0,0.0,--,0.0,--,8.8,66.7,23.01,22.4,-3.7,13,2022/08/03 12:00:00,4.0,28.6,28.6,28.4,28.5,29.5,29.2,29.0,,
2022-08-04,4,1007.2,1009.6,1008.6,2022/08/04 22:29:00,1005.8,2022/08/04 16:29:00,28.9,32.3,2022/08/04 14:45:00,26.2,2022/08/04 05:30:00,25.8,84,68,2022/08/04 13:33:00,2.9,210,8.4,200,2022/08/04 00:27:00,2.5,0.4,2.5,2022/08/04 00:25:00,2.5,2022/08/04 00:25:00,8.4,63.8,24.94,16.0,7.0,13,2022/08/04 13:00:00,5.6,29.4,29.4,29.1,29.1,29.9,29.2,28.9,,
2022-08-05,5,1007.4,1009.8,1009.0,2022/08/05 07:11:00,1005.8,2022/08/05 16:28:00,29.1,31.9,2022/08/05 14:21:00,26.1,2022/08/05 01:05:00,25.5,82,67,2022/08/05 09:22:00,1.9,330,6.3,350,2022/08/05 13:37:00,0.0,0.0,0.0,--,0.0,--,9.8,74.5,26.76,18.0,6.9,13,2022/08/05 13:00:00,5.8,29.5,29.5,29.3,29.3,30.1,29.3,28.8,,
2022-08-06,6,1005.9,1008.4,1007.4,2022/08/06 00:11:00,1003.8,2022/08/06 15:52:00,29.5,32.8,2022/08/06 13:04:00,26.6,2022/08/06 05:08:00,25.6,80,62,2022/08/06 15:28:00,2.2,180,6.9,280,2022/08/06 12:33:00,0.0,0.0,0.0,--,0.0,--,10.4,79.2,26.78,18.4,6.9,13,2022/08/06 13:00:00,4.6,29.6,29.6,29.4,29.4,30.2,29.4,28.8,,
2022-08-07,7,1005.7,1008.2,1007.5,2022/08/07 22:33:00,1003.7,2022/08/07 15:56:00,29.7,32.6,2022/08/07 10:23:00,26.6,2022/08/07 04:47:00,26.1,81,64,2022/08/07 10:38:00,2.6,150,8.7,320,2022/08/07 12:24:00,0.0,0.0,0.0,--,0.0,--,9.9,75.5,26.26,16.6,7.8,11,2022/08/07 13:00:00,6.4,29.9,29.9,29.6,29.6,30.4,29.5,28.9,,
2022-08-08,8,1005.9,1008.3,1007.5,2022/08/08 09:52:00,1004.0,2022/08/08 14:45:00,29.2,32.6,2022/08/08 12:17:00,26.4,2022/08/08 05:40:00,25.9,83,69,2022/08/08 12:04:00,2.6,330,9.0,20,2022/08/08 14:51:00,0.0,0.0,0.0,--,0.0,--,9.9,75.6,23.9,18.8,6.4,12,2022/08/08 13:00:00,3.8,29.8,29.8,29.6,29.6,30.5,29.6,28.9,,
2022-08-09,9,1005.3,1007.8,1006.8,2022/08/09 22:21:00,1003.3,2022/08/09 14:42:00,29.2,32.3,2022/08/09 12:39:00,26.3,2022/08/09 05:11:00,26.1,83,70,2022/08/09 12:42:00,2.6,320,7.2,340,2022/08/09 15:24:00,0.0,0.0,0.0,--,0.0,--,9.6,73.4,24.16,18.8,6.6,12,2022/08/09 12:00:00,5.6,29.8,29.8,29.6,29.6,30.4,29.6,29.0,,
2022-08-10,10,1006.1,1008.5,1007.3,2022/08/10 22:22:00,1005.2,2022/08/10 04:38:00,29.6,32.3,2022/08/10 13:01:00,26.5,2022/08/10 05:33:00,26.1,82,69,2022/08/10 11:55:00,2.5,260,8.1,280,2022/08/10 12:11:00,0.0,0.0,0.0,--,0.0,--,11.4,87.4,27.01,20.0,-6.6,13,2022/08/10 12:00:00,5.0,30.2,30.2,29.7,29.8,30.6,29.7,29.0,,
2022-08-11,11,1006.8,1009.2,1008.1,2022/08/11 09:41:00,1005.4,2022/08/11 16:12:00,29.5,31.6,2022/08/11 12:11:00,26.8,2022/08/11 08:13:00,26.6,84,69,2022/08/11 12:39:00,2.7,270,7.2,240,2022/08/11 13:26:00,T,0.1,T,2022/08/11 08:44:00,T,2022/08/11 08:44:00,6.9,53.0,19.51,18.4,-5.3,13,2022/08/11 13:00:00,6.6,30.3,30.3,30.0,29.9,30.7,29.8,29.1,,
2022-08-12,12,1006.5,1009.0,1007.7,2022/08/12 10:07:00,1005.2,2022/08/12 16:33:00,29.7,32.0,2022/08/12 10:14:00,27.4,2022/08/12 04:07:00,26.4,83,68,2022/08/12 10:07:00,3.4,220,8.9,250,2022/08/12 14:13:00,T,0.1,T,2022/08/12 01:40:00,T,2022/08/12 01:40:00,10.9,83.8,26.37,20.0,6.8,13,2022/08/12 13:00:00,4.8,30.7,30.7,30.1,30.1,30.8,29.9,29.1,,
2022-08-13,13,1006.0,1008.5,1007.3,2022/08/13 09:38:00,1005.0,2022/08/13 16:47:00,29.6,32.4,2022/08/13 13:28:00,26.7,2022/08/13 05:17:00,25.7,80,64,2022/08/13 11:52:00,2.6,280,7.6,280,2022/08/13 14:04:00,0.0,0.0,0.0,--,0.0,--,12.5,96.3,27.17,25.6,5.5,13,2022/08/13 13:00:00,3.0,30.4,30.4,30.1,30.1,30.8,29.9,29.2,,
2022-08-14,14,1005.3,1007.8,1006.6,2022/08/14 09:32:00,1004.3,2022/08/14 16:31:00,29.3,31.3,2022/08/14 15:30:00,27.4,2022/08/14 05:34:00,26.8,87,77,2022/08/14 15:30:00,2.7,330,8.6,20,2022/08/14 16:06:00,0.0,0.0,0.0,--,0.0,--,2.0,15.4,11.29,18.0,2.8,5,2022/08/14 14:00:00,9.2,29.8,29.8,29.9,30.0,30.8,29.9,29.2,,
2022-08-15,15,1004.0,1006.4,1005.5,2022/08/15 09:51:00,1002.7,2022/08/15 15:40:00,29.7,32.0,2022/08/15 10:58:00,27.9,2022/08/15 00:28:00,27.7,89,79,2022/08/15 11:24:00,3.0,270,7.3,260,2022/08/15 13:00:00,0.0,0.0,0.0,--,0.0,--,8.1,62.6,23.13,17.6,5.9,13,2022/08/15 13:00:00,7.4,30.9,30.9,30.1,30.0,30.7,29.8,29.3,,
2022-08-16,16,1004.7,1007.2,1005.8,2022/08/16 08:32:00,1003.3,2022/08/16 16:56:00,30.1,32.5,2022/08/16 12:24:00,28.8,2022/08/16 02:40:00,26.0,79,64,2022/08/16 16:47:00,2.6,240,7.3,280,2022/08/16 12:28:00,0.0,0.0,0.0,--,0.0,--,10.8,83.6,24.73,17.6,5.7,12,2022/08/16 13:00:00,5.0,30.8,30.8,30.4,30.3,31.0,30.0,29.3,,
2022-08-17,17,1005.1,1007.5,1006.3,2022/08/17 22:14:00,1003.5,2022/08/17 16:15:00,29.2,31.3,2022/08/17 13:20:00,27.6,2022/08/17 22:13:00,26.9,87,77,2022/08/17 13:13:00,2.6,320,7.0,330,2022/08/17 11:47:00,T,0.3,T,2022/08/17 09:12:00,T,2022/08/17 09:12:00,2.7,20.9,12.82,15.8,-3.4,11,2022/08/17 12:00:00,9.2,30.3,30.3,30.1,30.1,31.0,30.0,29.3,,
2022-08-18,18,1004.3,1006.8,1005.3,2022/08/18 00:01:00,1003.2,2022/08/18 17:35:00,28.7,30.8,2022/08/18 13:32:00,26.9,2022/08/18 01:56:00,26.5,88,78,2022/08/18 14:06:00,2.8,240,9.2,250,2022/08/18 11:10:00,0.0,0.0,0.0,--,0.0,--,4.9,38.0,19.19,17.6,-4.1,11,2022/08/18 14:00:00,9.6,30.3,30.3,29.7,29.7,30.7,29.9,29.4,,
2022-08-19,19,1005.8,1008.3,1008.1,2022/08/19 22:28:00,1003.9,2022/08/19 01:33:00,29.4,31.8,2022/08/19 12:38:00,27.2,2022/08/19 05:44:00,26.5,85,75,2022/08/19 09:32:00,3.0,210,7.5,240,2022/08/19 00:37:00,T,0.2,T,2022/08/19 00:48:00,T,2022/08/19 00:48:00,8.1,63.0,24.23,20.0,-6.5,13,2022/08/19 13:00:00,7.2,30.5,30.5,30.0,29.9,30.7,29.8,29.4,,
2022-08-20,20,1007.2,1009.7,1008.5,2022/08/20 08:55:00,1006.3,2022/08/20 04:38:00,29.3,32.0,2022/08/20 12:52:00,27.2,2022/08/20 00:23:00,26.0,83,72,2022/08/20 12:37:00,3.9,210,8.9,240,2022/08/20 11:32:00,T,0.1,T,2022/08/20 00:02:00,T,2022/08/20 00:02:00,10.3,80.3,25.0,16.0,6.6,12,2022/08/20 13:00:00,7.8,30.7,30.7,30.2,30.1,30.9,29.9,29.4,,
2022-08-21,21,1005.2,1007.6,1006.9,2022/08/21 09:44:00,1003.9,2022/08/21 15:52:00,29.2,31.6,2022/08/21 14:13:00,27.0,2022/08/21 22:56:00,25.9,83,69,2022/08/21 16:29:00,5.0,240,12.0,240,2022/08/21 08:12:00,0.0,0.0,0.0,--,0.0,--,12.1,94.4,24.96,24.0,6.0,10,2022/08/21 12:00:00,8.4,30.3,30.3,30.0,30.0,30.9,30.0,29.4,,
2022-08-22,22,1003.5,1006.0,1004.9,2022/08/22 10:56:00,1002.1,2022/08/22 17:07:00,29.6,33.1,2022/08/22 13:12:00,26.0,2022/08/22 04:23:00,25.7,80,65,2022/08/22 08:32:00,2.8,250,8.8,250,2022/08/22 11:39:00,0.0,0.0,0.0,--,0.0,--,12.5,97.7,26.59,24.4,6.1,12,2022/08/22 13:00:00,3.4,30.6,30.6,29.9,29.9,30.8,29.9,29.4,,
2022-08-23,23,1003.0,1005.4,1004.9,2022/08/23 09:07:00,1000.3,2022/08/23 17:59:00,30.0,33.0,2022/08/23 13:57:00,27.3,2022/08/23 05:03:00,26.9,84,62,2022/08/23 18:14:00,2.8,20,9.6,20,2022/08/23 16:59:00,0.0,0.0,0.0,--,0.0,--,9.6,75.2,23.34,14.2,6.1,10,2022/08/23 13:00:00,6.0,31.1,31.1,30.5,30.4,31.1,30.0,29.4,,
2022-08-24,24,1003.4,1005.8,1007.0,2022/08/24 23:02:00,1001.3,2022/08/24 02:58:00,30.2,33.2,2022/08/24 10:30:00,27.1,2022/08/24 05:24:00,26.8,83,67,2022/08/24 09:00:00,3.3,220,8.9,230,2022/08/24 22:21:00,0.0,0.0,0.0,--,0.0,--,11.1,87.2,25.66,13.0,7.2,12,2022/08/24 12:00:00,3.2,31.2,31.2,30.5,30.5,31.2,30.1,29.5,,
2022-08-25,25,1007.8,1010.2,1010.0,2022/08/25 21:19:00,1005.6,2022/08/25 03:34:00,29.6,32.8,2022/08/25 12:24:00,27.3,2022/08/25 05:32:00,26.4,83,66,2022/08/25 10:12:00,3.6,220,10.7,280,2022/08/25 14:49:00,1.0,0.4,1.0,2022/08/25 21:31:00,1.0,2022/08/25 21:31:00,8.5,66.9,23.45,16.0,-6.4,12,2022/08/25 12:00:00,3.2,31.1,31.1,30.6,30.6,31.4,30.3,29.5,,
2022-08-26,26,1007.6,1010.0,1008.9,2022/08/26 00:01:00,1006.3,2022/08/26 15:43:00,29.7,31.9,2022/08/26 12:05:00,27.5,2022/08/26 00:23:00,25.9,80,73,2022/08/26 07:52:00,5.9,220,14.1,230,2022/08/26 02:42:00,0.0,0.0,0.0,--,0.0,--,11.6,91.4,24.77,18.0,6.7,12,2022/08/26 13:00:00,8.4,30.5,30.5,30.0,30.1,31.1,30.2,29.6,,
2022-08-27,27,1005.9,1008.3,1008.0,2022/08/27 00:07:00,1003.6,2022/08/27 15:32:00,29.9,33.3,2022/08/27 11:38:00,26.4,2022/08/27 05:43:00,26.4,82,59,2022/08/27 11:39:00,3.1,240,8.5,240,2022/08/27 07:54:00,0.0,0.0,0.0,--,0.0,--,11.7,92.4,25.59,28.0,-6.3,12,2022/08/27 12:00:00,3.4,31.0,31.0,30.3,30.3,31.1,30.2,29.6,,
2022-08-28,28,1006.7,1009.2,1008.1,2022/08/28 22:03:00,1005.3,2022/08/28 16:38:00,29.1,32.5,2022/08/28 13:08:00,26.9,2022/08/28 15:17:00,26.9,88,74,2022/08/28 13:09:00,3.3,40,11.8,30,2022/08/28 12:32:00,T,1.0,T,2022/08/28 07:21:00,T,2022/08/28 07:21:00,3.6,28.5,15.0,16.8,-4.2,10,2022/08/28 13:00:00,9.0,30.6,30.6,30.5,30.5,31.3,30.3,29.6,,
2022-08-29,29,1007.4,1009.8,1008.6,2022/08/29 10:34:00,1006.0,2022/08/29 16:28:00,29.4,33.4,2022/08/29 13:07:00,26.3,2022/08/29 05:43:00,26.6,85,65,2022/08/29 12:38:00,3.8,50,11.5,50,2022/08/29 16:31:00,0.0,0.0,0.0,--,0.0,--,8.7,69.0,22.46,14.4,6.3,11,2022/08/29 13:00:00,4.2,30.4,30.4,30.1,30.1,31.0,30.2,29.7,,
2022-08-30,30,1005.7,1008.1,1007.8,2022/08/30 00:01:00,1003.9,2022/08/30 16:31:00,29.2,32.8,2022/08/30 13:14:00,26.8,2022/08/30 01:18:00,26.9,88,71,2022/08/30 13:21:00,2.7,40,10.1,40,2022/08/30 15:03:00,0.0,0.0,0.0,--,0.0,--,3.7,29.4,16.78,16.0,4.5,10,2022/08/30 13:00:00,8.4,30.2,30.2,30.2,30.2,31.1,30.2,29.7,,
2022-08-31,31,1003.9,1006.4,1005.4,2022/08/31 22:11:00,1002.4,2022/08/31 14:35:00,29.8,33.3,2022/08/31 13:25:00,26.4,2022/08/31 05:53:00,27.0,85,64,2022/08/31 10:34:00,5.5,40,15.9,40,2022/08/31 15:55:00,T,0.3,T,2022/08/31 20:09:00,T,2022/08/31 20:09:00,10.7,85.1,25.39,18.4,-7.6,12,2022/08/31 12:00:00,2.6,30.5,30.5,30.2,30.2,31.0,30.1,29.7,,
2022-09-01,1,1004.7,1007.2,1006.1,2022/09/01 08:20:00,1003.4,2022/09/01 23:59:00,28.4,31.2,2022/09/01 12:12:00,24.0,2022/09/01 21:51:00,24.0,77,48,2022/09/01 21:16:00,7.8,40,19.4,40,2022/09/01 21:20:00,0.5,1.5,0.5,2022/09/01 16:02:00,0.5,2022/09/01 16:02:00,2.9,23.1,14.31,16.8,-5.1,8,2022/09/01 12:00:00,8.8,29.3,29.3,29.7,29.9,30.9,30.1,29.7,,
2022-09-02,2,999.3,1001.7,1003.4,2022/09/02 00:01:00,996.5,2022/09/02 23:59:59,27.0,28.7,2022/09/02 13:27:00,25.5,2022/09/02 02:09:00,25.2,90,69,2022/09/02 00:14:00,10.4,30,20.6,20,2022/09/02 08:05:00,8.0,4.1,1.5,2022/09/02 21:51:00,3.0,2022/09/02 21:51:00,0.0,0.0,5.07,9.6,-0.9,4,2022/09/02 14:00:00,9.8,27.0,27.0,27.7,28.2,29.7,29.6,29.5,,
2022-09-03,3,994.6,997.0,996.8,2022/09/03 00:12:00,992.9,2022/09/03 14:36:00,27.8,29.1,2022/09/03 11:30:00,26.5,2022/09/03 04:47:00,27.0,95,88,2022/09/03 14:22:00,9.5,20,19.7,20,2022/09/03 13:51:00,13.0,3.4,2.5,2022/09/03 07:35:00,4.5,2022/09/03 07:17:00,0.8,6.4,11.41,13.8,-1.9,7,2022/09/03 12:00:00,8.6,27.4,27.4,27.6,27.9,29.2,29.0,29.2,,
2022-09-04,4,995.6,998.0,998.5,2022/09/04 21:39:00,993.8,2022/09/04 01:32:00,27.5,29.0,2022/09/04 15:28:00,25.6,2022/09/04 10:00:00,25.3,88,73,2022/09/04 16:07:00,7.0,230,16.8,330,2022/09/04 02:08:00,11.5,6.0,1.5,2022/09/04 09:43:00,5.5,2022/09/04 09:43:00,0.4,3.2,6.77,11.8,-1.7,5,2022/09/04 12:00:00,9.8,26.6,26.6,27.0,27.4,28.8,28.7,29.0,,
2022-09-05,5,1000.2,1002.6,1004.2,2022/09/05 23:16:00,997.2,2022/09/05 01:55:00,28.8,30.9,2022/09/05 13:38:00,27.2,2022/09/05 23:34:00,26.4,87,81,2022/09/05 05:46:00,6.2,230,14.8,220,2022/09/05 06:14:00,0.5,0.1,0.5,2022/09/05 00:39:00,0.5,2022/09/05 00:39:00,9.7,77.9,23.15,16.0,-4.9,11,2022/09/05 13:00:00,7.4,27.9,27.9,27.4,27.5,28.6,28.4,29.1,,
2022-09-06,6,1008.4,1010.9,1011.5,2022/09/06 21:50:00,1004.0,2022/09/06 00:01:00,26.9,30.2,2022/09/06 13:13:00,24.5,2022/09/06 10:41:00,24.6,87,72,2022/09/06 13:22:00,3.7,50,13.1,60,2022/09/06 17:25:00,2.0,1.1,1.0,2022/09/06 08:51:00,1.0,2022/09/06 08:51:00,1.2,9.7,10.17,15.2,-3.0,9,2022/09/06 13:00:00,10.0,27.1,27.1,27.7,27.8,28.8,28.4,29.0,,
2022-09-07,7,1011.9,1014.4,1012.9,2022/09/07 09:17:00,1010.2,2022/09/07 02:47:00,27.4,29.6,2022/09/07 12:51:00,24.9,2022/09/07 00:44:00,23.5,80,54,2022/09/07 15:27:00,4.8,50,13.4,60,2022/09/07 12:26:00,0.0,0.0,0.0,--,0.0,--,0.1,0.8,10.39,24.2,3.9,7,2022/09/07 12:00:00,9.6,26.9,26.9,27.1,27.3,28.4,28.3,28.9,,
2022-09-08,8,1011.7,1014.2,1013.7,2022/09/08 09:27:00,1010.0,2022/09/08 16:33:00,27.2,30.2,2022/09/08 11:46:00,24.5,2022/09/08 05:38:00,21.2,71,55,2022/09/08 00:47:00,6.7,60,16.1,50,2022/09/08 15:31:00,0.0,0.0,0.0,--,0.0,--,11.7,94.6,24.96,14.8,6.9,11,2022/09/08 12:00:00,0.4,26.0,26.0,26.6,26.8,28.0,28.0,28.8,,
2022-09-09,9,1010.5,1013.0,1012.2,2022/09/09 07:13:00,1008.5,2022/09/09 15:18:00,26.6,30.5,2022/09/09 11:03:00,23.4,2022/09/09 04:35:00,21.8,75,59,2022/09/09 14:32:00,6.0,50,15.3,50,2022/09/09 17:32:00,0.0,0.0,0.0,--,0.0,--,11.2,90.7,24.15,12.4,6.7,10,2022/09/09 12:00:00,1.4,26.2,26.2,26.5,26.6,27.8,27.7,28.6,,
2022-09-10,10,1008.7,1011.2,1010.4,2022/09/10 00:01:00,1006.8,2022/09/10 15:09:00,26.1,29.9,2022/09/10 12:01:00,21.9,2022/09/10 05:30:00,21.8,78,60,2022/09/10 11:48:00,5.1,60,13.7,40,2022/09/10 12:57:00,0.0,0.0,0.0,--,0.0,--,10.8,87.6,23.47,16.0,-5.1,11,2022/09/10 12:00:00,5.6,25.9,25.9,26.2,26.4,27.7,27.6,28.4,,
2022-09-11,11,1005.4,1007.9,1007.9,2022/09/11 00:01:00,1003.6,2022/09/11 15:19:00,26.6,28.0,2022/09/11 15:29:00,24.6,2022/09/11 02:08:00,24.9,90,84,2022/09/11 07:07:00,6.0,40,16.0,50,2022/09/11 19:04:00,1.0,1.5,0.5,2022/09/11 19:06:00,1.0,2022/09/11 19:06:00,0.0,0.0,5.48,12.4,-1.0,3,2022/09/11 14:00:00,10.0,26.2,26.2,26.3,26.5,27.7,27.5,28.3,,
2022-09-12,12,1002.4,1004.9,1003.6,2022/09/12 00:01:00,1001.1,2022/09/12 14:43:00,27.2,28.9,2022/09/12 12:10:00,25.1,2022/09/12 08:09:00,25.5,91,84,2022/09/12 12:38:00,8.2,20,19.6,40,2022/09/12 08:05:00,7.5,1.3,4.0,2022/09/12 08:04:00,7.5,2022/09/12 08:04:00,1.2,9.8,11.59,11.0,-4.7,9,2022/09/12 13:00:00,9.8,26.3,26.3,26.4,26.5,27.6,27.4,28.1,,
2022-09-13,13,1002.7,1005.2,1003.8,2022/09/13 10:24:00,1001.6,2022/09/13 03:43:00,27.1,29.6,2022/09/13 12:49:00,25.2,2022/09/13 06:51:00,24.0,83,70,2022/09/13 13:33:00,5.0,340,14.6,10,2022/09/13 03:51:00,1.5,0.5,1.5,2022/09/13 06:46:00,1.5,2022/09/13 06:46:00,1.8,14.7,12.98,16.0,-6.0,9,2022/09/13 13:00:00,9.6,26.2,26.2,26.2,26.3,27.5,27.3,27.8,,
2022-09-14,14,1001.9,1004.4,1003.1,2022/09/14 23:40:00,1000.7,2022/09/14 14:33:00,27.4,30.2,2022/09/14 13:06:00,24.6,2022/09/14 02:31:00,25.0,87,73,2022/09/14 12:17:00,4.2,250,12.1,240,2022/09/14 09:34:00,T,0.3,T,2022/09/14 02:01:00,T,2022/09/14 02:01:00,10.3,84.3,22.7,15.2,3.8,9,2022/09/14 12:00:00,9.4,26.9,26.9,26.5,26.5,27.5,27.2,28.0,,
2022-09-15,15,1002.5,1004.9,1003.7,2022/09/15 09:32:00,1001.0,2022/09/15 14:31:00,27.6,30.9,2022/09/15 14:24:00,24.6,2022/09/15 05:44:00,24.4,83,64,2022/09/15 09:00:00,2.3,260,7.3,40,2022/09/15 16:43:00,0.0,0.0,0.0,--,0.0,--,11.4,93.5,23.68,12.8,5.0,10,2022/09/15 12:00:00,3.2,27.3,27.3,26.9,26.8,27.8,27.3,27.9,,
2022-09-16,16,1003.1,1005.5,1004.5,2022/09/16 09:18:00,1002.1,2022/09/16 02:34:00,26.9,30.8,2022/09/16 13:32:00,23.4,2022/09/16 05:37:00,24.8,88,73,2022/09/16 13:33:00,2.7,70,8.0,60,2022/09/16 15:01:00,0.0,0.0,0.0,--,0.0,--,10.1,82.9,23.93,12.0,5.4,10,2022/09/16 12:00:00,3.4,27.3,27.3,27.0,27.0,27.9,27.4,27.9,,
2022-09-17,17,1003.6,1006.1,1005.4,2022/09/17 07:19:00,1001.9,2022/09/17 16:38:00,26.9,30.8,2022/09/17 14:42:00,24.3,2022/09/17 23:42:00,24.0,85,61,2022/09/17 15:02:00,2.4,30,7.5,50,2022/09/17 15:46:00,0.0,0.0,0.0,--,0.0,--,10.8,88.9,23.94,19.6,5.9,10,2022/09/17 12:00:00,3.4,27.5,27.5,27.2,27.2,28.1,27.5,27.9,,
2022-09-18,18,1003.2,1005.7,1004.4,2022/09/18 22:17:00,1001.5,2022/09/18 14:42:00,27.2,30.7,2022/09/18 11:19:00,24.2,2022/09/18 00:19:00,23.5,80,63,2022/09/18 10:32:00,1.8,280,6.6,280,2022/09/18 11:43:00,0.0,0.0,0.0,--,0.0,--,10.8,89.1,22.55,19.4,5.9,9,2022/09/18 12:00:00,1.4,27.3,27.3,27.2,27.2,28.1,27.6,27.9,,
2022-09-19,19,1004.7,1007.1,1006.4,2022/09/19 23:36:00,1003.2,2022/09/19 15:02:00,27.2,31.1,2022/09/19 10:55:00,23.9,2022/09/19 05:49:00,23.4,80,63,2022/09/19 10:47:00,2.9,50,9.4,40,2022/09/19 13:48:00,0.0,0.0,0.0,--,0.0,--,4.8,39.7,15.76,16.0,4.7,8,2022/09/19 11:00:00,5.8,27.2,27.2,27.0,27.1,28.1,27.6,27.9,,
2022-09-20,20,1007.8,1010.3,1010.3,2022/09/20 22:43:00,1006.1,2022/09/20 01:26:00,25.9,29.0,2022/09/20 12:29:00,22.6,2022/09/20 23:53:00,19.9,70,55,2022/09/20 13:48:00,6.5,60,16.2,60,2022/09/20 12:57:00,0.0,0.0,0.0,--,0.0,--,10.8,89.5,24.1,18.6,7.4,11,2022/09/20 12:00:00,3.6,26.4,26.4,26.8,26.9,28.0,27.6,27.9,,
2022-09-21,21,1009.3,1011.8,1010.5,2022/09/21 21:29:00,1007.4,2022/09/21 14:11:00,25.2,29.5,2022/09/21 12:10:00,20.7,2022/09/21 03:46:00,20.9,77,66,2022/09/21 14:24:00,5.7,60,17.2,40,2022/09/21 15:21:00,0.0,0.0,0.0,--,0.0,--,8.7,72.2,20.38,24.0,5.1,10,2022/09/21 13:00:00,4.0,25.9,25.9,26.2,26.4,27.7,27.4,27.9,,
2022-09-22,22,1009.0,1011.5,1010.6,2022/09/22 08:09:00,1007.0,2022/09/22 15:15:00,25.2,29.8,2022/09/22 11:16:00,21.8,2022/09/22 05:13:00,19.4,71,43,2022/09/22 10:46:00,4.8,40,13.2,40,2022/09/22 13:18:00,0.0,0.0,0.0,--,0.0,--,11.3,94.0,23.85,22.2,5.2,10,2022/09/22 12:00:00,1.0,26.0,26.0,26.1,26.5,27.6,27.3,27.9,,
2022-09-23,23,1009.5,1012.0,1011.5,2022/09/23 21:06:00,1007.8,2022/09/23 14:22:00,25.7,29.7,2022/09/23 10:33:00,21.8,2022/09/23 04:43:00,20.3,73,56,2022/09/23 11:20:00,6.4,60,17.5,40,2022/09/23 14:33:00,0.0,0.0,0.0,--,0.0,--,11.3,94.2,22.98,18.0,-7.0,10,2022/09/23 12:00:00,1.0,25.9,25.9,26.2,26.3,27.5,27.2,27.8,,
2022-09-24,24,1009.6,1012.1,1011.5,2022/09/24 08:47:00,1008.2,2022/09/24 14:25:00,24.9,25.7,2022/09/24 00:42:00,22.8,2022/09/24 08:12:00,21.9,84,69,2022/09/24 02:38:00,7.8,50,18.7,50,2022/09/24 14:30:00,T,3.6,T,2022/09/24 04:01:00,T,2022/09/24 04:01:00,0.0,0.0,3.96,12.6,-1.4,2,2022/09/24 14:00:00,10.0,25.1,25.1,25.7,26.1,27.4,27.1,27.8,,
2022-09-25,25,1008.2,1010.7,1010.1,2022/09/25 09:45:00,1006.8,2022/09/25 17:35:00,25.7,27.6,2022/09/25 13:47:00,24.6,2022/09/25 00:26:00,23.9,89,81,2022/09/25 12:34:00,9.0,50,18.5,50,2022/09/25 17:48:00,0.5,0.9,0.5,2022/09/25 00:18:00,0.5,2022/09/25 00:18:00,0.5,4.2,8.5,15.6,2.7,7,2022/09/25 13:00:00,10.0,25.8,25.8,25.6,25.8,27.0,26.9,27.7,,
2022-09-26,26,1006.1,1008.5,1007.5,2022/09/26 00:01:00,1004.0,2022/09/26 16:19:00,27.7,31.2,2022/09/26 12:34:00,25.6,2022/09/26 05:37:00,25.8,89,77,2022/09/26 12:35:00,9.2,50,20.3,50,2022/09/26 09:01:00,0.0,0.0,0.0,--,0.0,--,9.0,75.5,21.34,16.0,6.1,12,2022/09/26 12:00:00,4.8,27.4,27.4,26.7,26.5,27.4,26.9,27.6,,
2022-09-27,27,1006.0,1008.4,1007.2,2022/09/27 09:17:00,1004.7,2022/09/27 15:03:00,27.9,32.1,2022/09/27 11:01:00,24.1,2022/09/27 05:20:00,23.6,78,62,2022/09/27 09:21:00,6.2,50,16.1,40,2022/09/27 14:58:00,0.0,0.0,0.0,--,0.0,--,11.2,94.2,22.92,18.0,6.8,11,2022/09/27 12:00:00,1.4,27.7,27.7,27.0,27.0,27.8,27.1,27.5,,
2022-09-28,28,1006.3,1008.8,1007.7,2022/09/28 08:47:00,1004.9,2022/09/28 15:08:00,27.5,31.9,2022/09/28 11:34:00,24.0,2022/09/28 04:07:00,24.5,84,64,2022/09/28 10:37:00,3.6,40,11.8,40,2022/09/28 15:15:00,0.0,0.0,0.0,--,0.0,--,9.5,80.0,21.55,12.8,4.9,9,2022/09/28 12:00:00,3.6,27.8,27.8,27.2,27.2,28.1,27.3,27.6,,
2022-09-29,29,1008.5,1010.9,1010.2,2022/09/29 21:34:00,1006.8,2022/09/29 03:18:00,27.5,30.9,2022/09/29 13:13:00,23.5,2022/09/29 04:23:00,25.0,87,70,2022/09/29 15:38:00,1.8,340,7.3,340,2022/09/29 11:56:00,0.0,0.0,0.0,--,0.0,--,10.0,84.4,21.57,11.2,4.7,8,2022/09/29 12:00:00,2.8,27.9,27.9,27.4,27.4,28.3,27.5,27.6,,
2022-09-30,30,1010.5,1013.0,1012.2,2022/09/30 08:30:00,1009.3,2022/09/30 01:03:00,27.7,31.8,2022/09/30 13:45:00,24.2,2022/09/30 02:52:00,25.1,87,63,2022/09/30 13:55:00,2.1,180,6.9,280,2022/09/30 11:19:00,0.0,0.0,0.0,--,0.0,--,9.5,80.4,20.9,12.8,5.0,9,2022/09/30 12:00:00,2.4,28.0,28.0,27.5,27.5,28.4,27.7,27.6,,
2022-10-01,1,1011.3,1013.8,1012.5,2022/10/01 08:09:00,1010.5,2022/10/01 15:08:00,27.4,32.2,2022/10/01 12:19:00,24.7,2022/10/01 03:27:00,25.3,89,62,2022/10/01 12:07:00,1.7,180,7.3,320,2022/10/01 13:05:00,0.0,0.0,0.0,--,0.0,--,9.5,80.5,19.92,12.0,5.3,9,2022/10/01 12:00:00,3.0,27.9,27.9,27.7,27.7,28.5,27.8,27.7,,
2022-10-02,2,1011.1,1013.6,1012.4,2022/10/02 07:55:00,1010.0,2022/10/02 15:14:00,27.7,31.5,2022/10/02 10:40:00,24.7,2022/10/02 05:21:00,25.5,88,63,2022/10/02 11:24:00,2.2,180,6.5,20,2022/10/02 14:20:00,0.0,0.0,0.0,--,0.0,--,10.3,87.5,21.51,12.4,4.2,9,2022/10/02 12:00:00,0.8,28.3,28.3,27.7,27.7,28.6,27.9,27.8,,
2022-10-03,3,1010.8,1013.3,1012.1,2022/10/03 08:26:00,1009.6,2022/10/03 16:41:00,27.6,31.2,2022/10/03 13:46:00,25.0,2022/10/03 05:25:00,25.5,89,67,2022/10/03 13:35:00,2.1,170,6.8,20,2022/10/03 14:32:00,0.0,0.0,0.0,--,0.0,--,9.7,82.5,19.49,12.8,4.9,9,2022/10/03 12:00:00,2.6,28.3,28.3,27.9,27.9,28.7,28.0,27.8,,
2022-10-04,4,1011.0,1013.5,1012.8,2022/10/04 08:54:00,1009.5,2022/10/04 15:27:00,28.1,32.1,2022/10/04 11:55:00,25.1,2022/10/04 04:21:00,24.9,83,62,2022/10/04 12:45:00,3.9,60,14.3,60,2022/10/04 23:04:00,0.0,0.0,0.0,--,0.0,--,8.5,72.5,20.34,11.6,-5.7,9,2022/10/04 12:00:00,1.8,28.4,28.4,27.9,27.9,28.8,28.1,27.9,,
2022-10-05,5,1012.6,1015.1,1014.6,2022/10/05 08:37:00,1011.0,2022/10/05 01:35:00,27.0,31.2,2022/10/05 14:25:00,24.5,2022/10/05 23:48:00,24.3,86,64,2022/10/05 14:21:00,9.4,50,21.0,40,2022/10/05 10:18:00,T,0.4,T,2022/10/05 07:40:00,T,2022/10/05 07:40:00,8.1,69.2,18.7,14.8,-5.3,10,2022/10/05 12:00:00,5.8,28.0,28.0,27.8,27.9,28.8,28.1,28.0,,
2022-10-06,6,1012.9,1015.4,1014.6,2022/10/06 08:24:00,1011.0,2022/10/06 15:04:00,26.4,29.5,2022/10/06 12:27:00,24.3,2022/10/06 03:17:00,23.5,84,71,2022/10/06 12:27:00,8.6,50,17.2,40,2022/10/06 02:44:00,0.0,0.0,0.0,--,0.0,--,6.5,55.7,18.16,16.8,5.2,9,2022/10/06 13:00:00,7.8,27.2,27.2,27.3,27.5,28.6,28.0,28.0,,
2022-10-07,7,1013.0,1015.5,1015.2,2022/10/07 23:47:00,1011.2,2022/10/07 13:37:00,26.0,30.6,2022/10/07 11:46:00,24.2,2022/10/07 22:45:00,23.6,87,66,2022/10/07 11:47:00,8.3,50,18.3,40,2022/10/07 21:03:00,0.5,1.7,0.5,2022/10/07 21:53:00,0.5,2022/10/07 21:53:00,2.0,17.2,11.26,16.4,-4.1,8,2022/10/07 12:00:00,9.8,26.7,26.7,27.0,27.1,28.3,27.8,28.0,,
2022-10-08,8,1013.8,1016.3,1015.3,2022/10/08 00:20:00,1012.2,2022/10/08 15:46:00,25.2,29.0,2022/10/08 12:46:00,23.3,2022/10/08 04:39:00,21.4,80,61,2022/10/08 14:03:00,8.2,60,16.9,60,2022/10/08 08:54:00,T,0.1,T,2022/10/08 00:05:00,T,2022/10/08 00:05:00,3.8,32.7,13.85,18.0,6.1,8,2022/10/08 13:00:00,9.4,25.9,25.9,26.2,26.5,27.8,27.6,28.0,,
2022-10-09,9,1014.3,1016.8,1017.1,2022/10/09 22:37:00,1012.3,2022/10/09 14:45:00,24.6,28.1,2022/10/09 10:00:00,22.1,2022/10/09 23:15:00,22.0,85,72,2022/10/09 10:01:00,7.2,50,14.8,40,2022/10/09 23:47:00,T,1.7,T,2022/10/09 16:31:00,T,2022/10/09 16:31:00,1.2,10.3,9.35,17.6,-2.9,6,2022/10/09 11:00:00,10.0,25.5,25.5,26.0,26.2,27.5,27.3,27.9,,
2022-10-10,10,1016.9,1019.4,1018.7,2022/10/10 09:04:00,1015.8,2022/10/10 14:02:00,21.4,23.6,2022/10/10 01:37:00,19.7,2022/10/10 09:11:00,16.6,75,63,2022/10/10 17:03:00,8.8,50,19.1,50,2022/10/10 21:59:00,2.5,6.3,0.5,2022/10/10 08:17:00,2.0,2022/10/10 08:17:00,0.0,0.0,3.35,12.8,-5.0,2,2022/10/10 11:00:00,10.0,21.9,21.9,24.0,24.7,26.6,26.9,27.8,,
2022-10-11,11,1015.3,1017.8,1017.2,2022/10/11 09:10:00,1014.0,2022/10/11 13:54:00,21.8,25.0,2022/10/11 12:51:00,20.5,2022/10/11 19:26:00,15.0,65,52,2022/10/11 11:14:00,9.2,60,20.1,70,2022/10/11 02:09:00,0.0,0.0,0.0,--,0.0,--,2.9,25.1,13.51,22.8,5.2,10,2022/10/11 13:00:00,7.8,22.4,22.4,22.9,23.5,25.3,26.0,27.6,,
2022-10-12,12,1013.4,1015.9,1014.5,2022/10/12 09:45:00,1012.3,2022/10/12 15:24:00,22.5,25.8,2022/10/12 10:38:00,20.9,2022/10/12 00:45:00,18.8,80,65,2022/10/12 10:29:00,9.2,60,21.4,50,2022/10/12 14:29:00,T,1.4,T,2022/10/12 13:40:00,T,2022/10/12 13:40:00,2.4,20.8,11.52,21.2,-4.5,7,2022/10/12 11:00:00,9.0,23.0,23.0,23.3,23.7,25.2,25.6,27.3,,
2022-10-13,13,1011.7,1014.2,1013.0,2022/10/13 09:55:00,1010.2,2022/10/13 15:05:00,24.4,27.3,2022/10/13 09:51:00,22.5,2022/10/13 00:01:00,19.5,74,64,2022/10/13 08:30:00,10.2,60,19.5,50,2022/10/13 11:54:00,T,0.5,T,2022/10/13 12:03:00,T,2022/10/13 12:03:00,2.3,20.0,11.25,19.2,-5.8,6,2022/10/13 12:00:00,7.2,24.3,24.3,23.8,24.1,25.3,25.4,27.1,,
2022-10-14,14,1009.6,1012.1,1011.5,2022/10/14 08:20:00,1008.2,2022/10/14 16:02:00,24.7,28.0,2022/10/14 12:14:00,22.4,2022/10/14 04:42:00,21.0,80,63,2022/10/14 12:14:00,9.5,50,18.9,60,2022/10/14 11:48:00,0.5,2.7,0.5,2022/10/14 14:12:00,0.5,2022/10/14 14:12:00,1.4,12.2,10.02,14.4,-2.0,8,2022/10/14 12:00:00,9.4,24.6,24.6,24.3,24.5,25.6,25.5,26.9,,
2022-10-15,15,1007.2,1009.7,1008.8,2022/10/15 07:36:00,1006.1,2022/10/15 23:58:00,23.8,24.8,2022/10/15 00:01:00,23.0,2022/10/15 19:54:00,22.9,95,84,2022/10/15 05:17:00,10.7,40,20.4,60,2022/10/15 17:23:00,12.5,16.9,0.5,2022/10/15 01:17:00,1.5,2022/10/15 08:02:00,0.0,0.0,2.25,4.4,-1.4,2,2022/10/15 11:00:00,10.0,23.8,23.8,24.2,24.4,25.7,25.6,26.7,,
2022-10-16,16,1005.6,1008.1,1006.9,2022/10/16 09:55:00,1004.1,2022/10/16 15:16:00,24.6,25.1,2022/10/16 10:04:00,23.8,2022/10/16 00:01:00,24.4,98,97,2022/10/16 16:47:00,10.9,40,22.3,30,2022/10/16 21:58:00,55.0,21.5,3.0,2022/10/16 06:15:00,10.0,2022/10/16 06:09:00,0.0,0.0,0.72,5.8,-0.8,0,2022/10/16 13:00:00,10.0,24.4,24.4,24.1,24.3,25.4,25.4,26.6,,
2022-10-17,17,1010.0,1012.5,1014.3,2022/10/17 21:02:00,1005.4,2022/10/17 01:54:00,21.6,24.6,2022/10/17 00:36:00,18.8,2022/10/17 23:20:00,21.1,97,93,2022/10/17 14:16:00,12.3,40,23.5,50,2022/10/17 01:58:00,30.0,21.3,1.5,2022/10/17 11:39:00,4.5,2022/10/17 11:04:00,0.0,0.0,1.58,5.4,-1.6,1,2022/10/17 12:00:00,10.0,22.0,22.0,23.3,23.7,25.1,25.2,26.5,,
2022-10-18,18,1014.8,1017.4,1016.5,2022/10/18 20:47:00,1013.5,2022/10/18 01:33:00,19.4,20.6,2022/10/18 12:00:00,18.4,2022/10/18 04:57:00,16.5,83,71,2022/10/18 22:08:00,9.2,60,21.6,40,2022/10/18 01:36:00,2.5,6.6,0.5,2022/10/18 00:05:00,0.5,2022/10/18 00:05:00,0.0,0.0,4.27,17.6,-3.5,3,2022/10/18 11:00:00,10.0,19.1,19.1,21.0,21.7,23.6,24.3,26.3,,
2022-10-19,19,1015.5,1018.1,1017.1,2022/10/19 21:19:00,1014.0,2022/10/19 03:30:00,21.8,24.1,2022/10/19 12:27:00,19.4,2022/10/19 00:01:00,15.5,67,57,2022/10/19 14:32:00,10.1,60,22.7,40,2022/10/19 12:27:00,0.0,0.0,0.0,--,0.0,--,7.5,65.9,19.16,24.0,6.7,10,2022/10/19 12:00:00,6.8,19.8,19.8,20.8,21.2,22.8,23.5,26.0,,
2022-10-20,20,1015.7,1018.2,1017.2,2022/10/20 09:26:00,1014.5,2022/10/20 03:46:00,23.2,26.1,2022/10/20 13:23:00,20.8,2022/10/20 01:03:00,17.6,71,58,2022/10/20 13:03:00,8.8,60,19.0,60,2022/10/20 12:08:00,0.0,0.0,0.0,--,0.0,--,9.5,83.7,18.18,28.0,5.8,8,2022/10/20 13:00:00,4.6,21.1,21.1,21.1,21.4,22.8,23.3,25.6,,
2022-10-21,21,1013.5,1016.0,1015.7,2022/10/21 08:34:00,1011.5,2022/10/21 13:56:00,24.3,27.8,2022/10/21 13:28:00,22.5,2022/10/21 02:08:00,21.2,83,66,2022/10/21 13:35:00,8.7,50,19.4,40,2022/10/21 16:29:00,T,0.2,T,2022/10/21 18:24:00,T,2022/10/21 18:24:00,6.2,54.7,15.86,33.0,-4.8,6,2022/10/21 11:00:00,5.0,23.0,23.0,22.1,22.2,23.3,23.4,25.3,,
2022-10-22,22,1011.7,1014.2,1014.0,2022/10/22 22:33:00,1009.8,2022/10/22 14:04:00,24.5,26.4,2022/10/22 10:22:00,23.0,2022/10/22 23:58:00,23.9,96,91,2022/10/22 10:22:00,9.3,50,19.0,40,2022/10/22 10:00:00,2.0,1.9,1.0,2022/10/22 17:39:00,1.5,2022/10/22 17:39:00,0.0,0.0,7.98,13.4,-1.6,5,2022/10/22 11:00:00,10.0,24.1,24.1,23.4,23.4,24.2,23.8,25.2,,
2022-10-23,23,1014.1,1016.6,1015.5,2022/10/23 20:29:00,1012.7,2022/10/23 02:55:00,23.0,25.2,2022/10/23 11:28:00,21.9,2022/10/23 03:55:00,20.5,86,69,2022/10/23 22:07:00,8.1,50,17.7,60,2022/10/23 19:17:00,0.5,3.7,0.5,2022/10/23 15:21:00,0.5,2022/10/23 15:21:00,0.2,1.8,7.46,13.0,-3.1,6,2022/10/23 12:00:00,10.0,22.5,22.5,23.1,23.3,24.3,24.2,25.2,,
2022-10-24,24,1015.9,1018.4,1017.4,2022/10/24 08:48:00,1013.8,2022/10/24 02:59:00,22.2,24.8,2022/10/24 11:39:00,20.5,2022/10/24 21:26:00,14.9,64,52,2022/10/24 12:07:00,9.8,60,21.1,50,2022/10/24 14:27:00,0.0,0.0,0.0,--,0.0,--,9.4,83.5,18.61,17.2,7.5,8,2022/10/24 12:00:00,4.0,20.9,20.9,21.7,22.2,23.6,23.9,25.2,,
2022-10-25,25,1016.5,1019.0,1018.4,2022/10/25 08:28:00,1015.3,2022/10/25 14:30:00,21.9,24.6,2022/10/25 11:24:00,20.4,2022/10/25 05:05:00,14.2,62,50,2022/10/25 09:48:00,10.0,60,20.8,50,2022/10/25 12:19:00,0.0,0.0,0.0,--,0.0,--,7.7,68.5,16.54,17.2,6.3,7,2022/10/25 12:00:00,9.0,20.7,20.7,20.9,21.4,22.9,23.5,25.1,,
2022-10-26,26,1013.8,1016.3,1015.7,2022/10/26 00:01:00,1011.7,2022/10/26 16:42:00,23.7,28.2,2022/10/26 11:47:00,20.9,2022/10/26 00:19:00,16.9,66,49,2022/10/26 11:41:00,7.7,60,15.7,40,2022/10/26 13:34:00,0.0,0.0,0.0,--,0.0,--,8.6,76.7,18.07,18.0,6.2,8,2022/10/26 12:00:00,3.2,22.2,22.2,21.4,21.6,22.9,23.2,25.0,,
2022-10-27,27,1012.8,1015.3,1013.9,2022/10/27 20:07:00,1011.1,2022/10/27 14:13:00,24.2,27.8,2022/10/27 11:54:00,21.3,2022/10/27 05:55:00,19.7,76,58,2022/10/27 08:58:00,7.5,60,19.9,40,2022/10/27 13:50:00,0.0,0.0,0.0,--,0.0,--,10.1,90.3,18.45,20.4,-4.8,8,2022/10/27 12:00:00,1.0,23.2,23.2,22.3,22.4,23.4,23.3,24.8,,
2022-10-28,28,1012.7,1015.2,1014.3,2022/10/28 08:43:00,1010.8,2022/10/28 14:35:00,24.0,27.0,2022/10/28 12:04:00,22.0,2022/10/28 22:03:00,21.0,84,71,2022/10/28 09:42:00,9.1,60,20.2,40,2022/10/28 13:23:00,0.5,2.1,0.5,2022/10/28 22:33:00,0.5,2022/10/28 22:33:00,7.2,64.4,16.52,27.6,-6.0,9,2022/10/28 12:00:00,7.0,23.5,23.5,22.9,23.0,23.9,23.6,24.8,,
2022-10-29,29,1012.2,1014.7,1013.6,2022/10/29 09:55:00,1010.7,2022/10/29 23:57:00,23.5,25.8,2022/10/29 12:19:00,22.9,2022/10/29 00:01:00,19.9,80,70,2022/10/29 12:19:00,11.6,60,21.5,50,2022/10/29 16:42:00,0.0,0.0,0.0,--,0.0,--,1.1,9.9,8.02,22.8,-3.1,6,2022/10/29 13:00:00,8.6,22.8,22.8,22.7,22.9,24.0,23.8,24.8,,
2022-10-30,30,1009.2,1011.7,1010.8,2022/10/30 00:01:00,1007.9,2022/10/30 13:48:00,22.8,24.2,2022/10/30 10:53:00,22.2,2022/10/30 20:10:00,21.5,93,86,2022/10/30 00:01:00,11.3,50,21.7,40,2022/10/30 10:30:00,4.0,11.9,0.5,2022/10/30 16:23:00,1.5,2022/10/30 23:08:00,0.0,0.0,3.86,8.4,-0.3,3,2022/10/30 12:00:00,10.0,22.6,22.6,22.5,22.7,23.8,23.8,24.8,,
2022-10-31,31,1009.1,1011.6,1013.1,2022/10/31 22:20:00,1007.0,2022/10/31 03:53:00,21.4,22.7,2022/10/31 09:09:00,19.4,2022/10/31 23:31:00,21.0,97,94,2022/10/31 09:03:00,9.7,40,21.9,40,2022/10/31 10:21:00,60.0,22.8,1.5,2022/10/31 06:38:00,5.5,2022/10/31 16:27:00,0.0,0.0,1.73,4.8,/,1,2022/10/31 12:00:00,10.0,21.7,21.7,22.0,22.3,23.5,23.6,24.8,,
2022-11-01,1,1010.2,1012.7,1011.3,2022/11/01 08:59:00,1008.9,2022/11/01 04:48:00,21.4,24.2,2022/11/01 11:33:00,19.4,2022/11/01 00:01:00,19.7,90,73,2022/11/01 13:40:00,9.4,60,22.3,50,2022/11/01 14:54:00,6.0,9.1,2.0,2022/11/01 06:40:00,3.5,2022/11/01 06:40:00,1.5,13.5,8.85,20.8,-2.8,7,2022/11/01 12:00:00,9.0,20.9,20.9,21.2,21.5,22.8,23.1,24.7,,
2022-11-02,2,1009.9,1012.4,1011.2,2022/11/02 19:44:00,1008.5,2022/11/02 14:13:00,22.2,24.4,2022/11/02 11:38:00,20.8,2022/11/02 04:26:00,20.0,87,77,2022/11/02 02:34:00,9.6,60,20.3,50,2022/11/02 08:43:00,T,0.7,T,2022/11/02 14:42:00,T,2022/11/02 14:42:00,2.8,25.3,10.72,26.4,-2.4,6,2022/11/02 13:00:00,9.4,21.2,21.2,21.2,21.4,22.6,22.8,24.5,,
2022-11-03,3,1011.2,1013.7,1013.3,2022/11/03 22:44:00,1009.3,2022/11/03 02:38:00,23.3,25.7,2022/11/03 11:59:00,21.9,2022/11/03 00:02:00,21.7,91,81,2022/11/03 11:39:00,8.2,50,15.3,40,2022/11/03 12:54:00,0.0,0.0,0.0,--,0.0,--,7.2,65.2,17.19,23.2,-4.0,8,2022/11/03 12:00:00,5.6,22.7,22.7,22.0,22.0,23.0,22.9,24.3,,
2022-11-04,4,1015.6,1018.2,1018.1,2022/11/04 21:47:00,1013.1,2022/11/04 00:02:00,21.1,22.6,2022/11/04 00:49:00,19.8,2022/11/04 23:50:00,19.0,88,76,2022/11/04 13:11:00,9.5,50,18.3,40,2022/11/04 19:09:00,T,1.2,T,2022/11/04 03:01:00,T,2022/11/04 03:01:00,0.1,0.9,5.38,15.2,3.1,3,2022/11/04 13:00:00,9.6,21.0,21.0,21.8,22.1,23.2,23.1,24.3,,
2022-11-05,5,1017.7,1020.3,1019.1,2022/11/05 08:26:00,1016.1,2022/11/05 14:12:00,20.4,22.7,2022/11/05 13:11:00,19.2,2022/11/05 04:03:00,16.7,79,71,2022/11/05 13:26:00,10.1,60,20.4,40,2022/11/05 11:08:00,T,0.7,T,2022/11/05 16:01:00,T,2022/11/05 16:01:00,4.4,40.0,14.35,32.0,-4.9,7,2022/11/05 12:00:00,7.4,19.9,19.9,20.7,21.0,22.5,22.8,24.2,,
2022-11-06,6,1015.8,1018.4,1018.0,2022/11/06 00:01:00,1013.9,2022/11/06 15:04:00,21.4,24.7,2022/11/06 11:56:00,19.1,2022/11/06 04:44:00,18.1,82,67,2022/11/06 11:02:00,9.3,50,18.3,40,2022/11/06 14:11:00,0.0,0.0,0.0,--,0.0,--,8.9,81.0,17.52,39.0,4.9,8,2022/11/06 12:00:00,4.6,20.7,20.7,20.6,20.9,22.2,22.5,24.2,,
2022-11-07,7,1013.7,1016.2,1015.5,2022/11/07 09:24:00,1012.0,2022/11/07 15:08:00,23.0,25.7,2022/11/07 12:34:00,21.4,2022/11/07 04:53:00,20.3,84,75,2022/11/07 12:35:00,9.1,50,18.2,20,2022/11/07 09:52:00,0.0,0.0,0.0,--,0.0,--,5.6,51.1,14.55,33.0,-3.5,6,2022/11/07 13:00:00,7.0,22.1,22.1,21.5,21.6,22.6,22.5,24.0,,
2022-11-08,8,1014.7,1017.2,1016.2,2022/11/08 09:26:00,1013.8,2022/11/08 15:27:00,23.0,24.1,2022/11/08 10:54:00,21.7,2022/11/08 03:51:00,20.8,88,81,2022/11/08 10:54:00,8.6,50,18.5,50,2022/11/08 11:37:00,0.5,0.5,0.5,2022/11/08 03:40:00,0.5,2022/11/08 03:40:00,0.0,0.0,8.25,25.4,2.1,4,2022/11/08 12:00:00,9.6,22.2,22.2,21.8,21.9,22.9,22.7,24.0,,
2022-11-09,9,1012.7,1015.2,1013.8,2022/11/09 00:01:00,1011.2,2022/11/09 13:39:00,25.4,30.1,2022/11/09 12:03:00,21.7,2022/11/09 23:45:00,20.9,77,58,2022/11/09 10:41:00,3.6,60,13.8,50,2022/11/09 01:28:00,0.0,0.0,0.0,--,0.0,--,10.4,95.1,17.52,17.6,4.1,7,2022/11/09 12:00:00,1.0,23.6,23.6,22.6,22.5,23.3,23.0,24.0,,
2022-11-10,10,1013.0,1015.5,1015.2,2022/11/10 08:20:00,1010.9,2022/11/10 15:28:00,24.5,28.4,2022/11/10 13:19:00,20.6,2022/11/10 02:40:00,21.7,85,71,2022/11/10 13:58:00,3.6,40,9.7,50,2022/11/10 21:10:00,0.0,0.0,0.0,--,0.0,--,10.4,95.3,17.48,16.8,3.9,7,2022/11/10 12:00:00,0.2,23.7,23.7,22.9,22.9,23.7,23.2,24.0,,
2022-11-11,11,1012.8,1015.3,1014.6,2022/11/11 09:01:00,1011.7,2022/11/11 00:06:00,23.8,27.6,2022/11/11 11:19:00,22.0,2022/11/11 23:42:00,23.0,95,84,2022/11/11 10:39:00,2.4,60,8.2,40,2022/11/11 12:28:00,0.0,0.0,0.0,--,0.0,--,1.8,16.5,10.2,12.5,1.8,6,2022/11/11 11:00:00,9.6,24.1,24.1,23.4,23.3,24.1,23.5,24.1,,
2022-11-12,12,1012.2,1014.7,1013.8,2022/11/12 09:00:00,1010.7,2022/11/12 15:36:00,23.3,26.4,2022/11/12 12:59:00,21.7,2022/11/12 00:40:00,23.1,99,90,2022/11/12 12:59:00,2.5,40,6.7,40,2022/11/12 15:10:00,0.0,0.0,0.0,--,0.0,--,1.0,9.2,9.43,8.8,1.5,6,2022/11/12 13:00:00,10.0,24.1,24.1,23.7,23.6,24.4,23.7,24.2,,
2022-11-13,13,1013.9,1016.4,1015.7,2022/11/13 09:49:00,1012.3,2022/11/13 00:02:00,23.4,25.7,2022/11/13 13:22:00,21.8,2022/11/13 02:40:00,22.3,94,81,2022/11/13 12:29:00,5.7,50,17.2,40,2022/11/13 22:49:00,0.0,0.0,0.0,--,0.0,--,6.2,57.1,13.92,11.8,3.6,7,2022/11/13 13:00:00,6.6,23.7,23.7,23.6,23.6,24.5,23.9,24.3,,
2022-11-14,14,1013.9,1016.4,1016.3,2022/11/14 08:49:00,1011.6,2022/11/14 15:07:00,23.6,26.8,2022/11/14 15:14:00,22.1,2022/11/14 23:07:00,20.4,82,67,2022/11/14 15:08:00,7.4,50,16.4,40,2022/11/14 00:05:00,0.0,0.0,0.0,--,0.0,--,10.1,93.1,16.78,21.6,4.0,7,2022/11/14 12:00:00,0.8,23.1,23.1,23.0,23.2,24.2,23.9,24.4,,
2022-11-15,15,1013.2,1015.7,1014.7,2022/11/15 08:50:00,1011.9,2022/11/15 12:54:00,22.8,27.7,2022/11/15 10:57:00,19.5,2022/11/15 06:20:00,21.0,90,65,2022/11/15 10:58:00,4.1,50,13.4,40,2022/11/15 23:28:00,0.0,0.0,0.0,--,0.0,--,5.5,50.8,13.58,17.6,-3.4,7,2022/11/15 12:00:00,6.4,23.0,23.0,22.9,22.9,24.0,23.8,24.4,,
2022-11-16,16,1012.8,1015.3,1014.6,2022/11/16 08:57:00,1011.6,2022/11/16 14:51:00,22.3,23.8,2022/11/16 13:50:00,21.2,2022/11/16 23:53:00,21.6,96,91,2022/11/16 00:40:00,6.7,50,15.5,50,2022/11/16 12:52:00,T,1.2,T,2022/11/16 05:21:00,T,2022/11/16 05:21:00,0.0,0.0,5.98,17.2,-1.2,4,2022/11/16 12:00:00,9.8,22.7,22.7,22.7,22.8,23.9,23.7,24.4,,
2022-11-17,17,1012.6,1015.1,1014.3,2022/11/17 09:13:00,1011.2,2022/11/17 01:37:00,22.7,25.4,2022/11/17 14:22:00,20.7,2022/11/17 01:43:00,22.1,97,85,2022/11/17 14:23:00,3.3,40,9.7,50,2022/11/17 22:43:00,0.0,0.0,0.0,--,0.0,--,5.0,46.3,11.8,12.8,2.0,6,2022/11/17 13:00:00,6.8,23.3,23.3,22.9,23.0,23.9,23.7,24.4,,
2022-11-18,18,1013.8,1016.3,1015.6,2022/11/18 09:01:00,1011.8,2022/11/18 14:55:00,23.2,24.7,2022/11/18 11:25:00,22.4,2022/11/18 00:01:00,22.2,94,87,2022/11/18 11:27:00,6.4,40,14.6,50,2022/11/18 15:41:00,T,0.3,T,2022/11/18 09:09:00,T,2022/11/18 09:09:00,1.7,15.8,7.38,16.0,-1.6,4,2022/11/18 12:00:00,8.2,23.1,23.1,23.0,23.1,24.1,23.7,24.4,,
2022-11-19,19,1012.7,1015.2,1014.4,2022/11/19 08:58:00,1011.3,2022/11/19 23:39:00,23.2,25.5,2022/11/19 12:34:00,21.6,2022/11/19 06:28:00,22.4,95,86,2022/11/19 07:42:00,5.4,40,11.9,40,2022/11/19 09:42:00,0.0,0.0,0.0,--,0.0,--,5.7,52.9,12.9,18.8,2.0,7,2022/11/19 13:00:00,6.4,23.4,23.4,23.0,23.1,24.0,23.7,24.4,,
2022-11-20,20,1011.7,1014.2,1014.2,2022/11/20 09:45:00,1010.1,2022/11/20 16:10:00,23.9,26.0,2022/11/20 12:01:00,22.6,2022/11/20 00:01:00,22.2,91,77,2022/11/20 16:32:00,6.7,50,14.8,40,2022/11/20 14:19:00,0.0,0.0,0.0,--,0.0,--,4.7,43.7,11.36,25.6,3.2,6,2022/11/20 13:00:00,6.4,23.5,23.5,23.1,23.1,24.1,23.8,24.4,,
2022-11-21,21,1011.7,1014.2,1013.4,2022/11/21 08:09:00,1009.5,2022/11/21 13:39:00,24.4,27.6,2022/11/21 13:47:00,22.6,2022/11/21 05:05:00,21.8,85,70,2022/11/21 13:02:00,6.2,50,16.1,40,2022/11/21 09:15:00,0.0,0.0,0.0,--,0.0,--,9.5,88.5,15.84,26.2,1.9,7,2022/11/21 12:00:00,2.8,23.7,23.7,23.1,23.1,24.0,23.8,24.4,,
2022-11-22,22,1011.5,1014.0,1012.3,2022/11/22 00:02:00,1010.5,2022/11/22 05:09:00,23.3,26.5,2022/11/22 09:35:00,22.1,2022/11/22 02:36:00,22.7,97,81,2022/11/22 09:38:00,2.6,40,9.0,320,2022/11/22 13:52:00,T,0.6,T,2022/11/22 17:54:00,T,2022/11/22 17:54:00,0.9,8.4,8.3,24.6,-2.4,5,2022/11/22 12:00:00,9.0,23.8,23.8,23.3,23.3,24.2,23.8,24.4,,
2022-11-23,23,1013.5,1016.0,1015.7,2022/11/23 09:11:00,1011.1,2022/11/23 00:46:00,21.1,22.9,2022/11/23 00:01:00,19.8,2022/11/23 16:33:00,20.8,99,91,2022/11/23 14:07:00,6.4,50,16.0,50,2022/11/23 22:36:00,20.0,11.1,2.5,2022/11/23 08:16:00,9.0,2022/11/23 07:35:00,0.0,0.0,3.56,10.0,-0.6,3,2022/11/23 13:00:00,10.0,22.0,22.0,22.7,22.9,24.1,23.8,24.4,,
2022-11-24,24,1013.8,1016.3,1015.6,2022/11/24 23:19:00,1012.4,2022/11/24 02:59:00,20.6,21.4,2022/11/24 14:26:00,20.0,2022/11/24 10:52:00,20.5,99,98,2022/11/24 03:50:00,6.2,50,14.9,30,2022/11/24 07:17:00,57.0,12.7,4.5,2022/11/24 21:10:00,15.5,2022/11/24 20:54:00,0.0,0.0,3.36,11.6,/,3,2022/11/24 14:00:00,10.0,21.3,21.3,21.6,21.9,23.2,23.5,24.4,,
2022-11-25,25,1012.8,1015.3,1015.5,2022/11/25 00:12:00,1010.8,2022/11/25 13:40:00,21.4,24.1,2022/11/25 10:29:00,20.4,2022/11/25 23:45:00,21.2,99,95,2022/11/25 10:30:00,4.1,40,10.6,40,2022/11/25 07:21:00,31.5,7.0,4.0,2022/11/25 21:11:00,11.0,2022/11/25 20:47:00,0.3,2.8,6.26,13.6,-1.3,5,2022/11/25 11:00:00,10.0,21.7,21.7,21.5,21.7,22.8,22.7,24.0,,
2022-11-26,26,1012.9,1015.4,1014.8,2022/11/26 09:30:00,1010.4,2022/11/26 01:03:00,21.4,23.4,2022/11/26 13:19:00,20.3,2022/11/26 02:37:00,20.4,94,76,2022/11/26 01:52:00,4.7,50,12.4,50,2022/11/26 17:50:00,1.5,3.9,0.5,2022/11/26 07:16:00,1.0,2022/11/26 07:16:00,1.4,13.1,7.38,12.4,-1.9,4,2022/11/26 13:00:00,10.0,21.6,21.6,21.5,21.7,22.8,22.7,23.5,,
2022-11-27,27,1011.1,1013.6,1012.3,2022/11/27 02:47:00,1008.5,2022/11/27 14:15:00,22.9,26.0,2022/11/27 09:28:00,20.8,2022/11/27 05:23:00,21.4,92,76,2022/11/27 14:50:00,2.9,50,10.7,40,2022/11/27 01:21:00,0.0,0.0,0.0,--,0.0,--,3.3,30.9,10.69,14.0,1.7,5,2022/11/27 12:00:00,7.6,22.2,22.2,21.8,21.8,22.8,22.6,23.5,,
2022-11-28,28,1011.2,1013.7,1012.4,2022/11/28 20:47:00,1009.5,2022/11/28 14:13:00,23.7,26.9,2022/11/28 09:28:00,21.2,2022/11/28 00:01:00,22.7,94,80,2022/11/28 09:28:00,1.3,160,4.9,340,2022/11/28 12:04:00,0.0,0.0,0.0,--,0.0,--,9.9,92.9,15.49,12.4,2.8,6,2022/11/28 12:00:00,1.0,23.2,23.2,22.5,22.4,23.2,22.7,23.6,,
2022-11-29,29,1011.6,1014.1,1014.4,2022/11/29 23:48:00,1009.1,2022/11/29 15:24:00,24.5,27.2,2022/11/29 15:08:00,22.0,2022/11/29 23:57:00,24.1,98,89,2022/11/29 15:33:00,2.3,40,12.2,40,2022/11/29 23:59:59,T,0.5,T,2022/11/29 22:25:00,T,2022/11/29 22:25:00,5.8,54.5,12.23,11.6,-1.3,6,2022/11/29 13:00:00,5.6,24.2,24.2,23.2,23.0,23.7,23.1,23.6,,
2022-11-30,30,1018.4,1021.0,1021.1,2022/11/30 09:56:00,1014.3,2022/11/30 00:01:00,18.5,22.0,2022/11/30 00:01:00,17.0,2022/11/30 19:43:00,17.8,96,85,2022/11/30 12:55:00,11.5,50,22.1,40,2022/11/30 13:31:00,4.0,8.1,1.0,2022/11/30 01:25:00,2.0,2022/11/30 01:25:00,0.5,4.7,7.11,12.0,-2.1,5,2022/11/30 13:00:00,9.8,19.7,19.7,21.6,22.1,23.4,23.2,23.7,,
2022-12-01,1,1018.1,1020.7,1020.6,2022/12/01 08:07:00,1016.1,2022/12/01 14:34:00,17.9,19.5,2022/12/01 11:38:00,16.8,2022/12/01 08:12:00,17.3,96,87,2022/12/01 11:40:00,11.0,50,20.4,60,2022/12/01 15:59:00,4.0,8.5,1.0,2022/12/01 03:11:00,1.5,2022/12/01 03:11:00,0.5,4.7,6.9,17.4,-1.4,5,2022/12/01 11:00:00,9.8,18.5,18.5,19.8,20.3,21.9,22.5,23.7,,
2022-12-02,2,1016.3,1018.9,1019.9,2022/12/02 08:46:00,1013.8,2022/12/02 15:47:00,18.7,20.5,2022/12/02 23:07:00,16.8,2022/12/02 05:43:00,18.3,97,89,2022/12/02 14:20:00,9.8,50,20.1,60,2022/12/02 11:55:00,4.0,6.7,1.0,2022/12/02 08:51:00,2.0,2022/12/02 08:38:00,2.1,19.8,7.63,14.4,-0.8,3,2022/12/02 12:00:00,8.4,18.8,18.8,19.5,19.8,21.3,21.9,23.5,,
2022-12-03,3,1014.1,1016.7,1016.6,2022/12/03 08:22:00,1012.1,2022/12/03 15:14:00,20.8,22.5,2022/12/03 13:42:00,19.5,2022/12/03 04:20:00,20.8,100,98,2022/12/03 11:56:00,6.6,40,13.0,30,2022/12/03 01:23:00,5.5,11.2,0.5,2022/12/03 01:19:00,1.5,2022/12/03 07:25:00,1.0,9.4,6.94,8.1,-0.4,4,2022/12/03 14:00:00,9.4,20.7,20.7,20.3,20.4,21.5,21.6,23.2,,
2022-12-04,4,1015.7,1018.3,1017.6,2022/12/04 21:15:00,1012.9,2022/12/04 01:38:00,20.0,21.7,2022/12/04 02:18:00,19.0,2022/12/04 21:17:00,19.9,100,98,2022/12/04 12:14:00,8.2,40,17.2,40,2022/12/04 12:39:00,3.5,11.9,0.5,2022/12/04 08:57:00,1.5,2022/12/04 20:52:00,0.0,0.0,3.13,8.0,-0.2,2,2022/12/04 13:00:00,10.0,20.4,20.4,20.7,20.8,21.8,21.8,22.9,,
2022-12-05,5,1018.0,1020.6,1020.1,2022/12/05 10:07:00,1015.3,2022/12/05 02:34:00,17.0,19.1,2022/12/05 00:01:00,15.7,2022/12/05 20:14:00,16.9,100,97,2022/12/05 20:46:00,8.8,40,20.0,50,2022/12/05 20:20:00,16.0,21.0,0.5,2022/12/05 00:58:00,1.5,2022/12/05 03:58:00,0.0,0.0,3.48,4.4,-0.3,2,2022/12/05 13:00:00,10.0,18.5,18.5,19.6,19.9,21.3,21.5,22.4,,
2022-12-06,6,1016.3,1018.9,1018.8,2022/12/06 00:01:00,1014.0,2022/12/06 13:48:00,17.7,20.0,2022/12/06 12:17:00,15.6,2022/12/06 02:10:00,15.8,89,76,2022/12/06 12:23:00,9.0,50,19.5,60,2022/12/06 14:40:00,3.0,3.1,0.5,2022/12/06 00:38:00,1.0,2022/12/06 00:38:00,3.8,35.9,11.96,30.0,-2.0,6,2022/12/06 13:00:00,8.0,17.6,17.6,18.4,18.8,20.3,20.3,21.6,,
2022-12-07,7,1016.3,1018.9,1017.8,2022/12/07 09:23:00,1015.0,2022/12/07 02:27:00,18.8,19.6,2022/12/07 12:24:00,18.0,2022/12/07 18:34:00,18.2,96,87,2022/12/07 00:03:00,7.4,50,17.2,50,2022/12/07 21:59:00,T,2.2,T,2022/12/07 05:18:00,T,2022/12/07 05:18:00,0.0,0.0,2.44,23.0,-0.5,1,2022/12/07 13:00:00,9.8,18.7,18.7,18.8,19.0,20.3,20.2,21.7,,
2022-12-08,8,1015.2,1017.8,1017.2,2022/12/08 08:39:00,1013.7,2022/12/08 23:39:00,18.7,20.2,2022/12/08 12:57:00,17.8,2022/12/08 04:47:00,18.1,96,84,2022/12/08 13:16:00,5.7,50,15.4,40,2022/12/08 04:25:00,0.5,4.5,0.5,2022/12/08 17:54:00,0.5,2022/12/08 17:54:00,0.0,0.0,3.43,25.0,-0.1,3,2022/12/08 13:00:00,10.0,18.7,18.7,18.9,19.0,20.3,20.4,21.8,,
2022-12-09,9,1012.0,1014.6,1013.8,2022/12/09 00:01:00,1010.1,2022/12/09 14:25:00,18.8,20.5,2022/12/09 11:05:00,18.0,2022/12/09 05:57:00,18.5,98,92,2022/12/09 00:07:00,5.0,50,15.1,50,2022/12/09 17:21:00,6.5,7.9,0.5,2022/12/09 03:53:00,1.5,2022/12/09 14:46:00,0.1,0.9,4.28,16.2,-0.1,3,2022/12/09 12:00:00,9.6,19.0,19.0,19.1,19.2,20.3,20.5,21.7,,
2022-12-10,10,1010.9,1013.4,1012.9,2022/12/10 23:53:00,1008.8,2022/12/10 14:08:00,19.0,20.4,2022/12/10 17:06:00,17.6,2022/12/10 23:15:00,18.3,95,86,2022/12/10 15:29:00,7.0,50,17.2,50,2022/12/10 20:13:00,18.5,13.9,2.5,2022/12/10 05:46:00,8.5,2022/12/10 05:16:00,0.0,0.0,1.1,11.2,/,1,2022/12/10 11:00:00,10.0,18.7,18.7,18.8,19.0,20.2,20.2,21.2,,
2022-12-11,11,1014.2,1016.8,1016.5,2022/12/11 09:26:00,1012.9,2022/12/11 00:01:00,16.3,17.7,2022/12/11 00:01:00,15.8,2022/12/11 17:05:00,16.1,98,91,2022/12/11 23:56:00,9.6,50,20.1,40,2022/12/11 20:50:00,16.0,20.7,1.0,2022/12/11 00:40:00,3.0,2022/12/11 00:40:00,0.0,0.0,2.18,7.0,-0.1,1,2022/12/11 11:00:00,10.0,17.1,17.1,18.0,18.4,19.8,19.4,20.6,,
2022-12-12,12,1015.1,1017.7,1017.1,2022/12/12 20:38:00,1013.1,2022/12/12 01:36:00,16.3,17.5,2022/12/12 11:26:00,15.6,2022/12/12 19:37:00,15.7,96,86,2022/12/12 02:00:00,7.0,60,17.5,40,2022/12/12 16:56:00,3.5,13.7,0.5,2022/12/12 05:04:00,1.0,2022/12/12 18:35:00,0.0,0.0,2.57,14.2,-0.4,2,2022/12/12 11:00:00,10.0,16.7,16.7,17.3,17.7,19.1,18.7,20.4,,
2022-12-13,13,1016.8,1019.4,1019.5,2022/12/13 23:31:00,1015.1,2022/12/13 12:39:00,16.0,17.5,2022/12/13 09:43:00,14.5,2022/12/13 23:52:00,14.7,92,84,2022/12/13 10:37:00,9.9,50,20.1,50,2022/12/13 17:03:00,2.5,8.7,0.5,2022/12/13 00:10:00,1.0,2022/12/13 00:10:00,0.0,0.0,5.7,14.2,-0.4,4,2022/12/13 13:00:00,10.0,16.0,16.0,16.9,17.3,18.7,18.5,20.2,,
2022-12-14,14,1019.3,1021.9,1022.3,2022/12/14 09:42:00,1017.3,2022/12/14 22:05:00,15.0,16.3,2022/12/14 12:17:00,14.0,2022/12/14 06:44:00,14.1,94,84,2022/12/14 14:48:00,11.1,50,22.2,50,2022/12/14 17:03:00,3.5,10.6,1.0,2022/12/14 23:34:00,2.0,2022/12/14 22:38:00,0.0,0.0,3.6,14.6,-0.3,2,2022/12/14 12:00:00,10.0,15.3,15.3,16.3,16.7,18.2,18.3,20.2,,
2022-12-15,15,1015.5,1018.1,1018.7,2022/12/15 08:20:00,1012.6,2022/12/15 15:34:00,16.3,18.5,2022/12/15 20:35:00,13.8,2022/12/15 05:40:00,16.2,99,98,2022/12/15 02:58:00,9.1,50,22.1,50,2022/12/15 00:20:00,12.0,13.3,1.5,2022/12/15 08:27:00,2.5,2022/12/15 08:27:00,0.0,0.0,3.36,16.2,-0.1,2,2022/12/15 13:00:00,9.6,16.0,16.0,16.1,16.5,17.8,17.9,19.6,,
2022-12-16,16,1015.7,1018.3,1017.8,2022/12/16 20:38:00,1013.2,2022/12/16 03:12:00,17.9,18.5,2022/12/16 00:01:00,17.2,2022/12/16 23:56:00,17.9,100,98,2022/12/16 13:08:00,7.4,40,15.5,40,2022/12/16 09:35:00,9.0,14.4,1.0,2022/12/16 18:01:00,2.0,2022/12/16 17:11:00,0.0,0.0,3.04,7.6,-0.1,2,2022/12/16 12:00:00,10.0,17.7,17.7,17.3,17.4,18.4,18.1,19.4,,
2022-12-17,17,1023.4,1026.0,1027.5,2022/12/17 19:53:00,1017.3,2022/12/17 00:01:00,13.0,17.2,2022/12/17 00:01:00,11.1,2022/12/17 18:27:00,11.1,89,58,2022/12/17 23:52:00,10.0,40,21.4,20,2022/12/17 05:06:00,10.5,15.6,0.5,2022/12/17 00:21:00,1.5,2022/12/17 06:42:00,0.0,0.0,1.78,8.2,-1.1,1,2022/12/17 12:00:00,10.0,14.4,14.4,16.2,16.7,18.2,17.5,19.1,,
2022-12-18,18,1024.5,1027.2,1027.5,2022/12/18 08:55:00,1021.1,2022/12/18 23:57:00,10.0,11.6,2022/12/18 00:01:00,9.0,2022/12/18 11:26:00,3.9,66,50,2022/12/18 09:52:00,8.0,60,17.9,50,2022/12/18 10:02:00,0.0,0.0,0.0,--,0.0,--,2.9,27.5,9.33,26.0,2.4,3,2022/12/18 11:00:00,7.4,11.6,11.6,13.8,14.6,16.6,16.3,18.6,,
2022-12-19,19,1018.9,1021.5,1021.1,2022/12/19 00:01:00,1016.9,2022/12/19 14:47:00,14.7,18.3,2022/12/19 12:18:00,10.1,2022/12/19 00:55:00,10.5,76,59,2022/12/19 11:29:00,7.3,60,17.9,30,2022/12/19 14:34:00,0.0,0.0,0.0,--,0.0,--,10.0,95.0,15.42,32.0,2.9,5,2022/12/19 12:00:00,1.0,13.6,13.6,13.8,14.1,15.8,16.1,18.6,,
2022-12-20,20,1014.1,1016.6,1016.9,2022/12/20 00:01:00,1011.4,2022/12/20 13:57:00,17.6,23.7,2022/12/20 12:00:00,11.8,2022/12/20 23:38:00,12.4,73,41,2022/12/20 14:44:00,4.5,60,13.1,60,2022/12/20 03:39:00,0.0,0.0,0.0,--,0.0,--,10.1,95.9,14.77,37.0,3.1,5,2022/12/20 12:00:00,0.8,15.7,15.7,15.3,15.4,16.6,16.8,18.7,,
2022-12-21,21,1012.7,1015.3,1014.0,2022/12/21 22:35:00,1010.9,2022/12/21 13:41:00,15.2,18.3,2022/12/21 08:24:00,11.0,2022/12/21 23:47:00,13.1,88,71,2022/12/21 18:29:00,4.2,40,11.9,40,2022/12/21 10:25:00,T,1.1,T,2022/12/21 12:18:00,T,2022/12/21 12:18:00,0.2,1.9,2.24,20.4,-0.2,1,2022/12/21 11:00:00,9.4,15.4,15.4,15.5,15.7,17.0,17.3,18.9,,
2022-12-22,22,1014.2,1016.8,1016.2,2022/12/22 23:25:00,1011.8,2022/12/22 13:30:00,13.7,19.0,2022/12/22 12:37:00,9.5,2022/12/22 22:45:00,5.6,62,28,2022/12/22 12:25:00,4.0,60,12.2,40,2022/12/22 13:51:00,0.0,0.0,0.0,--,0.0,--,10.0,94.9,15.74,31.0,3.3,5,2022/12/22 12:00:00,0.0,13.9,13.9,14.7,15.1,16.6,17.2,18.9,,
2022-12-23,23,1018.3,1020.9,1020.5,2022/12/23 21:18:00,1015.9,2022/12/23 03:59:00,11.6,15.0,2022/12/23 09:11:00,8.5,2022/12/23 02:46:00,6.2,70,52,2022/12/23 13:18:00,5.7,80,17.5,40,2022/12/23 12:26:00,0.0,0.0,0.0,--,0.0,--,8.3,78.8,13.89,25.2,3.2,5,2022/12/23 12:00:00,3.6,12.5,12.5,13.8,14.3,16.0,16.8,18.9,,
2022-12-24,24,1021.0,1023.6,1022.3,2022/12/24 09:36:00,1019.7,2022/12/24 00:35:00,11.5,15.6,2022/12/24 12:53:00,9.0,2022/12/24 22:52:00,4.3,62,45,2022/12/24 11:58:00,5.0,80,14.5,30,2022/12/24 12:11:00,0.0,0.0,0.0,--,0.0,--,9.9,93.9,15.56,29.0,4.2,5,2022/12/24 12:00:00,2.0,12.1,12.1,13.3,13.7,15.5,16.4,18.8,,
2022-12-25,25,1021.4,1024.0,1023.2,2022/12/25 09:06:00,1020.1,2022/12/25 14:14:00,12.0,15.1,2022/12/25 12:29:00,9.0,2022/12/25 03:36:00,5.5,65,46,2022/12/25 10:04:00,5.9,50,17.0,50,2022/12/25 09:55:00,0.0,0.0,0.0,--,0.0,--,9.9,93.9,15.72,18.4,3.0,6,2022/12/25 12:00:00,0.6,12.0,12.0,13.1,13.5,15.2,16.1,18.7,,
2022-12-26,26,1020.9,1023.5,1022.0,2022/12/26 10:15:00,1019.5,2022/12/26 15:54:00,14.6,18.1,2022/12/26 10:34:00,9.5,2022/12/26 05:45:00,10.9,79,61,2022/12/26 10:38:00,5.4,60,14.2,30,2022/12/26 12:05:00,0.0,0.0,0.0,--,0.0,--,8.2,77.8,14.13,16.0,3.2,5,2022/12/26 12:00:00,4.6,13.5,13.5,13.7,14.0,15.4,15.9,18.6,,
2022-12-27,27,1020.8,1023.4,1022.5,2022/12/27 09:47:00,1019.1,2022/12/27 14:27:00,16.5,18.8,2022/12/27 12:12:00,13.9,2022/12/27 01:29:00,12.0,75,62,2022/12/27 10:24:00,7.3,60,19.5,50,2022/12/27 12:38:00,0.0,0.0,0.0,--,0.0,--,9.0,85.4,14.3,18.4,3.8,6,2022/12/27 12:00:00,3.6,14.6,14.6,14.6,14.7,15.9,16.1,18.5,,
2022-12-28,28,1020.8,1023.4,1023.2,2022/12/28 22:19:00,1018.7,2022/12/28 14:08:00,17.4,20.1,2022/12/28 11:00:00,15.3,2022/12/28 01:50:00,14.9,85,73,2022/12/28 10:53:00,8.4,60,18.4,50,2022/12/28 14:05:00,T,0.2,T,2022/12/28 22:15:00,T,2022/12/28 22:15:00,3.0,28.4,9.71,13.6,-4.8,4,2022/12/28 13:00:00,9.8,15.7,15.7,15.4,15.4,16.4,16.4,18.5,,
2022-12-29,29,1021.3,1023.9,1022.9,2022/12/29 22:41:00,1019.2,2022/12/29 14:31:00,16.6,18.1,2022/12/29 12:18:00,15.2,2022/12/29 23:59:00,15.5,93,84,2022/12/29 11:55:00,9.1,50,19.6,40,2022/12/29 23:53:00,1.0,6.2,0.5,2022/12/29 23:09:00,1.0,2022/12/29 23:09:00,0.0,0.0,3.25,14.0,-0.3,2,2022/12/29 13:00:00,10.0,15.4,15.4,15.7,15.8,16.8,16.8,18.5,,
2022-12-30,30,1022.2,1024.8,1023.2,2022/12/30 09:21:00,1019.8,2022/12/30 13:10:00,15.5,16.2,2022/12/30 10:25:00,14.7,2022/12/30 01:51:00,15.3,99,94,2022/12/30 22:31:00,10.0,50,20.2,50,2022/12/30 22:54:00,3.0,13.1,0.5,2022/12/30 00:51:00,0.5,2022/12/30 00:51:00,0.0,0.0,3.16,12.8,-0.6,2,2022/12/30 12:00:00,10.0,14.9,14.9,15.6,15.8,16.9,16.9,18.6,,
2022-12-31,31,1021.5,1024.1,1023.0,2022/12/31 09:37:00,1020.1,2022/12/31 14:21:00,16.3,17.4,2022/12/31 14:20:00,14.9,2022/12/31 00:35:00,15.4,95,87,2022/12/31 14:21:00,11.2,50,23.8,60,2022/12/31 10:08:00,T,4.2,T,2022/12/31 00:14:00,T,2022/12/31 00:14:00,0.7,6.6,7.11,15.6,-1.7,3,2022/12/31 13:00:00,9.6,15.1,15.1,15.5,15.7,16.8,16.9,18.6,,
2023-01-01,1,1019.5,1022.1,1021.0,2023/01/01 07:55:00,1017.8,2023/01/01 13:42:00,19.3,22.5,2023/01/01 11:54:00,17.2,2023/01/01 02:06:00,17.6,90,76,2023/01/01 16:17:00,9.1,50,19.6,50,2023/01/01 01:25:00,T,1.0,T,2023/01/01 15:18:00,T,2023/01/01 15:18:00,0.3,2.8,8.95,30.0,-1.6,4,2023/01/01 12:00:00,8.8,17.1,17.1,16.5,16.4,17.2,17.1,18.6,,
2023-01-02,2,1020.3,1022.9,1022.5,2023/01/02 20:58:00,1018.3,2023/01/02 14:32:00,18.0,19.4,2023/01/02 00:10:00,16.1,2023/01/02 20:38:00,17.5,97,89,2023/01/02 02:18:00,9.7,50,21.0,40,2023/01/02 19:42:00,1.5,6.8,0.5,2023/01/02 05:10:00,1.0,2023/01/02 05:10:00,0.1,0.9,6.89,12.8,-1.9,3,2023/01/02 13:00:00,9.6,17.0,17.0,17.1,17.1,17.9,17.5,18.7,,
2023-01-03,3,1021.6,1024.2,1023.2,2023/01/03 09:29:00,1020.0,2023/01/03 13:50:00,15.9,17.9,2023/01/03 11:48:00,14.6,2023/01/03 22:02:00,15.1,95,84,2023/01/03 14:05:00,9.9,50,20.7,60,2023/01/03 12:28:00,1.0,4.6,0.5,2023/01/03 03:40:00,0.5,2023/01/03 03:40:00,0.1,0.9,5.25,22.8,-2.5,4,2023/01/03 12:00:00,10.0,15.3,15.3,16.4,16.6,17.7,17.6,18.8,,
2023-01-04,4,1020.9,1023.5,1023.3,2023/01/04 09:15:00,1018.7,2023/01/04 15:44:00,16.9,19.1,2023/01/04 14:51:00,14.9,2023/01/04 00:14:00,15.1,89,78,2023/01/04 10:16:00,9.8,50,20.2,40,2023/01/04 12:36:00,0.0,0.0,0.0,--,0.0,--,2.3,21.7,10.38,20.0,-2.2,4,2023/01/04 13:00:00,8.8,15.5,15.5,15.9,16.0,17.2,17.4,18.9,,
2023-01-05,5,1020.8,1023.4,1022.5,2023/01/05 08:58:00,1019.1,2023/01/05 14:58:00,18.7,20.8,2023/01/05 14:13:00,17.0,2023/01/05 03:54:00,18.0,96,87,2023/01/05 13:57:00,7.2,40,14.9,40,2023/01/05 14:17:00,T,2.1,T,2023/01/05 02:01:00,T,2023/01/05 02:01:00,0.9,8.5,7.04,20.0,-0.4,4,2023/01/05 14:00:00,9.2,17.3,17.3,16.8,16.8,17.7,17.5,18.8,,
2023-01-06,6,1020.5,1023.1,1022.8,2023/01/06 09:09:00,1019.2,2023/01/06 15:30:00,17.3,18.9,2023/01/06 13:18:00,15.0,2023/01/06 23:08:00,16.3,95,82,2023/01/06 15:18:00,5.7,40,14.5,40,2023/01/06 13:25:00,3.5,5.7,0.5,2023/01/06 03:27:00,1.5,2023/01/06 05:54:00,0.2,1.9,4.32,13.2,-2.1,3,2023/01/06 14:00:00,9.2,16.6,16.6,17.1,17.2,18.1,17.8,18.9,,
2023-01-07,7,1018.6,1021.2,1020.2,2023/01/07 00:01:00,1016.6,2023/01/07 15:01:00,17.8,21.4,2023/01/07 13:20:00,15.0,2023/01/07 00:01:00,11.7,68,50,2023/01/07 12:19:00,8.0,60,18.0,50,2023/01/07 09:25:00,0.0,0.0,0.0,--,0.0,--,9.3,87.6,14.7,19.6,2.4,6,2023/01/07 12:00:00,2.0,15.8,15.8,16.2,16.4,17.6,17.7,18.9,,
2023-01-08,8,1017.6,1020.2,1018.9,2023/01/08 08:38:00,1016.5,2023/01/08 15:12:00,19.3,25.4,2023/01/08 13:08:00,15.6,2023/01/08 07:10:00,15.6,80,55,2023/01/08 11:47:00,2.7,60,9.8,60,2023/01/08 00:04:00,0.0,0.0,0.0,--,0.0,--,7.7,72.4,13.16,13.2,2.5,5,2023/01/08 12:00:00,4.4,17.2,17.2,16.5,16.5,17.5,17.5,18.9,,
2023-01-09,9,1017.4,1020.0,1019.0,2023/01/09 08:54:00,1016.3,2023/01/09 14:56:00,18.3,21.4,2023/01/09 11:53:00,17.0,2023/01/09 04:39:00,18.0,98,85,2023/01/09 11:54:00,2.7,30,10.0,350,2023/01/09 14:24:00,0.5,2.0,0.5,2023/01/09 22:30:00,0.5,2023/01/09 22:30:00,0.3,2.8,7.07,8.0,-1.1,3,2023/01/09 11:00:00,10.0,17.7,17.7,17.5,17.5,18.3,17.8,18.9,,
2023-01-10,10,1016.2,1018.8,1017.9,2023/01/10 09:34:00,1014.1,2023/01/10 13:54:00,18.5,21.2,2023/01/10 12:17:00,17.3,2023/01/10 05:18:00,18.0,97,87,2023/01/10 12:14:00,8.2,40,16.7,40,2023/01/10 23:07:00,1.0,1.6,0.5,2023/01/10 01:30:00,1.0,2023/01/10 01:30:00,4.2,39.5,11.77,15.4,-2.5,6,2023/01/10 13:00:00,7.4,18.0,18.0,17.8,17.9,18.6,18.2,19.0,,
2023-01-11,11,1014.9,1017.5,1017.3,2023/01/11 09:09:00,1012.8,2023/01/11 15:22:00,18.8,21.8,2023/01/11 15:33:00,17.6,2023/01/11 00:01:00,18.7,99,90,2023/01/11 15:41:00,4.9,40,14.9,40,2023/01/11 00:08:00,2.0,2.8,0.5,2023/01/11 04:44:00,1.0,2023/01/11 06:51:00,0.4,3.8,6.11,13.4,1.4,4,2023/01/11 13:00:00,10.0,18.0,18.0,18.0,18.0,18.8,18.4,19.1,,
2023-01-12,12,1013.5,1016.1,1015.7,2023/01/12 09:39:00,1011.9,2023/01/12 14:57:00,17.8,19.8,2023/01/12 13:25:00,16.9,2023/01/12 19:06:00,17.7,99,93,2023/01/12 13:58:00,2.3,220,6.8,220,2023/01/12 02:07:00,0.0,0.0,0.0,--,0.0,--,1.3,12.2,8.96,8.9,1.4,5,2023/01/12 13:00:00,10.0,18.3,18.3,18.3,18.3,19.1,18.6,19.2,,
2023-01-13,13,1010.3,1012.9,1013.1,2023/01/13 09:10:00,1008.2,2023/01/13 23:35:00,19.2,27.1,2023/01/13 14:16:00,15.0,2023/01/13 06:08:00,18.4,96,61,2023/01/13 14:18:00,1.2,350,6.9,270,2023/01/13 14:25:00,0.0,0.0,0.0,--,0.0,--,4.6,43.2,12.57,5.4,2.1,6,2023/01/13 12:00:00,6.7,18.7,18.7,18.6,18.5,19.3,18.8,19.3,,
2023-01-14,14,1007.5,1010.0,1010.0,2023/01/14 23:57:00,1004.9,2023/01/14 15:02:00,20.8,24.5,2023/01/14 12:56:00,17.4,2023/01/14 23:50:00,20.1,96,80,2023/01/14 10:30:00,2.9,230,14.2,50,2023/01/14 23:48:00,T,1.0,T,2023/01/14 22:01:00,T,2023/01/14 22:01:00,5.7,53.4,13.1,6.6,-2.5,6,2023/01/14 13:00:00,5.6,20.0,20.0,19.3,19.1,19.8,19.1,19.5,,
2023-01-15,15,1014.5,1017.1,1018.6,2023/01/15 22:35:00,1010.0,2023/01/15 00:01:00,13.6,17.4,2023/01/15 00:01:00,10.9,2023/01/15 21:56:00,13.4,99,97,2023/01/15 17:41:00,10.8,50,21.3,50,2023/01/15 09:50:00,1.5,13.9,0.5,2023/01/15 08:02:00,0.5,2023/01/15 08:02:00,0.0,0.0,3.21,6.8,-0.2,2,2023/01/15 12:00:00,10.0,14.7,14.7,17.7,18.2,19.5,19.3,19.6,,
2023-01-16,16,1020.0,1022.7,1021.8,2023/01/16 08:06:00,1018.3,2023/01/16 14:34:00,11.4,12.6,2023/01/16 23:48:00,10.0,2023/01/16 06:54:00,10.6,95,89,2023/01/16 10:35:00,9.7,50,19.3,50,2023/01/16 02:44:00,1.5,9.0,0.5,2023/01/16 03:30:00,0.5,2023/01/16 03:30:00,0.0,0.0,2.09,13.2,-1.0,2,2023/01/16 11:00:00,10.0,12.2,12.2,14.8,15.6,17.5,18.2,19.7,,
2023-01-17,17,1020.4,1023.0,1022.6,2023/01/17 23:41:00,1018.0,2023/01/17 14:32:00,13.9,14.7,2023/01/17 13:15:00,12.3,2023/01/17 23:58:00,13.3,97,90,2023/01/17 03:43:00,7.8,40,15.6,40,2023/01/17 17:49:00,3.5,9.2,0.5,2023/01/17 18:41:00,1.0,2023/01/17 20:43:00,0.0,0.0,1.75,14.4,-0.3,1,2023/01/17 13:00:00,10.0,13.7,13.7,14.6,15.0,16.6,17.3,19.5,,
2023-01-18,18,1022.3,1024.9,1024.5,2023/01/18 09:25:00,1020.5,2023/01/18 15:51:00,13.1,14.6,2023/01/18 23:21:00,11.9,2023/01/18 03:51:00,11.6,91,82,2023/01/18 21:32:00,8.2,50,15.8,40,2023/01/18 22:44:00,T,4.3,T,2023/01/18 00:01:00,T,2023/01/18 00:01:00,0.0,0.0,1.84,12.4,1.6,1,2023/01/18 12:00:00,10.0,12.7,12.7,14.2,14.8,16.3,17.0,19.3,,
2023-01-19,19,1019.6,1022.2,1021.4,2023/01/19 07:07:00,1017.6,2023/01/19 15:43:00,16.2,18.8,2023/01/19 12:51:00,14.3,2023/01/19 01:25:00,13.9,86,77,2023/01/19 10:58:00,8.0,50,16.0,40,2023/01/19 11:24:00,0.0,0.0,0.0,--,0.0,--,9.2,85.7,15.37,15.2,-2.6,6,2023/01/19 13:00:00,2.4,14.7,14.7,14.7,14.9,16.2,16.6,19.0,,
2023-01-20,20,1019.9,1022.5,1021.7,2023/01/20 09:18:00,1018.3,2023/01/20 14:49:00,16.3,18.4,2023/01/20 11:44:00,15.2,2023/01/20 21:24:00,12.8,80,69,2023/01/20 11:23:00,10.8,50,21.5,50,2023/01/20 14:20:00,T,0.8,T,2023/01/20 05:07:00,T,2023/01/20 05:07:00,0.5,4.6,8.93,16.0,-3.7,5,2023/01/20 12:00:00,9.2,14.8,14.8,15.3,15.5,16.7,16.8,18.8,,
2023-01-21,21,1016.6,1019.2,1020.5,2023/01/21 09:05:00,1013.0,2023/01/21 17:56:00,16.8,20.0,2023/01/21 15:18:00,15.2,2023/01/21 04:32:00,15.8,94,82,2023/01/21 00:01:00,6.6,50,18.4,40,2023/01/21 04:12:00,0.5,3.3,0.5,2023/01/21 11:15:00,0.5,2023/01/21 11:15:00,1.4,13.0,7.59,18.2,-0.8,3,2023/01/21 14:00:00,9.2,15.5,15.5,15.4,15.6,16.7,16.8,18.7,,
2023-01-22,22,1014.8,1017.4,1017.9,2023/01/22 08:41:00,1012.6,2023/01/22 14:27:00,16.3,20.7,2023/01/22 12:34:00,14.2,2023/01/22 07:44:00,15.8,97,79,2023/01/22 12:37:00,3.4,40,10.5,30,2023/01/22 21:39:00,0.0,0.0,0.0,--,0.0,--,3.9,36.1,11.59,10.8,1.5,7,2023/01/22 13:00:00,8.8,16.2,16.2,16.3,16.4,17.3,17.1,18.6,,
2023-01-23,23,1014.1,1016.7,1017.3,2023/01/23 23:55:00,1012.3,2023/01/23 13:50:00,17.0,18.6,2023/01/23 09:17:00,15.4,2023/01/23 23:54:00,16.2,95,90,2023/01/23 11:38:00,6.5,40,15.4,20,2023/01/23 23:50:00,0.0,0.0,0.0,--,0.0,--,0.0,0.0,4.33,17.6,-1.2,3,2023/01/23 12:00:00,9.8,16.4,16.4,16.8,16.8,17.7,17.4,18.6,,
2023-01-24,24,1025.0,1027.6,1027.9,2023/01/24 09:18:00,1017.3,2023/01/24 00:01:00,10.6,15.4,2023/01/24 00:01:00,8.3,2023/01/24 23:29:00,6.8,78,58,2023/01/24 23:59:59,9.6,30,21.0,20,2023/01/24 06:44:00,2.0,6.8,0.5,2023/01/24 03:50:00,1.0,2023/01/24 05:52:00,0.8,7.4,3.58,13.2,-3.0,2,2023/01/24 11:00:00,9.2,11.3,11.3,14.6,15.3,17.0,17.3,18.7,,
2023-01-25,25,1021.2,1023.8,1026.7,2023/01/25 00:09:00,1017.5,2023/01/25 22:49:00,11.4,15.0,2023/01/25 13:42:00,7.8,2023/01/25 02:57:00,6.1,70,57,2023/01/25 13:45:00,7.7,60,19.2,40,2023/01/25 11:16:00,T,0.1,T,2023/01/25 02:13:00,T,2023/01/25 02:13:00,4.7,43.3,13.37,29.0,3.6,7,2023/01/25 13:00:00,7.8,11.0,11.0,12.4,13.1,15.1,16.2,18.7,,
2023-01-26,26,1017.8,1020.4,1019.1,2023/01/26 09:44:00,1016.1,2023/01/26 14:14:00,13.6,15.9,2023/01/26 10:19:00,11.7,2023/01/26 03:38:00,12.1,91,79,2023/01/26 09:44:00,2.6,30,9.7,360,2023/01/26 11:04:00,0.0,0.0,0.0,--,0.0,--,0.0,0.0,3.46,21.2,1.7,2,2023/01/26 11:00:00,10.0,13.3,13.3,13.6,13.9,15.3,15.8,18.4,,
2023-01-27,27,1022.0,1024.6,1024.1,2023/01/27 20:20:00,1018.5,2023/01/27 02:35:00,12.2,15.2,2023/01/27 02:08:00,9.0,2023/01/27 20:47:00,5.9,66,51,2023/01/27 15:10:00,7.5,40,17.8,30,2023/01/27 14:48:00,0.0,0.0,0.0,--,0.0,--,0.2,1.8,3.79,13.6,3.9,2,2023/01/27 12:00:00,9.2,11.9,11.9,13.6,14.1,15.5,15.9,18.2,,
2023-01-28,28,1022.8,1025.5,1025.3,2023/01/28 09:19:00,1021.3,2023/01/28 23:45:00,9.3,10.8,2023/01/28 09:28:00,8.1,2023/01/28 05:54:00,1.1,57,46,2023/01/28 09:45:00,7.2,50,16.9,40,2023/01/28 07:38:00,0.0,0.0,0.0,--,0.0,--,2.6,23.8,6.72,16.8,2.5,2,2023/01/28 13:00:00,8.0,9.6,9.6,11.5,12.3,14.3,15.3,18.1,,
2023-01-29,29,1020.5,1023.1,1021.9,2023/01/29 22:00:00,1018.8,2023/01/29 14:24:00,12.9,16.4,2023/01/29 11:12:00,10.4,2023/01/29 00:35:00,7.3,69,54,2023/01/29 09:42:00,7.3,60,17.0,40,2023/01/29 12:47:00,0.0,0.0,0.0,--,0.0,--,9.9,90.6,16.86,17.2,3.7,6,2023/01/29 13:00:00,0.2,12.0,12.0,11.9,12.4,13.9,14.7,17.8,,
2023-01-30,30,1019.9,1022.5,1022.9,2023/01/30 09:00:00,1017.2,2023/01/30 23:43:00,14.1,18.1,2023/01/30 12:24:00,10.9,2023/01/30 04:45:00,7.4,65,46,2023/01/30 10:11:00,6.3,60,15.4,40,2023/01/30 13:45:00,0.0,0.0,0.0,--,0.0,--,10.5,96.0,18.03,24.0,4.2,6,2023/01/30 13:00:00,0.0,12.9,12.9,12.9,13.1,14.4,14.8,17.6,,
2023-01-31,31,1015.6,1018.2,1017.8,2023/01/31 09:07:00,1013.2,2023/01/31 14:07:00,12.4,17.7,2023/01/31 13:28:00,6.1,2023/01/31 05:13:00,10.2,87,63,2023/01/31 09:37:00,2.1,220,5.7,270,2023/01/31 11:42:00,0.0,0.0,0.0,--,0.0,--,10.3,94.0,17.51,17.6,3.2,7,2023/01/31 13:00:00,0.0,12.8,12.8,13.0,13.4,14.7,15.0,17.4,,
2023-02-01,1,1014.6,1017.2,1016.2,2023/02/01 09:07:00,1012.9,2023/02/01 14:09:00,15.9,21.4,2023/02/01 12:14:00,8.7,2023/02/01 02:22:00,12.8,83,57,2023/02/01 10:07:00,1.8,80,11.0,30,2023/02/01 23:43:00,0.0,0.0,0.0,--,0.0,--,0.7,6.4,8.35,26.4,1.1,4,2023/02/01 14:00:00,8.0,14.5,14.5,13.9,14.1,15.2,15.2,17.3,,
2023-02-02,2,1017.8,1020.4,1019.9,2023/02/02 09:03:00,1016.1,2023/02/02 00:10:00,16.2,17.1,2023/02/02 09:30:00,15.8,2023/02/02 20:56:00,14.5,90,82,2023/02/02 14:29:00,8.4,40,17.5,40,2023/02/02 13:13:00,0.0,0.0,0.0,--,0.0,--,0.0,0.0,3.33,10.4,1.8,2,2023/02/02 12:00:00,9.8,15.0,15.0,15.1,15.1,16.0,15.7,17.3,,
2023-02-03,3,1016.6,1019.2,1018.7,2023/02/03 09:09:00,1015.5,2023/02/03 14:50:00,16.9,19.5,2023/02/03 11:50:00,15.8,2023/02/03 18:13:00,14.8,87,76,2023/02/03 11:08:00,7.5,40,16.4,40,2023/02/03 16:42:00,0.0,0.0,0.0,--,0.0,--,3.6,32.7,12.77,16.8,-3.2,7,2023/02/03 12:00:00,7.4,15.8,15.8,15.3,15.3,16.2,16.0,17.4,,
2023-02-04,4,1015.4,1018.0,1016.9,2023/02/04 10:01:00,1014.0,2023/02/04 15:45:00,17.0,19.4,2023/02/04 12:00:00,15.7,2023/02/04 06:12:00,16.3,95,80,2023/02/04 09:36:00,6.9,40,16.0,40,2023/02/04 05:01:00,T,6.1,T,2023/02/04 04:29:00,T,2023/02/04 04:29:00,0.0,0.0,5.37,18.0,-0.6,4,2023/02/04 12:00:00,10.0,16.0,16.0,15.8,15.8,16.6,16.3,17.5,,
2023-02-05,5,1014.3,1016.9,1016.5,2023/02/05 09:10:00,1011.8,2023/02/05 14:25:00,15.5,17.6,2023/02/05 00:01:00,13.9,2023/02/05 23:49:00,15.5,100,95,2023/02/05 00:01:00,5.8,40,14.5,30,2023/02/05 16:18:00,34.0,17.1,2.0,2023/02/05 18:35:00,5.5,2023/02/05 18:13:00,0.0,0.0,2.37,5.2,-0.2,2,2023/02/05 12:00:00,10.0,15.6,15.6,15.9,15.9,16.9,16.6,17.6,,
2023-02-06,6,1012.5,1015.1,1014.9,2023/02/06 00:50:00,1009.9,2023/02/06 15:02:00,15.2,17.7,2023/02/06 15:01:00,13.9,2023/02/06 00:45:00,15.1,100,96,2023/02/06 14:54:00,2.7,40,9.2,30,2023/02/06 01:01:00,23.0,9.1,3.0,2023/02/06 01:28:00,6.0,2023/02/06 01:04:00,0.4,3.6,6.71,10.4,-1.5,4,2023/02/06 14:00:00,9.6,15.3,15.3,15.4,15.5,16.5,16.4,17.3,,
2023-02-07,7,1014.3,1016.9,1015.8,2023/02/07 09:45:00,1012.1,2023/02/07 01:27:00,16.2,18.3,2023/02/07 10:59:00,15.4,2023/02/07 01:06:00,16.0,99,91,2023/02/07 11:11:00,5.5,40,15.0,50,2023/02/07 22:23:00,T,0.1,T,2023/02/07 00:23:00,T,2023/02/07 00:23:00,0.0,0.0,6.01,12.0,1.2,4,2023/02/07 12:00:00,9.8,15.7,15.7,16.0,16.0,16.9,16.5,17.2,,
2023-02-08,8,1015.4,1017.9,1016.8,2023/02/08 08:34:00,1013.9,2023/02/08 14:48:00,16.8,20.7,2023/02/08 11:53:00,15.0,2023/02/08 23:59:00,16.5,98,86,2023/02/08 11:24:00,7.6,40,17.0,40,2023/02/08 13:45:00,0.0,0.0,0.0,--,0.0,--,3.1,27.9,11.52,13.2,-1.8,7,2023/02/08 12:00:00,8.4,16.3,16.3,16.2,16.2,17.0,16.7,17.5,,
2023-02-09,9,1014.8,1017.4,1016.7,2023/02/09 01:07:00,1012.9,2023/02/09 15:49:00,14.4,15.6,2023/02/09 10:15:00,13.5,2023/02/09 15:15:00,14.4,100,100,2023/02/09 00:01:00,3.5,40,15.2,20,2023/02/09 01:09:00,0.5,3.7,0.5,2023/02/09 03:43:00,0.5,2023/02/09 03:43:00,0.0,0.0,3.32,3.5,-0.1,2,2023/02/09 12:00:00,10.0,15.3,15.3,15.9,16.1,17.1,16.9,17.6,,
2023-02-10,10,1014.4,1017.0,1016.4,2023/02/10 10:12:00,1012.8,2023/02/10 04:37:00,15.8,17.3,2023/02/10 08:50:00,14.6,2023/02/10 00:01:00,15.8,100,98,2023/02/10 09:02:00,4.9,50,16.1,60,2023/02/10 15:57:00,7.5,5.2,1.0,2023/02/10 12:09:00,3.0,2023/02/10 11:36:00,0.0,0.0,2.69,10.8,-0.1,2,2023/02/10 13:00:00,10.0,15.6,15.6,15.8,16.0,16.9,16.8,17.7,,
2023-02-11,11,1013.6,1016.2,1015.4,2023/02/11 09:56:00,1012.0,2023/02/11 03:54:00,15.6,17.0,2023/02/11 00:42:00,14.3,2023/02/11 12:07:00,15.5,100,96,2023/02/11 00:42:00,3.2,30,9.2,20,2023/02/11 05:43:00,0.0,0.0,0.0,--,0.0,--,0.2,1.8,4.53,8.6,0.1,3,2023/02/11 14:00:00,9.8,15.6,15.6,15.9,16.0,16.9,16.8,17.6,,
2023-02-12,12,1012.5,1015.1,1014.9,2023/02/12 06:48:00,1010.6,2023/02/12 16:38:00,16.9,24.5,2023/02/12 10:33:00,15.3,2023/02/12 05:55:00,16.6,99,76,2023/02/12 10:34:00,1.7,340,9.9,340,2023/02/12 11:47:00,0.0,0.0,0.0,--,0.0,--,4.4,39.3,12.21,7.1,1.7,6,2023/02/12 11:00:00,4.5,16.5,16.5,16.5,16.4,17.2,16.8,17.7,,
2023-02-13,13,1012.2,1014.8,1016.3,2023/02/13 23:45:00,1009.4,2023/02/13 13:06:00,17.8,27.3,2023/02/13 10:27:00,12.8,2023/02/13 23:59:00,17.2,97,70,2023/02/13 10:27:00,6.2,50,21.2,40,2023/02/13 22:52:00,T,3.7,T,2023/02/13 14:49:00,T,2023/02/13 14:49:00,5.8,51.7,13.42,6.9,-2.1,8,2023/02/13 13:00:00,5.4,17.3,17.3,17.1,17.0,17.7,17.2,17.7,,
2023-02-14,14,1018.9,1021.5,1021.0,2023/02/14 08:30:00,1015.9,2023/02/14 01:39:00,11.7,12.9,2023/02/14 00:01:00,11.0,2023/02/14 05:55:00,9.9,89,65,2023/02/14 23:44:00,9.6,40,19.0,40,2023/02/14 12:05:00,1.5,5.7,0.5,2023/02/14 04:18:00,0.5,2023/02/14 04:18:00,0.0,0.0,2.42,12.4,-2.7,1,2023/02/14 10:00:00,10.0,12.6,12.6,14.9,15.5,17.0,17.1,17.9,,
2023-02-15,15,1023.5,1026.2,1025.3,2023/02/15 09:45:00,1020.8,2023/02/15 00:01:00,11.7,12.8,2023/02/15 13:08:00,10.8,2023/02/15 06:43:00,6.7,71,64,2023/02/15 01:11:00,9.7,50,18.4,50,2023/02/15 21:24:00,0.0,0.0,0.0,--,0.0,--,0.2,1.8,8.94,16.8,3.2,5,2023/02/15 13:00:00,9.4,11.3,11.3,13.2,13.8,15.6,16.3,17.9,,
2023-02-16,16,1022.3,1024.9,1024.3,2023/02/16 05:56:00,1020.6,2023/02/16 17:37:00,15.2,18.6,2023/02/16 12:31:00,12.2,2023/02/16 03:18:00,9.9,71,54,2023/02/16 09:59:00,9.1,50,18.9,40,2023/02/16 14:40:00,0.0,0.0,0.0,--,0.0,--,10.5,93.0,19.84,19.2,2.5,8,2023/02/16 13:00:00,0.8,13.0,13.0,13.3,13.7,15.1,15.7,17.7,,
2023-02-17,17,1019.6,1022.2,1021.7,2023/02/17 10:10:00,1017.9,2023/02/17 22:21:00,15.5,17.9,2023/02/17 09:53:00,13.7,2023/02/17 07:01:00,14.0,91,66,2023/02/17 00:44:00,3.3,60,9.2,360,2023/02/17 11:48:00,0.0,0.0,0.0,--,0.0,--,3.6,31.8,10.52,11.2,-2.2,6,2023/02/17 11:00:00,7.6,14.9,14.9,14.7,14.7,15.8,15.8,17.5,,
2023-02-18,18,1016.5,1019.1,1018.8,2023/02/18 08:35:00,1013.8,2023/02/18 15:56:00,15.7,18.6,2023/02/18 11:13:00,14.3,2023/02/18 04:05:00,15.5,99,87,2023/02/18 11:03:00,2.8,40,7.5,40,2023/02/18 12:15:00,T,0.6,T,2023/02/18 03:01:00,T,2023/02/18 03:01:00,3.1,27.4,14.29,6.6,-1.4,9,2023/02/18 12:00:00,7.8,15.8,15.8,15.7,15.6,16.4,16.1,17.4,,
2023-02-19,19,1016.8,1019.4,1018.2,2023/02/19 20:55:00,1015.3,2023/02/19 03:08:00,15.4,18.1,2023/02/19 11:52:00,13.9,2023/02/19 03:31:00,14.1,92,75,2023/02/19 23:37:00,7.9,50,22.5,60,2023/02/19 15:46:00,T,0.2,T,2023/02/19 01:01:00,T,2023/02/19 01:01:00,1.1,9.7,7.64,4.6,4.1,5,2023/02/19 13:00:00,9.4,15.3,15.3,15.8,15.9,16.9,16.5,17.5,,
2023-02-20,20,1018.9,1021.5,1020.3,2023/02/20 23:36:00,1017.4,2023/02/20 00:51:00,14.7,16.2,2023/02/20 13:26:00,13.2,2023/02/20 06:34:00,10.2,75,67,2023/02/20 12:13:00,12.7,50,26.0,60,2023/02/20 17:52:00,0.0,0.0,0.0,--,0.0,--,7.4,65.0,17.17,16.8,-5.4,8,2023/02/20 13:00:00,6.6,13.5,13.5,14.6,15.0,16.3,16.5,17.6,,
2023-02-21,21,1022.1,1024.7,1023.3,2023/02/21 21:35:00,1019.8,2023/02/21 00:13:00,13.8,16.1,2023/02/21 10:02:00,12.1,2023/02/21 17:24:00,10.0,78,67,2023/02/21 10:08:00,12.1,50,23.9,60,2023/02/21 09:16:00,T,4.1,T,2023/02/21 02:07:00,T,2023/02/21 02:07:00,0.5,4.4,4.47,19.4,-2.4,4,2023/02/21 11:00:00,10.0,13.0,13.0,14.0,14.4,15.8,16.2,17.6,,
2023-02-22,22,1019.1,1021.7,1022.5,2023/02/22 00:01:00,1016.4,2023/02/22 23:58:00,14.9,17.2,2023/02/22 13:54:00,12.1,2023/02/22 05:23:00,13.5,92,77,2023/02/22 00:32:00,9.7,50,19.5,40,2023/02/22 12:00:00,0.5,4.8,0.5,2023/02/22 05:54:00,0.5,2023/02/22 05:54:00,0.2,1.8,7.51,16.2,-1.1,5,2023/02/22 13:00:00,10.0,14.1,14.1,14.0,14.3,15.5,15.8,17.6,,
2023-02-23,23,1015.3,1017.9,1017.0,2023/02/23 08:57:00,1013.3,2023/02/23 15:42:00,15.9,16.8,2023/02/23 01:17:00,15.0,2023/02/23 08:10:00,15.8,99,95,2023/02/23 01:17:00,7.4,40,16.1,40,2023/02/23 00:19:00,1.0,3.3,0.5,2023/02/23 05:07:00,0.5,2023/02/23 05:07:00,0.0,0.0,3.39,7.4,-0.1,2,2023/02/23 13:00:00,10.0,15.3,15.3,15.1,15.1,16.1,16.0,17.5,,
2023-02-24,24,1017.6,1020.2,1022.3,2023/02/24 23:52:00,1014.1,2023/02/24 04:05:00,14.6,15.9,2023/02/24 00:01:00,13.2,2023/02/24 19:04:00,13.7,94,82,2023/02/24 20:23:00,9.0,40,20.0,50,2023/02/24 17:47:00,T,2.6,T,2023/02/24 00:01:00,T,2023/02/24 00:01:00,0.0,0.0,3.9,8.8,-1.8,2,2023/02/24 13:00:00,10.0,14.6,14.6,15.2,15.3,16.4,16.2,17.5,,
2023-02-25,25,1025.7,1028.3,1029.3,2023/02/25 23:40:00,1022.1,2023/02/25 02:13:00,13.7,14.3,2023/02/25 08:12:00,12.7,2023/02/25 23:54:00,9.7,77,64,2023/02/25 18:48:00,11.2,50,23.5,40,2023/02/25 18:06:00,T,0.6,T,2023/02/25 00:01:00,T,2023/02/25 00:01:00,0.0,0.0,2.15,12.6,-3.0,1,2023/02/25 13:00:00,10.0,13.0,13.0,14.0,14.4,15.8,16.0,17.5,,
2023-02-26,26,1028.4,1031.1,1030.5,2023/02/26 09:22:00,1027.1,2023/02/26 23:48:00,13.0,14.2,2023/02/26 13:17:00,11.8,2023/02/26 03:58:00,7.5,69,63,2023/02/26 10:39:00,11.0,60,22.1,50,2023/02/26 00:46:00,T,0.6,T,2023/02/26 02:32:00,T,2023/02/26 02:32:00,0.0,0.0,5.53,20.0,2.3,4,2023/02/26 12:00:00,10.0,12.0,12.0,12.9,13.4,15.0,15.6,17.5,,
2023-02-27,27,1024.4,1027.0,1027.2,2023/02/27 00:23:00,1021.9,2023/02/27 23:57:00,16.7,20.4,2023/02/27 11:58:00,13.0,2023/02/27 00:35:00,10.8,69,41,2023/02/27 11:59:00,8.4,60,18.4,60,2023/02/27 14:47:00,0.0,0.0,0.0,--,0.0,--,10.9,94.8,22.35,20.0,4.9,9,2023/02/27 13:00:00,0.6,14.4,14.4,13.6,13.8,14.9,15.3,17.3,,
2023-02-28,28,1020.6,1023.2,1023.1,2023/02/28 08:36:00,1018.5,2023/02/28 15:42:00,16.3,19.9,2023/02/28 11:49:00,12.2,2023/02/28 05:40:00,15.1,93,72,2023/02/28 09:53:00,2.8,360,11.9,50,2023/02/28 00:29:00,0.0,0.0,0.0,--,0.0,--,7.1,61.4,17.99,10.8,2.3,9,2023/02/28 13:00:00,3.2,15.6,15.6,15.0,15.0,15.9,15.6,17.2,,
2023-03-01,1,1019.7,1022.3,1022.0,2023/03/01 23:06:00,1018.1,2023/03/01 15:34:00,16.3,19.0,2023/03/01 12:15:00,14.7,2023/03/01 08:36:00,15.4,94,82,2023/03/01 13:40:00,3.5,50,11.3,40,2023/03/01 20:58:00,0.0,0.0,0.0,--,0.0,--,3.6,31.1,15.31,7.7,4.3,9,2023/03/01 13:00:00,8.8,16.3,16.3,16.1,16.0,16.7,16.1,17.2,,
2023-03-02,2,1023.8,1026.4,1025.8,2023/03/02 09:15:00,1021.7,2023/03/02 00:57:00,15.5,17.7,2023/03/02 13:19:00,13.8,2023/03/02 22:36:00,9.9,70,54,2023/03/02 13:54:00,9.3,50,20.9,40,2023/03/02 13:55:00,0.0,0.0,0.0,--,0.0,--,6.3,54.3,16.72,10.0,5.4,8,2023/03/02 13:00:00,5.8,14.7,14.7,15.4,15.7,16.8,16.5,17.3,,
2023-03-03,3,1022.1,1024.7,1024.1,2023/03/03 00:01:00,1019.7,2023/03/03 15:33:00,15.8,18.6,2023/03/03 10:31:00,13.8,2023/03/03 00:19:00,11.0,74,59,2023/03/03 10:12:00,7.4,50,18.2,40,2023/03/03 11:45:00,0.0,0.0,0.0,--,0.0,--,7.8,67.0,17.39,15.2,3.4,8,2023/03/03 12:00:00,2.0,14.8,14.8,14.9,15.1,16.3,16.4,17.4,,
2023-03-04,4,1022.7,1025.3,1024.5,2023/03/04 09:52:00,1021.3,2023/03/04 02:45:00,16.1,19.2,2023/03/04 11:52:00,14.6,2023/03/04 22:55:00,12.3,79,60,2023/03/04 12:03:00,5.6,40,14.3,40,2023/03/04 15:38:00,0.0,0.0,0.0,--,0.0,--,7.0,60.0,17.86,16.8,4.8,9,2023/03/04 13:00:00,4.6,15.4,15.4,15.4,15.6,16.5,16.3,17.5,,
2023-03-05,5,1021.8,1024.4,1023.9,2023/03/05 08:29:00,1019.7,2023/03/05 15:45:00,15.9,19.7,2023/03/05 10:13:00,11.7,2023/03/05 05:43:00,10.3,70,52,2023/03/05 09:11:00,5.9,60,14.5,20,2023/03/05 13:29:00,0.0,0.0,0.0,--,0.0,--,11.1,95.0,22.97,25.0,4.8,9,2023/03/05 13:00:00,0.0,15.2,15.2,15.4,15.6,16.7,16.5,17.5,,
2023-03-06,6,1019.7,1022.3,1022.0,2023/03/06 08:52:00,1017.5,2023/03/06 16:28:00,16.9,21.1,2023/03/06 10:03:00,12.6,2023/03/06 23:35:00,9.4,62,33,2023/03/06 09:48:00,4.9,60,15.3,40,2023/03/06 15:31:00,0.0,0.0,0.0,--,0.0,--,11.2,95.6,23.53,28.0,4.8,10,2023/03/06 13:00:00,0.0,15.6,15.6,15.5,15.7,16.8,16.6,17.6,,
2023-03-07,7,1018.4,1021.0,1020.2,2023/03/07 09:21:00,1016.5,2023/03/07 16:49:00,16.2,20.7,2023/03/07 10:01:00,10.4,2023/03/07 06:02:00,12.9,82,48,2023/03/07 09:37:00,1.5,290,6.7,40,2023/03/07 15:12:00,0.0,0.0,0.0,--,0.0,--,10.7,91.2,22.3,25.0,3.1,9,2023/03/07 13:00:00,0.0,15.5,15.5,15.6,15.9,17.0,16.7,17.6,,
2023-03-08,8,1017.1,1019.6,1019.2,2023/03/08 08:32:00,1015.6,2023/03/08 15:43:00,17.3,20.9,2023/03/08 14:14:00,12.4,2023/03/08 05:59:00,14.4,83,60,2023/03/08 16:21:00,1.9,320,5.6,320,2023/03/08 11:53:00,0.0,0.0,0.0,--,0.0,--,10.4,88.4,21.01,11.6,-3.1,8,2023/03/08 13:00:00,0.0,16.5,16.5,16.4,16.5,17.5,16.9,17.7,,
2023-03-09,9,1016.0,1018.6,1017.5,2023/03/09 10:08:00,1014.6,2023/03/09 14:21:00,17.8,22.7,2023/03/09 14:32:00,15.0,2023/03/09 00:41:00,15.2,86,43,2023/03/09 13:16:00,2.9,30,8.4,30,2023/03/09 15:17:00,T,0.2,T,2023/03/09 07:06:00,T,2023/03/09 07:06:00,6.6,56.0,17.62,10.3,3.6,9,2023/03/09 13:00:00,4.2,17.4,17.4,17.1,17.2,18.0,17.3,17.8,,
2023-03-10,10,1014.5,1017.1,1016.7,2023/03/10 08:43:00,1012.2,2023/03/10 14:41:00,20.5,24.7,2023/03/10 12:56:00,15.7,2023/03/10 00:01:00,15.4,74,51,2023/03/10 17:13:00,6.1,40,17.4,40,2023/03/10 13:17:00,0.0,0.0,0.0,--,0.0,--,11.1,94.0,23.47,24.2,5.0,9,2023/03/10 13:00:00,0.2,18.5,18.5,17.7,17.7,18.4,17.7,18.0,,
2023-03-11,11,1015.3,1017.8,1016.7,2023/03/11 09:19:00,1014.1,2023/03/11 17:56:00,21.3,24.7,2023/03/11 12:11:00,17.3,2023/03/11 05:14:00,15.3,69,54,2023/03/11 09:42:00,2.5,130,7.4,110,2023/03/11 02:22:00,0.0,0.0,0.0,--,0.0,--,8.9,75.2,20.92,16.0,4.4,8,2023/03/11 13:00:00,1.6,19.3,19.3,18.4,18.3,18.9,18.1,18.1,,
2023-03-12,12,1017.2,1019.8,1023.4,2023/03/12 22:54:00,1014.2,2023/03/12 03:30:00,18.6,24.6,2023/03/12 11:47:00,12.2,2023/03/12 23:06:00,16.0,85,61,2023/03/12 12:07:00,6.1,50,20.6,50,2023/03/12 20:27:00,T,1.3,T,2023/03/12 20:31:00,T,2023/03/12 20:31:00,8.8,74.2,20.19,12.0,-5.7,8,2023/03/12 13:00:00,3.0,18.4,18.4,18.6,18.6,19.4,18.5,18.4,,
2023-03-13,13,1019.4,1022.0,1023.1,2023/03/13 00:03:00,1016.4,2023/03/13 23:25:00,14.1,15.1,2023/03/13 19:14:00,12.5,2023/03/13 00:10:00,10.5,79,73,2023/03/13 21:07:00,9.4,50,19.9,50,2023/03/13 04:27:00,0.5,3.0,0.5,2023/03/13 00:35:00,0.5,2023/03/13 00:35:00,0.2,1.7,4.56,13.6,-1.8,2,2023/03/13 13:00:00,10.0,14.3,14.3,16.2,16.8,18.4,18.5,18.6,,
2023-03-14,14,1013.9,1016.4,1016.4,2023/03/14 00:01:00,1011.4,2023/03/14 16:03:00,18.2,21.7,2023/03/14 12:59:00,14.5,2023/03/14 04:42:00,14.1,77,63,2023/03/14 10:47:00,4.4,40,12.6,40,2023/03/14 13:47:00,0.0,0.0,0.0,--,0.0,--,6.9,57.9,18.31,16.0,3.3,7,2023/03/14 11:00:00,6.0,17.1,17.1,16.6,16.7,17.9,17.8,18.7,,
2023-03-15,15,1015.1,1017.7,1017.3,2023/03/15 09:02:00,1012.9,2023/03/15 02:16:00,19.4,22.7,2023/03/15 13:05:00,15.6,2023/03/15 01:35:00,17.3,88,71,2023/03/15 15:50:00,3.0,40,8.2,40,2023/03/15 16:03:00,0.0,0.0,0.0,--,0.0,--,8.9,74.6,21.29,14.4,4.2,9,2023/03/15 12:00:00,4.4,18.7,18.7,17.9,17.9,18.6,18.1,18.6,,
2023-03-16,16,1016.3,1018.9,1018.0,2023/03/16 09:37:00,1014.8,2023/03/16 02:28:00,19.6,22.3,2023/03/16 10:19:00,18.5,2023/03/16 19:43:00,18.7,95,78,2023/03/16 10:20:00,6.6,40,16.9,50,2023/03/16 10:26:00,0.0,0.0,0.0,--,0.0,--,2.0,16.7,11.48,13.6,-2.2,6,2023/03/16 12:00:00,7.8,19.1,19.1,18.7,18.6,19.3,18.6,18.7,,
2023-03-17,17,1014.5,1017.0,1016.7,2023/03/17 00:02:00,1012.5,2023/03/17 16:11:00,19.7,21.3,2023/03/17 15:33:00,18.2,2023/03/17 23:50:00,18.7,94,82,2023/03/17 21:31:00,2.5,40,8.3,50,2023/03/17 23:24:00,T,0.2,T,2023/03/17 01:05:00,T,2023/03/17 01:05:00,2.7,22.5,11.56,12.0,2.6,5,2023/03/17 11:00:00,6.6,19.2,19.2,19.0,18.9,19.6,18.8,18.9,,
2023-03-18,18,1014.9,1017.5,1015.9,2023/03/18 09:23:00,1013.9,2023/03/18 15:11:00,17.8,20.6,2023/03/18 10:20:00,16.7,2023/03/18 18:14:00,16.1,90,77,2023/03/18 10:17:00,8.1,50,18.5,40,2023/03/18 12:19:00,0.0,0.0,0.0,--,0.0,--,0.7,5.8,9.95,16.0,3.4,6,2023/03/18 12:00:00,9.6,17.8,17.8,18.4,18.6,19.5,19.0,19.0,,
2023-03-19,19,1013.5,1016.0,1015.3,2023/03/19 07:56:00,1011.4,2023/03/19 17:16:00,18.9,21.9,2023/03/19 10:47:00,17.0,2023/03/19 01:31:00,17.8,94,80,2023/03/19 11:03:00,5.6,40,14.5,50,2023/03/19 01:24:00,0.0,0.0,0.0,--,0.0,--,0.6,5.0,10.67,13.6,-1.5,7,2023/03/19 13:00:00,9.6,18.7,18.7,18.3,18.4,19.3,18.9,19.1,,
2023-03-20,20,1009.9,1012.4,1012.4,2023/03/20 00:01:00,1007.7,2023/03/20 16:35:00,20.0,23.3,2023/03/20 13:13:00,17.6,2023/03/20 07:11:00,18.7,93,80,2023/03/20 13:13:00,2.0,30,6.4,20,2023/03/20 00:29:00,T,0.7,T,2023/03/20 05:02:00,T,2023/03/20 05:02:00,6.8,56.4,19.06,10.4,3.3,9,2023/03/20 13:00:00,7.0,19.9,19.9,19.2,19.2,19.8,19.1,19.2,,
2023-03-21,21,1006.1,1008.6,1008.6,2023/03/21 00:01:00,1003.3,2023/03/21 17:33:00,22.6,24.6,2023/03/21 11:30:00,20.6,2023/03/21 05:20:00,21.1,91,81,2023/03/21 11:31:00,5.3,230,15.0,210,2023/03/21 19:44:00,0.0,0.0,0.0,--,0.0,--,2.1,17.4,12.75,12.8,3.5,6,2023/03/21 12:00:00,9.0,21.3,21.3,20.3,20.1,20.6,19.6,19.3,,
2023-03-22,22,1004.8,1007.3,1007.1,2023/03/22 09:00:00,1002.6,2023/03/22 16:46:00,24.1,25.8,2023/03/22 12:35:00,23.1,2023/03/22 05:49:00,21.7,87,74,2023/03/22 15:30:00,7.8,230,15.5,220,2023/03/22 20:53:00,0.0,0.0,0.0,--,0.0,--,8.4,69.4,18.77,17.6,4.4,7,2023/03/22 13:00:00,5.2,22.5,22.5,21.2,20.8,21.2,20.0,19.5,,
2023-03-23,23,1007.4,1009.9,1011.2,2023/03/23 18:31:00,1004.3,2023/03/23 02:03:00,23.5,26.5,2023/03/23 10:01:00,20.3,2023/03/23 22:37:00,21.3,88,72,2023/03/23 09:35:00,5.9,230,16.3,210,2023/03/23 09:50:00,0.0,0.0,0.0,--,0.0,--,6.6,54.4,19.24,30.0,-4.0,10,2023/03/23 12:00:00,5.6,22.5,22.5,21.5,21.3,21.7,20.5,19.7,,
2023-03-24,24,1012.3,1014.8,1014.8,2023/03/24 22:40:00,1008.9,2023/03/24 03:32:00,21.0,24.5,2023/03/24 15:43:00,18.9,2023/03/24 22:53:00,19.7,93,74,2023/03/24 15:44:00,4.6,50,12.7,50,2023/03/24 21:06:00,T,1.1,T,2023/03/24 06:24:00,T,2023/03/24 06:24:00,2.4,19.7,13.14,16.0,-3.6,7,2023/03/24 13:00:00,8.0,21.0,21.0,21.1,21.0,21.7,20.7,20.0,,
2023-03-25,25,1012.9,1015.5,1015.3,2023/03/25 06:15:00,1011.1,2023/03/25 12:22:00,18.3,20.9,2023/03/25 11:08:00,16.7,2023/03/25 19:56:00,17.5,96,84,2023/03/25 08:53:00,6.4,50,17.9,30,2023/03/25 03:46:00,15.0,6.3,3.5,2023/03/25 19:32:00,6.0,2023/03/25 18:55:00,0.5,4.1,5.33,15.2,-0.4,3,2023/03/25 12:00:00,9.0,18.8,18.8,19.8,20.1,21.2,20.7,20.2,,
2023-03-26,26,1014.4,1017.0,1016.5,2023/03/26 23:16:00,1011.5,2023/03/26 04:41:00,16.2,18.6,2023/03/26 00:05:00,15.4,2023/03/26 08:58:00,14.9,93,84,2023/03/26 17:04:00,6.7,50,15.3,40,2023/03/26 23:33:00,4.0,5.7,1.0,2023/03/26 02:48:00,1.5,2023/03/26 02:16:00,0.0,0.0,2.46,12.0,-1.8,1,2023/03/26 12:00:00,10.0,16.4,16.4,18.0,18.5,19.9,20.1,20.3,,
2023-03-27,27,1015.6,1018.2,1018.0,2023/03/27 21:28:00,1014.1,2023/03/27 15:15:00,17.0,20.2,2023/03/27 10:19:00,15.0,2023/03/27 21:22:00,15.0,88,76,2023/03/27 11:20:00,8.7,50,17.3,40,2023/03/27 13:00:00,3.5,7.0,0.5,2023/03/27 16:43:00,2.0,2023/03/27 16:43:00,0.6,4.9,9.0,14.0,-1.8,6,2023/03/27 11:00:00,9.0,16.4,16.4,17.3,17.6,19.0,19.3,20.2,,
2023-03-28,28,1016.0,1018.6,1017.9,2023/03/28 09:24:00,1014.5,2023/03/28 23:58:00,17.8,19.4,2023/03/28 22:00:00,15.1,2023/03/28 00:08:00,17.0,95,88,2023/03/28 13:15:00,7.9,50,16.2,40,2023/03/28 13:17:00,0.5,1.4,0.5,2023/03/28 03:40:00,0.5,2023/03/28 03:40:00,0.1,0.8,6.21,16.8,-0.8,3,2023/03/28 12:00:00,9.2,16.9,16.9,17.1,17.3,18.7,18.9,20.1,,
2023-03-29,29,1013.1,1015.6,1014.5,2023/03/29 00:01:00,1012.1,2023/03/29 15:49:00,19.2,20.5,2023/03/29 09:21:00,18.4,2023/03/29 16:47:00,19.1,99,98,2023/03/29 00:01:00,5.3,30,13.9,50,2023/03/29 02:38:00,1.5,13.3,0.5,2023/03/29 15:46:00,0.5,2023/03/29 15:46:00,0.0,0.0,1.71,9.2,-0.1,1,2023/03/29 15:00:00,10.0,18.6,18.6,18.2,18.2,19.1,18.9,19.9,,
2023-03-30,30,1011.4,1014.0,1013.2,2023/03/30 00:01:00,1010.0,2023/03/30 14:51:00,18.0,19.1,2023/03/30 12:17:00,17.1,2023/03/30 05:34:00,17.0,94,87,2023/03/30 23:20:00,4.4,50,11.1,60,2023/03/30 22:14:00,1.5,2.3,0.5,2023/03/30 00:55:00,1.0,2023/03/30 03:32:00,0.0,0.0,4.18,13.2,-2.4,3,2023/03/30 13:00:00,10.0,17.9,17.9,18.1,18.2,19.2,19.0,19.8,,
2023-03-31,31,1012.3,1014.9,1014.1,2023/03/31 10:24:00,1010.8,2023/03/31 15:09:00,18.5,21.2,2023/03/31 10:38:00,16.9,2023/03/31 02:53:00,15.6,84,71,2023/03/31 10:41:00,5.5,50,12.2,50,2023/03/31 15:22:00,T,1.3,T,2023/03/31 00:22:00,T,2023/03/31 00:22:00,2.4,19.5,13.53,20.0,-1.3,7,2023/03/31 12:00:00,7.6,17.5,17.5,17.9,18.0,19.0,18.9,19.7,,
2023-04-01,1,1011.0,1013.6,1012.8,2023/04/01 10:00:00,1009.8,2023/04/01 15:28:00,18.2,19.0,2023/04/01 09:58:00,17.5,2023/04/01 03:13:00,17.9,98,90,2023/04/01 00:01:00,2.5,50,6.5,40,2023/04/01 09:35:00,6.0,7.2,2.0,2023/04/01 15:49:00,3.5,2023/04/01 15:41:00,0.0,0.0,2.32,8.0,-0.2,1,2023/04/01 12:00:00,10.0,18.0,18.0,18.0,18.1,19.1,18.9,19.7,,
2023-04-02,2,1011.1,1013.6,1013.3,2023/04/02 08:27:00,1009.2,2023/04/02 16:06:00,20.4,23.9,2023/04/02 12:54:00,18.1,2023/04/02 00:01:00,17.5,84,72,2023/04/02 14:46:00,5.3,50,14.3,50,2023/04/02 16:53:00,0.0,0.0,0.0,--,0.0,--,7.7,62.2,21.0,20.0,4.7,10,2023/04/02 12:00:00,5.4,18.8,18.8,18.6,18.5,19.3,18.9,19.6,,
2023-04-03,3,1010.3,1012.8,1012.0,2023/04/03 08:11:00,1008.2,2023/04/03 16:32:00,22.4,25.9,2023/04/03 13:19:00,18.7,2023/04/03 05:53:00,17.1,73,61,2023/04/03 09:59:00,3.5,60,13.6,60,2023/04/03 00:03:00,0.0,0.0,0.0,--,0.0,--,6.8,54.8,19.46,19.2,3.9,8,2023/04/03 12:00:00,4.4,19.5,19.5,19.1,19.0,19.8,19.2,19.6,,
2023-04-04,4,1009.2,1011.7,1011.4,2023/04/04 08:43:00,1007.2,2023/04/04 16:46:00,22.1,26.4,2023/04/04 12:51:00,19.9,2023/04/04 05:22:00,19.6,86,64,2023/04/04 12:41:00,2.1,360,6.1,260,2023/04/04 13:42:00,0.0,0.0,0.0,--,0.0,--,3.2,25.8,14.27,13.2,-2.4,8,2023/04/04 13:00:00,8.4,20.9,20.9,20.0,19.8,20.4,19.6,19.7,,
2023-04-05,5,1010.0,1012.5,1011.7,2023/04/05 10:12:00,1008.5,2023/04/05 15:00:00,22.4,25.4,2023/04/05 09:48:00,20.4,2023/04/05 05:43:00,20.4,89,72,2023/04/05 09:40:00,2.0,90,7.6,320,2023/04/05 13:24:00,2.0,2.9,0.5,2023/04/05 16:12:00,1.0,2023/04/05 16:12:00,3.4,27.3,14.88,14.8,-1.7,8,2023/04/05 13:00:00,8.6,21.5,21.5,20.7,20.5,21.0,20.0,19.8,,
2023-04-06,6,1009.6,1012.1,1011.0,2023/04/06 00:46:00,1007.9,2023/04/06 15:58:00,21.8,25.5,2023/04/06 09:41:00,20.8,2023/04/06 23:48:00,21.0,95,77,2023/04/06 09:54:00,1.9,60,7.3,320,2023/04/06 11:27:00,0.0,0.0,0.0,--,0.0,--,0.2,1.6,8.17,10.0,-1.5,5,2023/04/06 12:00:00,10.0,21.4,21.4,21.0,20.9,21.4,20.4,20.0,,
2023-04-07,7,1015.2,1017.8,1018.5,2023/04/07 23:19:00,1010.3,2023/04/07 00:10:00,16.9,20.9,2023/04/07 00:07:00,15.7,2023/04/07 06:11:00,14.9,88,71,2023/04/07 23:06:00,7.3,50,15.6,20,2023/04/07 02:35:00,13.5,7.5,1.5,2023/04/07 03:14:00,6.0,2023/04/07 03:14:00,0.0,0.0,4.39,14.8,-2.6,4,2023/04/07 13:00:00,10.0,17.2,17.2,19.1,19.5,20.8,20.4,20.2,,
2023-04-08,8,1018.7,1021.3,1020.7,2023/04/08 10:11:00,1017.5,2023/04/08 23:54:00,17.6,19.9,2023/04/08 11:26:00,16.1,2023/04/08 00:01:00,10.2,62,50,2023/04/08 17:04:00,8.9,60,21.6,50,2023/04/08 10:57:00,0.0,0.0,0.0,--,0.0,--,2.8,22.3,16.78,17.6,5.4,9,2023/04/08 12:00:00,7.2,15.8,15.8,17.3,17.8,19.3,19.6,20.3,,
2023-04-09,9,1015.1,1017.7,1017.6,2023/04/09 09:03:00,1012.5,2023/04/09 16:33:00,19.5,23.2,2023/04/09 13:48:00,16.5,2023/04/09 00:01:00,12.4,63,55,2023/04/09 12:09:00,5.2,60,16.0,60,2023/04/09 01:10:00,0.0,0.0,0.0,--,0.0,--,4.6,36.6,18.44,20.0,4.6,8,2023/04/09 12:00:00,6.0,17.3,17.3,17.3,17.5,18.8,19.1,20.2,,
2023-04-10,10,1012.8,1015.3,1015.2,2023/04/10 09:00:00,1010.8,2023/04/10 17:00:00,20.2,22.9,2023/04/10 13:06:00,16.5,2023/04/10 01:08:00,18.0,87,78,2023/04/10 11:41:00,2.1,210,6.6,340,2023/04/10 12:05:00,0.0,0.0,0.0,--,0.0,--,6.9,55.0,21.07,11.6,3.5,11,2023/04/10 12:00:00,2.6,19.2,19.2,18.7,18.7,19.5,19.2,20.0,,
2023-04-11,11,1011.0,1013.5,1012.7,2023/04/11 08:02:00,1008.7,2023/04/11 16:47:00,22.2,25.5,2023/04/11 14:44:00,18.9,2023/04/11 06:04:00,19.7,86,72,2023/04/11 09:33:00,2.2,240,6.9,230,2023/04/11 10:47:00,0.0,0.0,0.0,--,0.0,--,9.3,73.8,21.94,14.4,4.3,10,2023/04/11 12:00:00,2.2,20.8,20.8,20.0,19.9,20.4,19.6,20.0,,
2023-04-12,12,1010.9,1013.4,1012.9,2023/04/12 08:41:00,1009.2,2023/04/12 15:01:00,21.8,24.9,2023/04/12 12:16:00,19.7,2023/04/12 06:12:00,20.3,92,79,2023/04/12 08:23:00,6.1,50,20.0,70,2023/04/12 15:54:00,0.0,0.0,0.0,--,0.0,--,5.3,42.0,18.89,14.4,4.6,9,2023/04/12 12:00:00,4.4,20.9,20.9,20.5,20.4,21.0,20.1,20.1,,
2023-04-13,13,1009.9,1012.4,1011.7,2023/04/13 07:59:00,1007.8,2023/04/13 15:35:00,22.4,26.0,2023/04/13 11:00:00,20.5,2023/04/13 21:41:00,21.7,96,85,2023/04/13 10:56:00,3.9,50,12.4,60,2023/04/13 00:11:00,0.0,0.0,0.0,--,0.0,--,5.0,39.5,18.8,9.2,4.7,9,2023/04/13 12:00:00,6.4,22.0,22.0,21.1,20.9,21.4,20.5,20.2,,
2023-04-14,14,1007.6,1010.1,1010.4,2023/04/14 08:02:00,1004.8,2023/04/14 14:55:00,22.9,27.1,2023/04/14 13:42:00,20.4,2023/04/14 06:05:00,21.3,91,73,2023/04/14 13:34:00,2.3,240,6.7,280,2023/04/14 15:40:00,0.0,0.0,0.0,--,0.0,--,7.6,60.0,20.38,10.0,-3.5,10,2023/04/14 13:00:00,4.2,22.4,22.4,21.7,21.5,21.9,20.9,20.4,,
2023-04-15,15,1006.5,1009.0,1008.6,2023/04/15 10:16:00,1004.5,2023/04/15 03:44:00,22.4,24.5,2023/04/15 04:07:00,19.2,2023/04/15 23:04:00,20.1,87,66,2023/04/15 20:32:00,3.3,80,9.2,250,2023/04/15 04:12:00,0.5,1.4,0.5,2023/04/15 10:37:00,0.5,2023/04/15 10:37:00,0.9,7.1,6.8,12.0,-2.2,4,2023/04/15 15:00:00,9.2,21.7,21.7,21.8,21.7,22.3,21.3,20.6,,
2023-04-16,16,1007.1,1009.6,1008.6,2023/04/16 09:19:00,1005.6,2023/04/16 01:21:00,22.9,27.6,2023/04/16 15:43:00,16.7,2023/04/16 05:01:00,18.9,79,53,2023/04/16 15:14:00,2.3,240,6.2,240,2023/04/16 12:22:00,0.0,0.0,0.0,--,0.0,--,11.2,88.3,25.84,15.2,3.7,10,2023/04/16 12:00:00,0.0,21.3,21.3,21.0,21.0,21.8,21.2,20.8,,
2023-04-17,17,1010.7,1013.2,1012.6,2023/04/17 09:21:00,1008.0,2023/04/17 02:07:00,23.8,26.8,2023/04/17 12:51:00,19.8,2023/04/17 02:17:00,21.3,86,70,2023/04/17 04:29:00,2.4,170,6.8,240,2023/04/17 08:26:00,0.0,0.0,0.0,--,0.0,--,10.1,79.2,24.59,10.8,4.1,9,2023/04/17 13:00:00,0.6,22.5,22.5,21.7,21.6,22.2,21.3,20.9,,
2023-04-18,18,1009.0,1011.5,1011.7,2023/04/18 00:01:00,1005.7,2023/04/18 23:59:00,24.7,28.5,2023/04/18 13:48:00,21.5,2023/04/18 01:50:00,22.3,87,61,2023/04/18 13:55:00,1.6,40,5.3,340,2023/04/18 11:56:00,0.0,0.0,0.0,--,0.0,--,5.4,42.3,16.37,11.2,-3.2,8,2023/04/18 13:00:00,7.6,23.1,23.1,22.3,22.2,22.7,21.6,21.0,,
2023-04-19,19,1002.7,1005.2,1005.8,2023/04/19 00:15:00,1000.6,2023/04/19 15:25:00,24.7,28.4,2023/04/19 09:35:00,21.6,2023/04/19 18:40:00,23.0,91,75,2023/04/19 09:01:00,6.1,230,23.7,290,2023/04/19 13:47:00,63.0,8.6,9.0,2023/04/19 22:27:00,17.5,2023/04/19 21:47:00,2.2,17.2,7.46,9.6,/,4,2023/04/19 10:00:00,9.6,23.3,23.3,22.7,22.4,23.0,21.9,21.2,,
2023-04-20,20,1002.8,1005.3,1005.9,2023/04/20 23:06:00,1000.4,2023/04/20 02:47:00,22.3,23.6,2023/04/20 10:07:00,21.2,2023/04/20 23:47:00,21.7,96,92,2023/04/20 12:42:00,4.1,50,19.5,250,2023/04/20 02:35:00,67.5,3.5,10.0,2023/04/20 02:13:00,36.0,2023/04/20 01:35:00,0.0,0.0,6.45,14.4,-1.5,4,2023/04/20 11:00:00,9.6,22.0,22.0,22.0,22.0,22.7,21.9,21.7,,
2023-04-21,21,1007.8,1010.3,1010.2,2023/04/21 22:13:00,1004.5,2023/04/21 02:56:00,21.4,23.4,2023/04/21 14:34:00,20.2,2023/04/21 02:21:00,19.7,90,82,2023/04/21 10:36:00,4.8,60,11.5,40,2023/04/21 15:25:00,2.5,1.3,1.0,2023/04/21 01:43:00,2.5,2023/04/21 01:43:00,0.8,6.2,10.19,17.6,2.2,4,2023/04/21 14:00:00,9.2,21.1,21.1,21.4,21.5,22.4,21.9,21.7,,
2023-04-22,22,1010.5,1013.0,1012.5,2023/04/22 22:12:00,1008.6,2023/04/22 02:29:00,20.7,22.3,2023/04/22 12:40:00,19.5,2023/04/22 23:36:00,18.2,85,80,2023/04/22 07:42:00,5.4,60,12.6,60,2023/04/22 05:05:00,T,0.4,T,2023/04/22 09:45:00,T,2023/04/22 09:45:00,0.3,2.3,9.05,12.8,-3.2,5,2023/04/22 14:00:00,9.6,20.2,20.2,20.7,20.9,22.0,21.7,21.7,,
2023-04-23,23,1011.9,1014.4,1013.4,2023/04/23 07:49:00,1010.9,2023/04/23 01:59:00,22.2,24.8,2023/04/23 12:13:00,19.5,2023/04/23 01:47:00,20.3,89,82,2023/04/23 09:57:00,4.6,50,12.7,40,2023/04/23 17:32:00,0.0,0.0,0.0,--,0.0,--,5.1,39.6,19.44,12.0,-2.2,9,2023/04/23 12:00:00,8.0,21.3,21.3,21.1,21.1,21.9,21.5,21.7,,
2023-04-24,24,1012.8,1015.3,1014.3,2023/04/24 09:39:00,1011.3,2023/04/24 02:12:00,20.7,22.3,2023/04/24 00:06:00,19.6,2023/04/24 22:38:00,19.5,93,85,2023/04/24 19:15:00,5.2,50,12.2,30,2023/04/24 23:51:00,0.5,3.9,0.5,2023/04/24 02:15:00,0.5,2023/04/24 02:15:00,0.0,0.0,3.21,12.0,-3.6,2,2023/04/24 13:00:00,10.0,20.8,20.8,21.2,21.2,22.1,21.6,21.7,,
2023-04-25,25,1011.6,1014.1,1012.8,2023/04/25 00:01:00,1010.2,2023/04/25 14:44:00,19.8,21.8,2023/04/25 11:09:00,18.8,2023/04/25 17:34:00,18.0,90,82,2023/04/25 10:13:00,4.7,50,11.7,40,2023/04/25 00:11:00,1.5,1.7,0.5,2023/04/25 17:06:00,1.5,2023/04/25 17:06:00,0.0,0.0,5.88,15.2,-0.3,4,2023/04/25 11:00:00,9.6,19.9,19.9,20.4,20.5,21.6,21.4,21.7,,
2023-04-26,26,1013.1,1015.7,1014.7,2023/04/26 10:11:00,1011.5,2023/04/26 02:32:00,18.6,20.0,2023/04/26 15:14:00,17.6,2023/04/26 04:49:00,15.9,84,70,2023/04/26 18:15:00,6.7,60,14.0,50,2023/04/26 22:55:00,4.5,8.8,1.0,2023/04/26 08:05:00,2.0,2023/04/26 08:05:00,0.1,0.8,5.58,14.4,-2.2,3,2023/04/26 14:00:00,9.0,18.5,18.5,19.6,19.9,21.2,21.1,21.6,,
2023-04-27,27,1013.2,1015.7,1015.1,2023/04/27 09:52:00,1012.1,2023/04/27 03:33:00,21.6,24.9,2023/04/27 11:40:00,18.7,2023/04/27 01:30:00,18.7,84,69,2023/04/27 10:44:00,4.8,60,14.6,60,2023/04/27 00:03:00,0.0,0.0,0.0,--,0.0,--,5.2,40.2,20.11,15.2,3.8,10,2023/04/27 13:00:00,6.6,20.1,20.1,19.8,19.8,20.8,20.7,21.5,,
2023-04-28,28,1011.7,1014.2,1013.6,2023/04/28 07:45:00,1009.7,2023/04/28 16:39:00,22.5,25.8,2023/04/28 09:53:00,19.8,2023/04/28 00:58:00,21.3,93,84,2023/04/28 14:18:00,2.4,120,8.9,350,2023/04/28 11:16:00,0.0,0.0,0.0,--,0.0,--,6.5,50.0,20.81,10.0,3.5,7,2023/04/28 14:00:00,5.8,21.9,21.9,21.1,20.9,21.5,20.9,21.4,,
2023-04-29,29,1009.0,1011.5,1010.5,2023/04/29 08:32:00,1007.1,2023/04/29 14:53:00,24.4,28.6,2023/04/29 13:11:00,20.7,2023/04/29 01:30:00,21.8,86,64,2023/04/29 12:33:00,3.0,260,12.3,40,2023/04/29 23:10:00,0.0,0.0,0.0,--,0.0,--,9.2,70.7,25.1,12.0,-7.2,11,2023/04/29 12:00:00,3.4,22.9,22.9,21.9,21.7,22.2,21.3,21.3,,
2023-04-30,30,1011.1,1013.6,1013.6,2023/04/30 21:32:00,1008.5,2023/04/30 03:31:00,20.1,22.1,2023/04/30 12:00:00,19.4,2023/04/30 09:57:00,17.5,85,75,2023/04/30 11:32:00,7.2,50,16.2,40,2023/04/30 09:03:00,T,0.2,T,2023/04/30 01:21:00,T,2023/04/30 01:21:00,0.2,1.5,9.24,12.0,-2.9,8,2023/04/30 12:00:00,10.0,20.2,20.2,21.4,21.5,22.4,21.6,21.4,,
2023-05-01,1,1012.5,1015.0,1013.6,2023/05/01 09:12:00,1011.2,2023/05/01 03:48:00,21.8,24.4,2023/05/01 12:04:00,19.2,2023/05/01 03:55:00,15.8,69,59,2023/05/01 08:24:00,6.7,60,18.5,40,2023/05/01 12:45:00,T,0.1,T,2023/05/01 03:50:00,T,2023/05/01 03:50:00,9.7,74.3,25.06,24.0,4.7,11,2023/05/01 12:00:00,5.2,20.1,20.1,20.6,20.7,21.7,21.4,21.5,,
2023-05-02,2,1013.1,1015.6,1014.4,2023/05/02 09:07:00,1011.9,2023/05/02 02:28:00,24.0,27.1,2023/05/02 12:21:00,19.5,2023/05/02 01:27:00,21.5,86,67,2023/05/02 08:33:00,1.7,300,6.8,330,2023/05/02 13:53:00,0.0,0.0,0.0,--,0.0,--,9.9,75.9,24.27,15.6,4.0,10,2023/05/02 12:00:00,4.4,22.5,22.5,21.5,21.4,22.1,21.4,21.5,,
2023-05-03,3,1011.6,1014.1,1013.3,2023/05/03 07:46:00,1010.0,2023/05/03 16:23:00,23.8,26.1,2023/05/03 09:53:00,22.4,2023/05/03 02:55:00,23.0,95,86,2023/05/03 09:49:00,1.8,220,5.8,290,2023/05/03 12:09:00,0.0,0.0,0.0,--,0.0,--,3.7,28.2,16.79,12.4,2.9,9,2023/05/03 12:00:00,8.2,23.2,23.2,22.6,22.4,22.9,21.8,21.6,,
2023-05-04,4,1007.7,1010.2,1010.5,2023/05/04 00:01:00,1005.7,2023/05/04 23:34:00,25.2,27.9,2023/05/04 14:04:00,22.4,2023/05/04 05:02:00,23.1,89,72,2023/05/04 10:04:00,1.8,330,6.9,330,2023/05/04 14:34:00,0.0,0.0,0.0,--,0.0,--,9.3,71.1,26.4,22.2,5.3,12,2023/05/04 12:00:00,4.0,24.1,24.1,23.1,22.9,23.3,22.2,21.7,,
2023-05-05,5,1003.5,1005.9,1005.8,2023/05/05 00:04:00,1001.0,2023/05/05 18:07:00,26.9,30.0,2023/05/05 10:26:00,24.2,2023/05/05 05:23:00,24.4,87,71,2023/05/05 09:19:00,4.2,220,15.9,250,2023/05/05 14:14:00,0.0,0.0,0.0,--,0.0,--,9.3,70.8,24.5,23.0,4.3,11,2023/05/05 13:00:00,5.8,25.0,25.0,23.9,23.6,23.9,22.6,21.9,,
2023-05-06,6,1002.5,1005.0,1004.7,2023/05/06 20:48:00,1000.0,2023/05/06 16:40:00,26.5,29.4,2023/05/06 12:25:00,23.7,2023/05/06 23:00:00,24.5,89,74,2023/05/06 13:21:00,4.9,220,15.7,210,2023/05/06 23:00:00,2.0,2.7,0.5,2023/05/06 20:57:00,1.0,2023/05/06 20:57:00,3.5,26.6,18.6,22.4,-2.4,12,2023/05/06 13:00:00,7.6,25.0,25.0,24.4,24.0,24.4,23.1,22.1,,
2023-05-07,7,1004.5,1007.0,1009.4,2023/05/07 22:20:00,999.4,2023/05/07 03:24:00,22.8,27.5,2023/05/07 10:18:00,18.4,2023/05/07 21:28:00,21.0,90,70,2023/05/07 05:18:00,6.1,220,17.0,210,2023/05/07 01:46:00,27.5,12.0,4.0,2023/05/07 13:33:00,12.0,2023/05/07 12:53:00,0.1,0.8,5.31,19.6,-0.2,6,2023/05/07 11:00:00,10.0,22.7,22.7,23.3,23.4,24.2,23.3,22.3,,
2023-05-08,8,1010.6,1013.2,1013.0,2023/05/08 21:25:00,1007.7,2023/05/08 02:38:00,19.5,21.3,2023/05/08 11:22:00,18.1,2023/05/08 03:30:00,18.3,93,83,2023/05/08 21:01:00,5.4,60,13.9,50,2023/05/08 02:44:00,39.5,15.1,3.5,2023/05/08 02:25:00,16.0,2023/05/08 02:19:00,0.0,0.0,5.35,15.6,-1.1,4,2023/05/08 12:00:00,9.6,20.1,20.1,21.2,21.4,22.7,22.4,22.6,,
2023-05-09,9,1012.2,1014.7,1013.4,2023/05/09 09:23:00,1010.8,2023/05/09 16:58:00,20.4,22.2,2023/05/09 11:06:00,19.3,2023/05/09 03:03:00,15.3,73,63,2023/05/09 10:22:00,6.5,60,15.0,50,2023/05/09 11:10:00,0.0,0.0,0.0,--,0.0,--,0.0,0.0,12.64,16.0,5.5,7,2023/05/09 12:00:00,7.8,19.3,19.3,20.6,20.9,22.1,22.0,22.4,,
2023-05-10,10,1012.1,1014.6,1013.3,2023/05/10 08:09:00,1010.7,2023/05/10 16:35:00,22.0,25.3,2023/05/10 12:51:00,19.7,2023/05/10 04:35:00,16.4,71,55,2023/05/10 11:52:00,6.0,50,13.3,50,2023/05/10 11:52:00,0.0,0.0,0.0,--,0.0,--,9.5,71.8,25.74,16.0,-6.4,12,2023/05/10 12:00:00,3.8,20.2,20.2,20.8,20.8,21.8,21.7,22.3,,
2023-05-11,11,1012.2,1014.7,1013.7,2023/05/11 08:49:00,1011.2,2023/05/11 02:35:00,23.4,26.8,2023/05/11 12:10:00,20.5,2023/05/11 01:22:00,20.4,84,71,2023/05/11 12:10:00,4.2,40,12.3,40,2023/05/11 15:12:00,T,0.8,T,2023/05/11 06:01:00,T,2023/05/11 06:01:00,1.8,13.6,16.42,12.8,-4.4,11,2023/05/11 13:00:00,8.6,22.2,22.2,21.8,21.6,22.4,21.9,22.2,,
2023-05-12,12,1012.0,1014.5,1013.2,2023/05/12 10:06:00,1010.5,2023/05/12 16:06:00,23.1,25.7,2023/05/12 12:34:00,20.8,2023/05/12 03:34:00,21.6,91,83,2023/05/12 14:30:00,2.5,350,8.5,330,2023/05/12 13:50:00,T,1.2,T,2023/05/12 08:21:00,T,2023/05/12 08:21:00,0.1,0.8,9.11,10.8,-2.2,7,2023/05/12 13:00:00,10.0,22.5,22.5,22.3,22.2,22.9,22.2,22.2,,
2023-05-13,13,1011.1,1013.6,1012.9,2023/05/13 08:16:00,1009.4,2023/05/13 16:57:00,22.9,24.8,2023/05/13 13:22:00,21.7,2023/05/13 23:22:00,19.9,83,71,2023/05/13 14:50:00,2.6,50,7.5,50,2023/05/13 15:57:00,T,0.1,T,2023/05/13 02:32:00,T,2023/05/13 02:32:00,0.0,0.0,6.58,16.0,2.6,4,2023/05/13 14:00:00,10.0,22.2,22.2,22.4,22.3,23.1,22.4,22.3,,
2023-05-14,14,1008.7,1011.2,1010.4,2023/05/14 08:10:00,1007.1,2023/05/14 17:18:00,23.1,26.0,2023/05/14 12:51:00,21.1,2023/05/14 04:44:00,19.2,79,57,2023/05/14 10:31:00,2.1,50,6.5,40,2023/05/14 14:12:00,T,1.4,T,2023/05/14 12:16:00,T,2023/05/14 12:16:00,0.0,0.0,7.78,16.0,-2.1,4,2023/05/14 11:00:00,10.0,22.1,22.1,22.2,22.1,23.0,22.4,22.4,,
2023-05-15,15,1008.2,1010.7,1009.5,2023/05/15 08:23:00,1006.8,2023/05/15 15:40:00,23.9,27.9,2023/05/15 13:05:00,21.1,2023/05/15 03:41:00,19.4,77,54,2023/05/15 17:11:00,1.9,320,5.4,340,2023/05/15 12:28:00,0.0,0.0,0.0,--,0.0,--,3.6,27.0,17.3,12.8,4.2,9,2023/05/15 13:00:00,9.2,22.9,22.9,22.7,22.5,23.2,22.5,22.4,,
2023-05-16,16,1007.8,1010.3,1009.3,2023/05/16 08:37:00,1006.5,2023/05/16 15:46:00,24.3,27.6,2023/05/16 11:08:00,20.9,2023/05/16 05:21:00,21.2,83,58,2023/05/16 11:10:00,2.1,320,7.4,330,2023/05/16 14:09:00,0.0,0.0,0.0,--,0.0,--,10.7,80.2,25.59,12.8,6.1,11,2023/05/16 12:00:00,6.8,23.8,23.8,23.4,23.2,23.8,22.8,22.4,,
2023-05-17,17,1006.5,1009.0,1008.2,2023/05/17 08:19:00,1004.7,2023/05/17 23:59:00,26.5,30.6,2023/05/17 12:01:00,22.0,2023/05/17 05:20:00,21.4,75,47,2023/05/17 10:56:00,2.4,220,9.5,220,2023/05/17 22:21:00,0.0,0.0,0.0,--,0.0,--,8.0,59.9,24.4,17.6,-6.7,11,2023/05/17 12:00:00,3.6,24.8,24.8,24.2,24.0,24.5,23.3,22.6,,
2023-05-18,18,1003.7,1006.2,1006.0,2023/05/18 23:41:00,1002.1,2023/05/18 15:43:00,28.1,30.6,2023/05/18 11:47:00,25.2,2023/05/18 04:35:00,25.2,85,74,2023/05/18 08:17:00,8.0,230,21.7,220,2023/05/18 08:17:00,16.5,1.6,9.0,2023/05/18 23:38:00,16.5,2023/05/18 23:23:00,9.3,69.5,25.27,20.4,/,11,2023/05/18 12:00:00,4.2,26.1,26.1,25.2,24.8,25.2,23.9,22.7,,
2023-05-19,19,1006.9,1009.4,1009.1,2023/05/19 22:21:00,1003.9,2023/05/19 01:48:00,23.7,26.5,2023/05/19 13:55:00,22.1,2023/05/19 08:38:00,23.0,96,85,2023/05/19 13:45:00,3.2,80,12.7,240,2023/05/19 02:20:00,205.5,10.2,22.5,2023/05/19 01:40:00,69.0,2023/05/19 00:56:00,0.5,3.7,4.82,11.4,-0.2,5,2023/05/19 14:00:00,9.6,23.6,23.6,24.1,24.2,25.1,24.3,23.2,,
2023-05-20,20,1008.0,1010.5,1009.1,2023/05/20 22:07:00,1006.8,2023/05/20 03:49:00,24.1,26.8,2023/05/20 16:29:00,22.5,2023/05/20 07:35:00,23.4,96,87,2023/05/20 16:40:00,1.7,80,5.5,90,2023/05/20 09:12:00,22.0,3.3,5.0,2023/05/20 10:35:00,12.5,2023/05/20 09:46:00,0.5,3.7,6.33,11.2,-0.4,5,2023/05/20 14:00:00,9.8,23.8,23.8,23.6,23.6,24.5,23.9,23.3,,
2023-05-21,21,1007.1,1009.6,1009.0,2023/05/21 08:58:00,1005.5,2023/05/21 16:31:00,26.6,29.0,2023/05/21 13:03:00,24.3,2023/05/21 00:09:00,25.5,94,85,2023/05/21 14:59:00,4.4,240,12.1,230,2023/05/21 14:49:00,1.0,1.2,0.5,2023/05/21 09:07:00,1.0,2023/05/21 09:07:00,2.9,21.6,13.87,12.2,-3.3,7,2023/05/21 13:00:00,8.4,25.3,25.3,24.5,24.2,24.7,23.9,23.4,,
2023-05-22,22,1004.6,1007.1,1009.0,2023/05/22 23:28:00,1002.8,2023/05/22 15:35:00,26.9,30.1,2023/05/22 13:53:00,20.3,2023/05/22 23:39:00,24.4,86,76,2023/05/22 09:39:00,8.5,230,19.2,50,2023/05/22 21:20:00,48.0,4.1,12.0,2023/05/22 18:57:00,18.0,2023/05/22 18:54:00,3.6,26.9,17.43,34.0,-0.2,11,2023/05/22 13:00:00,8.8,25.7,25.7,25.1,24.8,25.3,24.2,23.4,,
2023-05-23,23,1009.3,1011.8,1010.5,2023/05/23 21:33:00,1007.2,2023/05/23 01:56:00,21.7,24.4,2023/05/23 14:34:00,20.1,2023/05/23 01:11:00,18.3,82,69,2023/05/23 14:15:00,6.1,60,13.3,50,2023/05/23 16:08:00,2.0,1.5,1.0,2023/05/23 00:07:00,1.0,2023/05/23 00:02:00,1.5,11.2,14.63,12.0,4.4,7,2023/05/23 13:00:00,9.6,21.3,21.3,23.0,23.4,24.6,23.9,23.6,,
2023-05-24,24,1008.8,1011.3,1010.5,2023/05/24 22:22:00,1008.0,2023/05/24 15:56:00,23.3,26.3,2023/05/24 14:01:00,20.5,2023/05/24 01:55:00,20.3,84,69,2023/05/24 11:11:00,2.1,300,9.2,60,2023/05/24 00:10:00,2.0,1.9,0.5,2023/05/24 17:06:00,1.5,2023/05/24 17:06:00,2.2,16.3,15.65,16.4,-3.5,8,2023/05/24 11:00:00,7.6,22.9,22.9,22.8,22.9,23.8,23.4,23.6,,
2023-05-25,25,1010.7,1013.2,1012.0,2023/05/25 07:43:00,1009.1,2023/05/25 17:09:00,25.3,28.3,2023/05/25 13:31:00,22.7,2023/05/25 00:44:00,23.6,90,74,2023/05/25 16:21:00,1.8,60,6.6,350,2023/05/25 11:50:00,0.5,0.2,0.5,2023/05/25 00:14:00,0.5,2023/05/25 00:14:00,7.2,53.4,20.88,12.8,3.8,10,2023/05/25 12:00:00,6.8,24.7,24.7,24.2,24.0,24.5,23.7,23.5,,
2023-05-26,26,1010.4,1012.9,1012.5,2023/05/26 09:43:00,1009.0,2023/05/26 23:50:00,26.0,28.4,2023/05/26 12:08:00,23.1,2023/05/26 05:19:00,24.5,92,83,2023/05/26 12:09:00,2.2,40,6.8,50,2023/05/26 17:07:00,0.0,0.0,0.0,--,0.0,--,9.6,71.3,24.48,10.8,5.7,12,2023/05/26 12:00:00,6.6,25.9,25.9,25.3,25.1,25.5,24.2,23.6,,
2023-05-27,27,1008.3,1010.8,1009.9,2023/05/27 08:26:00,1006.9,2023/05/27 16:08:00,26.9,30.7,2023/05/27 15:11:00,23.0,2023/05/27 23:57:00,23.0,80,58,2023/05/27 16:54:00,3.0,40,9.2,50,2023/05/27 15:47:00,0.0,0.0,0.0,--,0.0,--,10.9,80.7,27.34,15.2,8.3,12,2023/05/27 12:00:00,3.6,26.0,26.0,25.9,25.7,26.1,24.8,23.7,,
2023-05-28,28,1006.1,1008.6,1008.2,2023/05/28 08:24:00,1003.8,2023/05/28 16:01:00,27.6,32.4,2023/05/28 16:39:00,22.4,2023/05/28 01:41:00,22.7,75,61,2023/05/28 16:40:00,3.3,70,11.3,60,2023/05/28 23:07:00,0.0,0.0,0.0,--,0.0,--,12.5,92.5,28.1,20.4,5.9,12,2023/05/28 12:00:00,2.6,25.8,25.8,25.7,25.6,26.2,25.1,23.9,,
2023-05-29,29,1003.2,1005.7,1004.8,2023/05/29 00:03:00,1001.1,2023/05/29 14:28:00,28.5,33.1,2023/05/29 12:28:00,25.8,2023/05/29 05:18:00,24.9,81,61,2023/05/29 12:18:00,6.6,50,18.2,60,2023/05/29 16:09:00,0.0,0.0,0.0,--,0.0,--,13.0,96.1,29.29,38.0,7.8,13,2023/05/29 12:00:00,3.4,26.4,26.4,26.4,26.2,26.7,25.5,24.2,,
2023-05-30,30,1000.9,1003.3,1003.2,2023/05/30 00:01:00,998.7,2023/05/30 17:00:00,27.2,29.3,2023/05/30 09:44:00,25.9,2023/05/30 03:13:00,25.9,93,84,2023/05/30 09:45:00,8.5,50,18.9,50,2023/05/30 11:21:00,T,0.2,T,2023/05/30 22:08:00,T,2023/05/30 22:08:00,6.6,48.8,23.72,21.6,-3.6,11,2023/05/30 12:00:00,4.8,26.5,26.5,26.4,26.3,26.8,25.7,24.4,,
2023-05-31,31,998.3,1000.8,999.7,2023/05/31 20:51:00,997.1,2023/05/31 16:26:00,26.5,27.5,2023/05/31 09:46:00,23.9,2023/05/31 21:08:00,25.5,94,88,2023/05/31 20:33:00,8.9,40,19.2,50,2023/05/31 13:28:00,T,1.3,T,2023/05/31 00:18:00,T,2023/05/31 00:18:00,0.1,0.7,9.2,11.6,-2.8,5,2023/05/31 13:00:00,9.8,25.8,25.8,26.1,26.0,26.7,25.8,24.6,,
2023-06-01,1,998.8,1001.3,1001.4,2023/06/01 22:28:00,997.0,2023/06/01 04:06:00,26.9,28.8,2023/06/01 10:51:00,25.9,2023/06/01 00:01:00,25.0,89,80,2023/06/01 17:27:00,4.6,20,16.2,10,2023/06/01 08:05:00,T,0.1,T,2023/06/01 08:06:00,T,2023/06/01 08:06:00,3.2,23.6,16.55,16.8,-3.4,10,2023/06/01 12:00:00,7.2,26.0,26.0,26.0,25.9,26.5,25.7,24.7,,
2023-06-02,2,1003.0,1005.5,1006.2,2023/06/02 21:44:00,1000.2,2023/06/02 03:08:00,27.8,30.5,2023/06/02 12:12:00,25.1,2023/06/02 03:13:00,25.5,88,73,2023/06/02 11:58:00,3.4,240,10.7,240,2023/06/02 10:25:00,T,0.2,T,2023/06/02 00:40:00,T,2023/06/02 00:40:00,10.6,78.1,26.69,13.6,6.2,12,2023/06/02 12:00:00,3.4,27.3,27.3,26.6,26.4,26.8,25.8,24.8,,
2023-06-03,3,1006.6,1009.0,1008.1,2023/06/03 21:57:00,1005.0,2023/06/03 01:48:00,28.5,32.6,2023/06/03 15:37:00,25.8,2023/06/03 03:41:00,25.8,86,67,2023/06/03 17:08:00,2.2,50,10.1,50,2023/06/03 12:15:00,0.0,0.0,0.0,--,0.0,--,7.9,58.2,23.01,13.0,6.5,11,2023/06/03 13:00:00,7.2,27.6,27.6,27.2,26.9,27.4,26.2,24.9,,
2023-06-04,4,1007.4,1009.9,1008.6,2023/06/04 08:43:00,1006.0,2023/06/04 16:28:00,28.1,30.3,2023/06/04 12:44:00,26.7,2023/06/04 02:38:00,25.8,88,77,2023/06/04 12:04:00,2.7,260,7.7,240,2023/06/04 10:35:00,0.0,0.0,0.0,--,0.0,--,7.9,58.2,24.41,17.6,-4.5,11,2023/06/04 13:00:00,6.8,28.0,28.0,27.6,27.4,27.8,26.5,25.1,,
2023-06-05,5,1007.0,1009.4,1008.2,2023/06/05 22:21:00,1005.5,2023/06/05 16:07:00,28.1,30.4,2023/06/05 11:55:00,25.5,2023/06/05 02:21:00,25.1,84,73,2023/06/05 14:06:00,2.9,270,7.1,160,2023/06/05 01:48:00,T,0.4,T,2023/06/05 01:30:00,T,2023/06/05 01:30:00,9.2,67.7,25.79,17.2,7.2,12,2023/06/05 12:00:00,5.4,28.0,28.0,27.6,27.5,28.0,26.7,25.2,,
2023-06-06,6,1006.7,1009.2,1008.6,2023/06/06 22:53:00,1005.1,2023/06/06 16:20:00,28.1,30.3,2023/06/06 12:28:00,25.9,2023/06/06 03:57:00,25.3,85,75,2023/06/06 09:23:00,4.1,250,11.6,240,2023/06/06 12:05:00,0.0,0.0,0.0,--,0.0,--,12.7,93.4,28.45,23.0,5.6,13,2023/06/06 12:00:00,3.0,27.9,27.9,27.7,27.6,28.2,27.0,25.4,,
2023-06-07,7,1007.6,1010.1,1008.7,2023/06/07 10:53:00,1005.8,2023/06/07 17:26:00,28.5,31.1,2023/06/07 10:08:00,26.2,2023/06/07 03:45:00,25.8,86,69,2023/06/07 08:47:00,3.1,260,8.5,250,2023/06/07 12:16:00,0.0,0.0,0.0,--,0.0,--,10.4,76.4,27.52,24.2,6.3,13,2023/06/07 12:00:00,5.8,28.4,28.4,27.9,27.8,28.3,27.1,25.6,,
2023-06-08,8,1005.5,1008.0,1007.9,2023/06/08 00:01:00,1003.5,2023/06/08 15:47:00,28.4,30.3,2023/06/08 10:30:00,26.7,2023/06/08 05:07:00,26.5,90,79,2023/06/08 07:32:00,4.2,240,12.9,240,2023/06/08 10:46:00,0.0,0.0,0.0,--,0.0,--,4.2,30.9,20.78,18.6,-5.2,10,2023/06/08 11:00:00,7.8,28.2,28.2,28.0,27.9,28.5,27.3,25.8,,
2023-06-09,9,1003.0,1005.5,1004.7,2023/06/09 00:02:00,1001.4,2023/06/09 16:05:00,28.2,30.6,2023/06/09 13:21:00,26.6,2023/06/09 02:34:00,26.5,91,78,2023/06/09 12:54:00,3.9,240,12.2,240,2023/06/09 10:32:00,1.5,1.8,0.5,2023/06/09 02:34:00,1.0,2023/06/09 02:34:00,7.3,53.6,24.79,15.2,-4.8,12,2023/06/09 12:00:00,6.6,28.3,28.3,28.0,27.8,28.4,27.3,25.9,,
2023-06-10,10,1000.8,1003.2,1002.5,2023/06/10 00:02:00,999.5,2023/06/10 14:53:00,27.2,30.4,2023/06/10 12:32:00,25.7,2023/06/10 22:30:00,25.7,92,72,2023/06/10 10:28:00,2.0,100,6.3,40,2023/06/10 16:20:00,4.0,4.8,2.5,2023/06/10 18:08:00,4.0,2023/06/10 18:08:00,3.8,27.9,18.94,16.0,-4.5,12,2023/06/10 13:00:00,8.6,28.1,28.1,27.9,27.8,28.5,27.4,26.1,,
2023-06-11,11,1000.5,1003.0,1001.4,2023/06/11 11:00:00,999.2,2023/06/11 01:59:00,26.6,28.7,2023/06/11 12:14:00,25.3,2023/06/11 05:24:00,25.3,93,81,2023/06/11 12:28:00,1.7,40,5.4,40,2023/06/11 13:24:00,2.5,4.6,1.0,2023/06/11 09:39:00,2.0,2023/06/11 09:39:00,0.3,2.2,10.41,13.6,-0.8,7,2023/06/11 12:00:00,9.8,27.0,27.0,27.2,27.3,28.1,27.3,26.2,,
2023-06-12,12,1000.7,1003.2,1002.1,2023/06/12 08:33:00,999.7,2023/06/12 15:55:00,26.7,29.2,2023/06/12 12:57:00,23.6,2023/06/12 23:59:00,24.2,86,71,2023/06/12 13:41:00,2.5,50,7.8,40,2023/06/12 16:35:00,0.5,0.4,0.5,2023/06/12 01:38:00,0.5,2023/06/12 01:38:00,0.2,1.5,11.54,16.8,3.6,8,2023/06/12 12:00:00,10.0,26.7,26.7,27.0,27.0,27.9,27.1,26.2,,
2023-06-13,13,1000.3,1002.8,1002.1,2023/06/13 22:05:00,999.0,2023/06/13 03:51:00,26.4,29.6,2023/06/13 12:32:00,22.8,2023/06/13 04:32:00,23.3,84,68,2023/06/13 09:15:00,2.8,40,9.1,40,2023/06/13 11:06:00,0.0,0.0,0.0,--,0.0,--,9.4,68.9,24.35,19.2,4.6,11,2023/06/13 12:00:00,8.8,26.3,26.3,26.4,26.5,27.5,26.9,26.3,,
2023-06-14,14,1003.2,1005.7,1006.1,2023/06/14 22:42:00,1000.1,2023/06/14 02:30:00,26.9,29.8,2023/06/14 10:58:00,24.8,2023/06/14 23:11:00,25.0,90,75,2023/06/14 11:25:00,3.1,40,10.5,40,2023/06/14 20:16:00,T,1.1,T,2023/06/14 18:37:00,T,2023/06/14 18:37:00,1.8,13.2,14.88,16.0,-2.8,7,2023/06/14 12:00:00,8.2,26.8,26.8,26.8,26.8,27.6,26.8,26.2,,
2023-06-15,15,1006.4,1008.9,1007.7,2023/06/15 21:47:00,1004.9,2023/06/15 02:06:00,24.6,27.6,2023/06/15 14:26:00,23.0,2023/06/15 04:20:00,23.8,95,83,2023/06/15 15:00:00,3.3,50,9.5,40,2023/06/15 13:38:00,18.0,7.6,2.5,2023/06/15 18:22:00,8.0,2023/06/15 17:49:00,0.2,1.5,9.76,14.0,-1.7,7,2023/06/15 14:00:00,9.6,25.3,25.3,25.9,26.1,27.2,26.7,26.2,,
2023-06-16,16,1007.3,1009.8,1009.6,2023/06/16 22:39:00,1005.8,2023/06/16 04:15:00,26.8,30.4,2023/06/16 10:12:00,24.5,2023/06/16 00:01:00,25.3,92,74,2023/06/16 10:15:00,2.1,290,6.5,250,2023/06/16 04:40:00,22.0,5.1,7.0,2023/06/16 22:04:00,12.0,2023/06/16 22:04:00,4.0,29.4,18.52,24.4,-1.7,11,2023/06/16 12:00:00,8.2,26.5,26.5,26.2,26.2,27.0,26.4,26.2,,
2023-06-17,17,1008.6,1011.1,1010.0,2023/06/17 10:30:00,1007.2,2023/06/17 02:23:00,27.4,30.3,2023/06/17 11:53:00,25.1,2023/06/17 00:01:00,26.2,94,81,2023/06/17 11:59:00,2.3,220,7.8,230,2023/06/17 15:49:00,14.0,6.9,2.5,2023/06/17 01:24:00,6.5,2023/06/17 00:39:00,0.9,6.6,10.48,12.8,-2.8,10,2023/06/17 12:00:00,9.8,26.7,26.7,26.4,26.3,27.1,26.4,26.1,,
2023-06-18,18,1006.9,1009.4,1008.6,2023/06/18 00:01:00,1005.0,2023/06/18 15:55:00,28.6,30.8,2023/06/18 12:44:00,25.9,2023/06/18 04:24:00,26.8,90,84,2023/06/18 09:45:00,5.3,240,13.9,250,2023/06/18 13:07:00,T,0.1,T,2023/06/18 02:13:00,T,2023/06/18 02:13:00,7.4,54.2,24.78,17.6,5.2,12,2023/06/18 13:00:00,7.0,27.5,27.5,26.9,26.8,27.4,26.5,26.1,,
2023-06-19,19,1004.4,1006.9,1006.4,2023/06/19 08:38:00,1002.4,2023/06/19 16:59:00,28.5,30.0,2023/06/19 14:30:00,26.2,2023/06/19 03:57:00,26.0,86,79,2023/06/19 14:46:00,7.4,230,15.5,250,2023/06/19 13:50:00,0.0,0.0,0.0,--,0.0,--,0.6,4.4,13.66,17.6,4.4,7,2023/06/19 13:00:00,9.0,27.0,27.0,26.9,26.9,27.6,26.7,26.1,,
2023-06-20,20,1003.5,1006.0,1004.9,2023/06/20 21:58:00,1002.3,2023/06/20 16:10:00,29.3,31.2,2023/06/20 12:13:00,28.1,2023/06/20 01:12:00,26.3,84,74,2023/06/20 10:29:00,8.5,230,17.5,250,2023/06/20 13:32:00,0.0,0.0,0.0,--,0.0,--,12.4,90.8,28.54,30.0,7.6,13,2023/06/20 13:00:00,7.2,27.4,27.4,27.0,26.8,27.5,26.7,26.2,,
2023-06-21,21,1004.2,1006.6,1005.8,2023/06/21 22:17:00,1002.5,2023/06/21 15:36:00,29.2,30.7,2023/06/21 13:35:00,27.7,2023/06/21 03:54:00,26.7,87,80,2023/06/21 10:01:00,7.8,230,16.9,230,2023/06/21 10:45:00,0.0,0.0,0.0,--,0.0,--,11.9,87.2,26.16,32.0,7.2,13,2023/06/21 13:00:00,7.4,27.7,27.7,27.3,27.1,27.7,26.8,26.2,,
2023-06-22,22,1005.2,1007.7,1007.2,2023/06/22 22:16:00,1004.1,2023/06/22 15:25:00,28.2,30.4,2023/06/22 09:20:00,26.3,2023/06/22 04:02:00,26.2,89,79,2023/06/22 09:01:00,4.2,240,13.7,230,2023/06/22 08:57:00,0.0,0.0,0.0,--,0.0,--,3.8,27.8,10.73,30.2,-4.3,6,2023/06/22 10:00:00,7.0,27.0,27.0,27.0,27.0,27.7,26.9,26.2,,
2023-06-23,23,1006.5,1008.9,1007.9,2023/06/23 22:46:00,1005.3,2023/06/23 02:36:00,28.2,30.9,2023/06/23 12:24:00,25.2,2023/06/23 05:19:00,26.1,89,77,2023/06/23 11:24:00,2.8,270,11.7,240,2023/06/23 05:09:00,2.5,0.3,2.5,2023/06/23 05:10:00,2.5,2023/06/23 05:10:00,8.9,65.2,24.5,21.0,6.6,13,2023/06/23 12:00:00,7.2,27.4,27.4,27.1,27.0,27.7,26.9,26.3,,
2023-06-24,24,1007.1,1009.5,1009.5,2023/06/24 21:06:00,1005.8,2023/06/24 15:49:00,28.1,31.9,2023/06/24 13:33:00,25.2,2023/06/24 04:40:00,25.7,87,71,2023/06/24 12:59:00,2.8,180,9.0,180,2023/06/24 20:32:00,17.5,1.2,6.5,2023/06/24 20:52:00,17.5,2023/06/24 20:19:00,10.3,75.5,26.74,21.4,-5.9,13,2023/06/24 13:00:00,5.6,27.3,27.3,27.1,27.0,27.7,26.9,26.3,,
2023-06-25,25,1007.9,1010.3,1009.3,2023/06/25 21:51:00,1006.8,2023/06/25 16:46:00,28.5,31.0,2023/06/25 09:56:00,25.2,2023/06/25 05:05:00,25.7,86,70,2023/06/25 10:14:00,1.9,130,6.2,280,2023/06/25 13:38:00,0.0,0.0,0.0,--,0.0,--,11.8,86.5,27.85,24.0,5.8,13,2023/06/25 12:00:00,8.8,27.4,27.4,27.1,27.1,27.8,27.0,26.4,,
2023-06-26,26,1008.0,1010.5,1009.6,2023/06/26 22:09:00,1006.3,2023/06/26 15:38:00,28.8,31.2,2023/06/26 15:24:00,26.6,2023/06/26 03:29:00,26.2,86,75,2023/06/26 10:49:00,2.3,30,8.6,40,2023/06/26 10:20:00,T,1.3,T,2023/06/26 18:50:00,T,2023/06/26 18:50:00,8.0,58.6,22.1,16.8,-5.2,11,2023/06/26 11:00:00,7.4,27.8,27.8,27.5,27.4,28.1,27.1,26.4,,
2023-06-27,27,1008.8,1011.3,1010.5,2023/06/27 21:42:00,1007.8,2023/06/27 03:37:00,28.5,31.4,2023/06/27 13:20:00,25.5,2023/06/27 02:48:00,26.2,88,77,2023/06/27 11:24:00,2.9,280,10.0,360,2023/06/27 11:13:00,0.0,0.0,0.0,--,0.0,--,10.4,76.2,25.25,21.2,6.6,12,2023/06/27 12:00:00,7.2,27.8,27.8,27.5,27.4,28.1,27.2,26.5,,
2023-06-28,28,1008.3,1010.8,1010.6,2023/06/28 07:29:00,1006.7,2023/06/28 17:18:00,28.9,32.4,2023/06/28 11:26:00,25.8,2023/06/28 05:09:00,25.5,83,59,2023/06/28 13:23:00,1.5,180,5.0,310,2023/06/28 11:31:00,0.0,0.0,0.0,--,0.0,--,5.6,41.1,22.08,14.4,5.8,13,2023/06/28 12:00:00,8.2,27.7,27.7,27.5,27.4,28.1,27.3,26.6,,
2023-06-29,29,1006.0,1008.4,1007.8,2023/06/29 08:12:00,1004.3,2023/06/29 15:08:00,29.0,31.6,2023/06/29 13:20:00,26.3,2023/06/29 03:36:00,25.9,84,65,2023/06/29 09:44:00,2.4,180,7.5,280,2023/06/29 12:38:00,0.0,0.0,0.0,--,0.0,--,12.0,88.0,27.95,15.2,8.3,13,2023/06/29 12:00:00,3.6,28.3,28.3,27.7,27.5,28.2,27.3,26.6,,
2023-06-30,30,1004.7,1007.2,1005.7,2023/06/30 20:17:00,1003.5,2023/06/30 04:10:00,29.2,31.7,2023/06/30 12:25:00,26.4,2023/06/30 02:57:00,26.3,85,74,2023/06/30 11:14:00,4.5,260,12.9,240,2023/06/30 11:06:00,0.0,0.0,0.0,--,0.0,--,10.9,80.0,27.96,34.0,5.8,13,2023/06/30 12:00:00,5.8,28.2,28.2,27.8,27.7,28.3,27.4,26.7,,
2023-07-01,1,1006.2,1008.6,1008.2,2023/07/01 22:26:00,1003.9,2023/07/01 03:09:00,29.4,31.8,2023/07/01 12:52:00,27.2,2023/07/01 02:32:00,26.5,85,73,2023/07/01 10:32:00,4.1,230,13.7,220,2023/07/01 07:42:00,0.0,0.0,0.0,--,0.0,--,6.8,49.9,23.66,27.2,5.9,11,2023/07/01 13:00:00,8.0,28.3,28.3,27.9,27.8,28.5,27.6,26.8,,
2023-07-02,2,1008.2,1010.6,1010.4,2023/07/02 22:17:00,1006.2,2023/07/02 03:26:00,29.3,32.0,2023/07/02 12:08:00,26.3,2023/07/02 04:41:00,26.5,85,71,2023/07/02 09:10:00,3.1,240,10.4,250,2023/07/02 10:41:00,T,0.5,T,2023/07/02 16:23:00,T,2023/07/02 16:23:00,9.8,72.0,24.32,26.2,-6.5,12,2023/07/02 13:00:00,6.6,28.5,28.5,28.0,27.8,28.5,27.7,26.9,,
2023-07-03,3,1007.6,1010.1,1009.9,2023/07/03 00:01:00,1005.7,2023/07/03 16:23:00,29.4,31.9,2023/07/03 14:02:00,26.4,2023/07/03 04:53:00,26.6,85,75,2023/07/03 14:19:00,5.3,240,13.5,240,2023/07/03 10:58:00,0.0,0.0,0.0,--,0.0,--,12.7,93.3,28.32,33.0,6.7,12,2023/07/03 13:00:00,5.6,28.4,28.4,28.0,27.9,28.6,27.8,27.0,,
2023-07-04,4,1005.4,1007.8,1007.0,2023/07/04 07:41:00,1004.0,2023/07/04 15:20:00,30.0,32.0,2023/07/04 11:51:00,28.6,2023/07/04 03:50:00,26.3,81,68,2023/07/04 11:15:00,9.1,240,17.9,220,2023/07/04 22:20:00,0.0,0.0,0.0,--,0.0,--,12.7,93.4,27.09,39.0,8.7,13,2023/07/04 12:00:00,6.6,28.5,28.5,28.1,28.0,28.7,27.8,27.1,,
2023-07-05,5,1004.1,1006.5,1005.2,2023/07/05 09:38:00,1003.0,2023/07/05 04:21:00,30.3,31.7,2023/07/05 12:19:00,28.9,2023/07/05 02:06:00,25.4,75,68,2023/07/05 04:28:00,9.3,240,19.8,240,2023/07/05 09:54:00,0.0,0.0,0.0,--,0.0,--,12.1,89.0,27.72,36.0,7.8,13,2023/07/05 13:00:00,6.8,28.5,28.5,28.0,27.9,28.6,27.8,27.1,,
2023-07-06,6,1004.9,1007.3,1006.5,2023/07/06 09:42:00,1003.5,2023/07/06 02:11:00,29.9,31.5,2023/07/06 12:07:00,28.5,2023/07/06 05:21:00,26.3,81,74,2023/07/06 23:25:00,9.0,230,17.1,230,2023/07/06 08:43:00,0.0,0.0,0.0,--,0.0,--,12.4,91.3,28.52,35.0,8.2,13,2023/07/06 13:00:00,5.8,28.9,28.9,28.3,28.1,28.8,27.9,27.2,,
2023-07-07,7,1005.6,1008.0,1006.7,2023/07/07 08:41:00,1004.4,2023/07/07 15:30:00,30.0,31.8,2023/07/07 13:52:00,28.3,2023/07/07 05:18:00,25.6,77,67,2023/07/07 21:54:00,9.3,230,18.7,240,2023/07/07 14:23:00,0.0,0.0,0.0,--,0.0,--,12.8,94.3,28.52,25.0,8.5,13,2023/07/07 13:00:00,2.8,28.9,28.9,28.3,28.2,28.9,28.0,27.3,,
2023-07-08,8,1006.6,1009.1,1007.7,2023/07/08 08:08:00,1005.3,2023/07/08 15:54:00,29.9,32.0,2023/07/08 11:25:00,27.3,2023/07/08 23:49:00,25.6,78,68,2023/07/08 02:47:00,7.9,230,17.3,250,2023/07/08 12:55:00,0.0,0.0,0.0,--,0.0,--,12.9,95.1,28.62,15.2,7.1,13,2023/07/08 12:00:00,1.6,29.1,29.1,28.3,28.2,28.9,28.1,27.3,,
2023-07-09,9,1006.5,1008.9,1007.6,2023/07/09 10:35:00,1005.5,2023/07/09 15:49:00,29.6,31.5,2023/07/09 16:45:00,26.4,2023/07/09 00:23:00,26.9,86,70,2023/07/09 16:24:00,5.8,240,14.0,220,2023/07/09 14:35:00,0.0,0.0,0.0,--,0.0,--,11.4,84.1,27.66,17.2,7.0,13,2023/07/09 13:00:00,1.6,29.5,29.5,28.7,28.5,29.1,28.2,27.4,,
2023-07-10,10,1006.1,1008.6,1007.1,2023/07/10 09:58:00,1005.1,2023/07/10 17:31:00,29.5,32.3,2023/07/10 12:15:00,26.7,2023/07/10 03:10:00,26.6,85,73,2023/07/10 12:29:00,4.1,240,11.1,250,2023/07/10 10:51:00,0.0,0.0,0.0,--,0.0,--,11.9,87.8,28.53,38.0,6.4,12,2023/07/10 13:00:00,1.8,29.4,29.4,28.9,28.7,29.3,28.3,27.5,,
2023-07-11,11,1007.0,1009.4,1008.4,2023/07/11 07:07:00,1005.7,2023/07/11 00:03:00,29.6,32.4,2023/07/11 15:00:00,26.9,2023/07/11 05:03:00,26.0,81,60,2023/07/11 17:48:00,3.0,230,8.8,270,2023/07/11 11:03:00,0.0,0.0,0.0,--,0.0,--,8.7,64.3,26.84,20.0,6.5,12,2023/07/11 13:00:00,3.4,29.6,29.6,29.1,28.9,29.5,28.5,27.6,,
2023-07-12,12,1006.7,1009.2,1008.2,2023/07/12 09:37:00,1005.2,2023/07/12 16:08:00,29.5,32.7,2023/07/12 14:32:00,26.3,2023/07/12 01:47:00,25.6,80,67,2023/07/12 16:22:00,2.7,180,7.8,200,2023/07/12 08:24:00,0.0,0.0,0.0,--,0.0,--,12.6,93.1,28.2,20.8,6.2,13,2023/07/12 13:00:00,3.0,29.5,29.5,29.0,28.9,29.6,28.6,27.7,,
2023-07-13,13,1005.0,1007.4,1006.6,2023/07/13 10:25:00,1003.1,2023/07/13 23:58:00,29.4,32.3,2023/07/13 10:47:00,26.0,2023/07/13 04:37:00,26.0,82,68,2023/07/13 10:48:00,2.2,290,7.2,290,2023/07/13 12:48:00,0.0,0.0,0.0,--,0.0,--,12.3,91.0,28.12,22.4,6.7,12,2023/07/13 12:00:00,6.0,29.6,29.6,29.2,29.0,29.8,28.7,27.7,,
2023-07-14,14,1001.7,1004.2,1004.2,2023/07/14 07:06:00,999.1,2023/07/14 18:48:00,30.3,33.0,2023/07/14 15:12:00,27.7,2023/07/14 02:06:00,26.0,78,60,2023/07/14 15:22:00,2.9,250,7.9,20,2023/07/14 15:51:00,0.0,0.0,0.0,--,0.0,--,11.9,88.1,27.33,18.4,6.7,13,2023/07/14 12:00:00,5.6,30.1,30.1,29.6,29.4,30.0,28.9,27.8,,
2023-07-15,15,998.8,1001.2,1000.1,2023/07/15 07:25:00,996.7,2023/07/15 16:46:00,30.1,33.1,2023/07/15 14:22:00,27.9,2023/07/15 02:04:00,27.4,86,62,2023/07/15 13:58:00,2.5,330,6.8,280,2023/07/15 10:12:00,0.0,0.0,0.0,--,0.0,--,8.8,65.2,22.38,16.0,6.4,10,2023/07/15 11:00:00,5.4,30.3,30.3,29.7,29.5,30.1,29.0,27.9,,
2023-07-16,16,998.7,1001.1,1001.7,2023/07/16 21:48:00,997.1,2023/07/16 14:05:00,30.6,33.2,2023/07/16 11:13:00,27.9,2023/07/16 05:19:00,26.1,78,66,2023/07/16 10:01:00,2.3,280,9.3,250,2023/07/16 16:56:00,0.0,0.0,0.0,--,0.0,--,11.3,83.8,27.29,16.8,7.0,12,2023/07/16 12:00:00,4.8,30.3,30.3,29.8,29.6,30.3,29.1,28.0,,
2023-07-17,17,1002.8,1005.2,1005.9,2023/07/17 21:32:00,1000.5,2023/07/17 00:48:00,30.7,33.7,2023/07/17 12:03:00,28.2,2023/07/17 01:49:00,26.4,78,60,2023/07/17 10:50:00,1.7,330,6.4,330,2023/07/17 14:11:00,0.0,0.0,0.0,--,0.0,--,9.7,72.0,26.26,19.6,7.0,12,2023/07/17 13:00:00,8.4,30.9,30.9,30.0,29.8,30.4,29.3,28.2,,
2023-07-18,18,1006.9,1009.4,1008.5,2023/07/18 21:35:00,1005.1,2023/07/18 04:13:00,29.2,32.3,2023/07/18 11:04:00,27.3,2023/07/18 22:53:00,26.1,83,68,2023/07/18 16:15:00,2.2,40,6.9,30,2023/07/18 15:13:00,0.0,0.0,0.0,--,0.0,--,0.5,3.7,12.24,24.0,3.2,8,2023/07/18 12:00:00,9.2,29.6,29.6,29.7,29.7,30.5,29.5,28.3,,
2023-07-19,19,1007.0,1009.4,1008.4,2023/07/19 10:52:00,1005.5,2023/07/19 16:29:00,30.1,33.1,2023/07/19 15:18:00,26.6,2023/07/19 02:19:00,25.9,79,64,2023/07/19 17:10:00,2.0,330,7.0,320,2023/07/19 11:26:00,0.0,0.0,0.0,--,0.0,--,12.2,90.8,27.54,35.0,-6.4,13,2023/07/19 13:00:00,6.6,30.0,30.0,29.5,29.4,30.2,29.2,28.4,,
2023-07-20,20,1006.5,1009.0,1007.7,2023/07/20 21:48:00,1004.7,2023/07/20 14:24:00,29.6,32.3,2023/07/20 12:09:00,25.8,2023/07/20 03:05:00,26.8,85,73,2023/07/20 08:44:00,2.8,280,8.9,280,2023/07/20 02:43:00,6.5,0.8,3.5,2023/07/20 02:57:00,6.5,2023/07/20 02:57:00,10.5,78.2,27.49,32.0,7.4,13,2023/07/20 13:00:00,6.8,29.6,29.6,29.7,29.6,30.4,29.4,28.4,,
2023-07-21,21,1007.9,1010.3,1010.0,2023/07/21 22:56:00,1005.9,2023/07/21 15:17:00,30.0,33.0,2023/07/21 12:15:00,27.1,2023/07/21 03:35:00,26.4,82,67,2023/07/21 11:02:00,3.4,280,8.4,240,2023/07/21 08:31:00,0.0,0.0,0.0,--,0.0,--,10.4,77.5,26.17,28.0,7.6,12,2023/07/21 13:00:00,7.6,30.5,30.5,29.9,29.8,30.4,29.4,28.5,,
2023-07-22,22,1009.3,1011.8,1010.4,2023/07/22 22:25:00,1008.0,2023/07/22 15:46:00,29.8,32.8,2023/07/22 11:43:00,27.3,2023/07/22 05:06:00,26.2,81,70,2023/07/22 10:59:00,2.9,240,8.9,240,2023/07/22 10:59:00,T,0.8,T,2023/07/22 17:47:00,T,2023/07/22 17:47:00,9.4,70.2,26.13,23.2,-6.4,13,2023/07/22 12:00:00,8.2,30.8,30.8,30.1,30.0,30.7,29.6,28.6,,
2023-07-23,23,1008.2,1010.7,1009.8,2023/07/23 00:25:00,1006.6,2023/07/23 23:56:00,29.4,32.6,2023/07/23 10:11:00,27.0,2023/07/23 04:46:00,25.8,81,69,2023/07/23 15:11:00,2.6,210,7.8,320,2023/07/23 12:51:00,T,0.5,T,2023/07/23 15:47:00,T,2023/07/23 15:47:00,9.2,68.7,22.84,24.2,-5.6,11,2023/07/23 11:00:00,8.4,30.2,30.2,30.1,30.0,30.8,29.8,28.7,,
2023-07-24,24,1005.7,1008.2,1007.5,2023/07/24 06:26:00,1003.9,2023/07/24 18:59:00,29.5,32.6,2023/07/24 11:32:00,26.1,2023/07/24 03:04:00,24.8,76,64,2023/07/24 13:29:00,2.8,110,9.3,20,2023/07/24 18:17:00,0.0,0.0,0.0,--,0.0,--,10.1,75.6,24.65,29.0,6.7,13,2023/07/24 12:00:00,7.2,30.4,30.4,30.0,29.9,30.7,29.8,28.8,,
2023-07-25,25,1002.2,1004.7,1004.4,2023/07/25 08:33:00,999.2,2023/07/25 16:23:00,31.1,37.2,2023/07/25 13:21:00,26.2,2023/07/25 05:32:00,23.8,66,43,2023/07/25 13:04:00,5.3,60,19.2,80,2023/07/25 17:38:00,0.0,0.0,0.0,--,0.0,--,12.9,96.6,27.9,29.0,-11.3,12,2023/07/25 13:00:00,7.2,30.6,30.6,30.1,30.0,30.8,29.9,28.9,,
2023-07-26,26,998.6,1001.0,1001.8,2023/07/26 00:24:00,995.3,2023/07/26 23:39:00,29.6,31.5,2023/07/26 10:08:00,27.9,2023/07/26 14:34:00,24.8,76,67,2023/07/26 22:30:00,8.6,70,20.4,80,2023/07/26 17:08:00,T,6.5,T,2023/07/26 07:03:00,T,2023/07/26 07:03:00,0.1,0.7,9.39,28.0,-4.7,6,2023/07/26 13:00:00,9.0,29.1,29.1,29.4,29.6,30.7,30.0,29.0,,
2023-07-27,27,993.6,996.0,995.9,2023/07/27 00:04:00,992.3,2023/07/27 03:57:00,30.0,34.4,2023/07/27 11:11:00,27.9,2023/07/27 23:56:00,25.3,77,51,2023/07/27 11:18:00,5.2,90,21.0,100,2023/07/27 04:03:00,T,2.1,T,2023/07/27 00:01:00,T,2023/07/27 00:01:00,1.7,12.8,10.94,23.2,-2.8,9,2023/07/27 11:00:00,8.4,29.6,29.6,29.0,29.1,30.1,29.6,29.0,,
2023-07-28,28,996.6,999.0,1002.3,2023/07/28 21:37:00,990.6,2023/07/28 02:15:00,27.4,28.6,2023/07/28 07:45:00,26.4,2023/07/28 20:05:00,26.1,93,76,2023/07/28 01:57:00,2.1,50,6.5,350,2023/07/28 16:36:00,0.5,5.2,0.5,2023/07/28 14:37:00,0.5,2023/07/28 14:37:00,0.0,0.0,2.8,12.8,-0.6,2,2023/07/28 14:00:00,10.0,28.1,28.1,28.5,28.7,29.8,29.4,29.0,,
2023-07-29,29,1003.9,1006.3,1006.4,2023/07/29 21:05:00,1001.0,2023/07/29 03:09:00,28.7,33.2,2023/07/29 10:54:00,26.0,2023/07/29 22:03:00,25.6,85,58,2023/07/29 10:52:00,2.6,40,8.5,40,2023/07/29 18:06:00,2.5,1.4,1.5,2023/07/29 21:28:00,2.5,2023/07/29 21:13:00,2.1,15.8,16.87,26.4,-4.7,10,2023/07/29 13:00:00,8.8,29.0,29.0,28.7,28.6,29.5,29.0,28.9,,
2023-07-30,30,1005.5,1008.0,1006.6,2023/07/30 08:02:00,1004.3,2023/07/30 03:13:00,28.4,31.2,2023/07/30 11:04:00,25.9,2023/07/30 00:09:00,26.0,87,74,2023/07/30 10:53:00,2.0,50,6.9,30,2023/07/30 14:37:00,0.0,0.0,0.0,--,0.0,--,2.4,18.1,15.1,14.4,4.1,8,2023/07/30 11:00:00,9.2,28.9,28.9,28.8,28.8,29.7,29.1,28.8,,
2023-07-31,31,1004.4,1006.8,1005.5,2023/07/31 06:21:00,1002.2,2023/07/31 16:37:00,28.3,32.5,2023/07/31 14:02:00,26.1,2023/07/31 05:32:00,26.1,88,71,2023/07/31 14:02:00,3.2,40,10.9,30,2023/07/31 14:03:00,T,1.4,T,2023/07/31 11:51:00,T,2023/07/31 11:51:00,1.7,12.8,14.19,19.6,-3.4,9,2023/07/31 14:00:00,8.2,29.1,29.1,28.6,28.7,29.7,29.1,28.8,,
2023-08-01,1,1001.7,1004.1,1003.5,2023/08/01 00:01:00,999.7,2023/08/01 16:36:00,28.5,31.9,2023/08/01 12:56:00,26.7,2023/08/01 01:14:00,26.3,88,73,2023/08/01 12:56:00,4.3,40,10.9,20,2023/08/01 15:32:00,0.5,1.0,0.5,2023/08/01 20:14:00,0.5,2023/08/01 20:14:00,4.6,34.8,18.58,24.2,-2.0,10,2023/08/01 13:00:00,7.0,28.9,28.9,28.8,28.8,29.6,29.0,28.7,,
2023-08-02,2,999.0,1001.4,1000.8,2023/08/02 00:01:00,997.4,2023/08/02 23:52:00,28.8,31.1,2023/08/02 12:58:00,26.2,2023/08/02 00:24:00,26.7,89,78,2023/08/02 23:40:00,4.3,20,11.5,20,2023/08/02 08:54:00,47.0,2.0,16.5,2023/08/02 00:25:00,39.5,2023/08/02 00:01:00,2.6,19.7,16.91,15.2,-4.1,11,2023/08/02 13:00:00,8.0,28.3,28.3,28.4,28.5,29.4,28.9,28.7,,
2023-08-03,3,995.9,998.3,997.5,2023/08/03 00:02:00,993.7,2023/08/03 17:44:00,28.9,30.4,2023/08/03 11:43:00,27.2,2023/08/03 02:09:00,26.3,86,75,2023/08/03 09:28:00,9.9,230,21.2,220,2023/08/03 20:56:00,3.0,2.7,0.5,2023/08/03 01:04:00,1.5,2023/08/03 14:42:00,0.1,0.8,7.71,16.8,-2.9,5,2023/08/03 12:00:00,9.2,27.2,27.2,27.9,28.2,29.3,28.8,28.7,,
2023-08-04,4,997.8,1000.2,999.5,2023/08/04 10:07:00,995.7,2023/08/04 02:29:00,29.3,31.7,2023/08/04 13:37:00,27.6,2023/08/04 02:42:00,26.5,85,77,2023/08/04 13:39:00,11.0,230,20.1,240,2023/08/04 02:06:00,2.5,2.8,0.5,2023/08/04 19:24:00,1.0,2023/08/04 22:37:00,4.2,31.9,18.63,18.4,-2.0,11,2023/08/04 13:00:00,9.6,27.6,27.6,27.8,27.8,28.8,28.5,28.6,,
2023-08-05,5,998.9,1001.4,1000.7,2023/08/05 10:40:00,997.7,2023/08/05 16:46:00,28.2,30.3,2023/08/05 14:37:00,25.7,2023/08/05 06:33:00,26.1,88,77,2023/08/05 21:52:00,9.7,230,22.7,240,2023/08/05 21:51:00,45.5,6.3,6.0,2023/08/05 05:21:00,23.5,2023/08/05 05:03:00,2.6,19.8,13.01,21.0,-2.7,6,2023/08/05 13:00:00,9.2,26.7,26.7,27.1,27.3,28.5,28.2,28.6,,
2023-08-06,6,997.5,999.9,998.6,2023/08/06 20:29:00,995.9,2023/08/06 14:55:00,29.8,31.4,2023/08/06 11:06:00,28.7,2023/08/06 02:55:00,26.9,84,80,2023/08/06 08:35:00,9.6,240,19.2,240,2023/08/06 00:35:00,0.0,0.0,0.0,--,0.0,--,11.6,88.3,25.56,16.0,7.4,11,2023/08/06 13:00:00,4.2,28.0,28.0,27.8,27.7,28.5,28.0,28.5,,
2023-08-07,7,997.9,1000.3,999.7,2023/08/07 23:32:00,995.8,2023/08/07 15:54:00,29.7,31.3,2023/08/07 12:24:00,28.5,2023/08/07 21:39:00,26.4,82,74,2023/08/07 13:11:00,9.5,240,17.9,240,2023/08/07 00:01:00,0.0,0.0,0.0,--,0.0,--,8.8,67.1,23.32,19.6,6.4,12,2023/08/07 13:00:00,6.2,28.1,28.1,27.9,28.0,28.8,28.3,28.3,,
2023-08-08,8,999.5,1001.9,1001.2,2023/08/08 21:59:00,997.4,2023/08/08 03:27:00,29.4,30.6,2023/08/08 14:04:00,28.5,2023/08/08 02:43:00,26.6,85,79,2023/08/08 08:32:00,7.6,240,14.9,240,2023/08/08 00:45:00,0.0,0.0,0.0,--,0.0,--,3.0,22.9,14.78,22.4,4.9,6,2023/08/08 13:00:00,8.0,28.1,28.1,27.9,28.0,28.9,28.3,28.3,,
2023-08-09,9,1001.0,1003.4,1002.4,2023/08/09 09:55:00,999.7,2023/08/09 01:53:00,29.9,32.0,2023/08/09 14:32:00,28.6,2023/08/09 23:33:00,26.5,82,70,2023/08/09 13:28:00,7.3,240,17.9,240,2023/08/09 12:21:00,0.0,0.0,0.0,--,0.0,--,9.7,74.2,24.94,26.2,7.7,12,2023/08/09 13:00:00,6.0,28.4,28.4,28.1,28.1,28.9,28.3,28.2,,
2023-08-10,10,1002.2,1004.6,1003.4,2023/08/10 21:56:00,1000.6,2023/08/10 14:49:00,28.7,32.1,2023/08/10 11:00:00,25.8,2023/08/10 19:06:00,26.2,87,73,2023/08/10 11:02:00,4.1,230,13.3,230,2023/08/10 01:02:00,7.5,3.2,1.5,2023/08/10 18:32:00,6.0,2023/08/10 18:25:00,6.8,52.1,22.53,20.4,-5.0,11,2023/08/10 13:00:00,7.6,28.5,28.5,28.4,28.4,29.2,28.5,28.2,,
2023-08-11,11,1002.7,1005.2,1004.0,2023/08/11 19:30:00,1001.4,2023/08/11 13:24:00,27.6,31.3,2023/08/11 10:04:00,25.6,2023/08/11 02:08:00,25.7,90,73,2023/08/11 10:19:00,2.0,130,6.8,320,2023/08/11 12:50:00,3.5,3.0,1.0,2023/08/11 19:27:00,2.0,2023/08/11 19:27:00,4.9,37.6,19.19,22.6,-3.5,12,2023/08/11 13:00:00,7.8,27.7,27.7,28.1,28.3,29.2,28.6,28.3,,
2023-08-12,12,1002.4,1004.9,1003.4,2023/08/12 09:38:00,1000.7,2023/08/12 15:58:00,28.8,31.8,2023/08/12 12:22:00,25.7,2023/08/12 00:46:00,26.2,86,75,2023/08/12 09:02:00,4.0,240,12.4,250,2023/08/12 13:50:00,0.0,0.0,0.0,--,0.0,--,9.8,75.3,24.91,28.0,6.0,12,2023/08/12 12:00:00,4.4,28.1,28.1,28.1,28.2,29.1,28.5,28.3,,
2023-08-13,13,1001.8,1004.3,1003.0,2023/08/13 09:17:00,1000.3,2023/08/13 16:37:00,29.5,31.9,2023/08/13 12:35:00,27.2,2023/08/13 03:45:00,25.9,81,72,2023/08/13 11:53:00,5.8,250,16.7,250,2023/08/13 16:12:00,0.0,0.0,0.0,--,0.0,--,8.8,67.8,23.99,26.0,6.5,13,2023/08/13 13:00:00,4.4,28.3,28.3,28.2,28.3,29.2,28.6,28.3,,
2023-08-14,14,1002.3,1004.7,1003.5,2023/08/14 09:45:00,1000.9,2023/08/14 16:51:00,30.1,32.2,2023/08/14 15:16:00,27.8,2023/08/14 02:19:00,25.6,77,68,2023/08/14 15:10:00,7.9,230,17.6,240,2023/08/14 11:43:00,0.0,0.0,0.0,--,0.0,--,11.8,91.0,26.12,30.0,7.6,12,2023/08/14 12:00:00,2.0,28.3,28.3,28.1,28.2,29.1,28.6,28.3,,
2023-08-15,15,1003.1,1005.5,1004.6,2023/08/15 08:22:00,1001.1,2023/08/15 15:47:00,30.1,32.3,2023/08/15 12:36:00,28.2,2023/08/15 05:13:00,26.6,82,70,2023/08/15 12:32:00,8.1,240,16.9,230,2023/08/15 02:35:00,0.0,0.0,0.0,--,0.0,--,11.7,90.4,26.84,22.0,-7.0,13,2023/08/15 12:00:00,2.0,28.8,28.8,28.5,28.4,29.3,28.6,28.3,,
2023-08-16,16,1003.4,1005.9,1005.3,2023/08/16 09:22:00,1001.9,2023/08/16 04:47:00,27.3,29.7,2023/08/16 00:25:00,25.3,2023/08/16 12:37:00,25.8,91,80,2023/08/16 00:28:00,4.4,220,15.8,250,2023/08/16 03:34:00,35.0,4.1,5.0,2023/08/16 10:44:00,18.0,2023/08/16 10:29:00,0.2,1.5,2.16,11.1,-2.2,1,2023/08/16 15:00:00,9.8,27.1,27.1,27.8,28.0,29.1,28.6,28.4,,
2023-08-17,17,1002.5,1005.0,1003.8,2023/08/17 09:17:00,1000.5,2023/08/17 15:19:00,27.6,31.1,2023/08/17 12:54:00,23.7,2023/08/17 20:38:00,25.9,91,71,2023/08/17 17:26:00,2.4,250,10.2,200,2023/08/17 18:42:00,13.5,2.2,3.5,2023/08/17 20:09:00,9.5,2023/08/17 20:04:00,8.7,67.5,23.44,18.2,-0.2,11,2023/08/17 12:00:00,8.4,27.2,27.2,27.6,27.6,28.6,28.3,28.4,,
2023-08-18,18,1003.0,1005.4,1004.9,2023/08/18 23:27:00,1001.6,2023/08/18 16:44:00,27.5,31.2,2023/08/18 11:23:00,23.3,2023/08/18 03:09:00,24.6,85,69,2023/08/18 13:57:00,2.3,220,11.2,210,2023/08/18 02:25:00,23.5,2.8,6.0,2023/08/18 02:10:00,19.0,2023/08/18 01:45:00,7.5,58.3,22.73,40.0,3.5,11,2023/08/18 12:00:00,8.0,26.8,26.8,27.2,27.4,28.5,28.0,28.4,,
2023-08-19,19,1005.2,1007.7,1006.9,2023/08/19 21:15:00,1003.6,2023/08/19 02:57:00,27.6,31.9,2023/08/19 10:08:00,25.3,2023/08/19 05:02:00,25.5,89,62,2023/08/19 09:34:00,2.3,20,9.5,20,2023/08/19 10:48:00,15.5,0.5,12.0,2023/08/19 18:36:00,15.0,2023/08/19 18:35:00,4.1,31.9,17.91,35.0,-5.3,9,2023/08/19 13:00:00,8.6,27.4,27.4,27.6,27.7,28.7,28.1,28.3,,
2023-08-20,20,1007.0,1009.5,1008.1,2023/08/20 10:07:00,1005.9,2023/08/20 03:36:00,27.9,30.8,2023/08/20 11:26:00,26.0,2023/08/20 04:41:00,25.7,88,76,2023/08/20 10:55:00,2.2,250,8.2,250,2023/08/20 12:21:00,0.0,0.0,0.0,--,0.0,--,8.5,66.3,22.75,28.0,4.7,12,2023/08/20 13:00:00,7.2,27.5,27.5,27.8,27.8,28.7,28.1,28.2,,
2023-08-21,21,1006.0,1008.4,1007.4,2023/08/21 00:03:00,1003.7,2023/08/21 16:05:00,28.7,30.9,2023/08/21 12:18:00,26.1,2023/08/21 04:51:00,26.1,87,73,2023/08/21 15:22:00,2.6,220,7.2,230,2023/08/21 23:07:00,0.0,0.0,0.0,--,0.0,--,11.7,91.4,26.05,28.0,5.9,13,2023/08/21 13:00:00,3.4,28.1,28.1,28.1,28.1,28.9,28.2,28.2,,
2023-08-22,22,1003.9,1006.4,1006.2,2023/08/22 00:01:00,1001.7,2023/08/22 15:08:00,29.2,31.6,2023/08/22 12:50:00,26.6,2023/08/22 05:22:00,26.2,84,67,2023/08/22 16:56:00,4.0,230,10.7,240,2023/08/22 10:27:00,0.0,0.0,0.0,--,0.0,--,11.9,93.1,27.22,30.0,6.2,12,2023/08/22 12:00:00,5.0,28.3,28.3,28.3,28.4,29.1,28.3,28.2,,
2023-08-23,23,1004.2,1006.6,1005.8,2023/08/23 20:56:00,1002.5,2023/08/23 14:49:00,29.2,31.8,2023/08/23 11:33:00,26.8,2023/08/23 01:56:00,25.9,83,67,2023/08/23 13:12:00,2.7,280,7.4,280,2023/08/23 14:18:00,0.0,0.0,0.0,--,0.0,--,10.0,78.3,25.84,27.2,5.6,12,2023/08/23 12:00:00,7.2,28.5,28.5,28.5,28.5,29.3,28.5,28.3,,
2023-08-24,24,1005.3,1007.8,1006.5,2023/08/24 09:40:00,1004.1,2023/08/24 02:09:00,29.0,31.2,2023/08/24 15:32:00,26.7,2023/08/24 04:55:00,26.1,85,72,2023/08/24 12:43:00,1.8,140,5.5,260,2023/08/24 12:30:00,0.0,0.0,0.0,--,0.0,--,9.7,76.2,20.01,19.4,5.2,9,2023/08/24 13:00:00,8.0,28.2,28.2,28.4,28.5,29.3,28.6,28.3,,
2023-08-25,25,1004.2,1006.7,1006.3,2023/08/25 08:08:00,1001.9,2023/08/25 16:59:00,29.0,31.8,2023/08/25 13:51:00,25.9,2023/08/25 05:15:00,26.0,84,67,2023/08/25 18:45:00,2.7,40,11.9,40,2023/08/25 15:51:00,0.0,0.0,0.0,--,0.0,--,9.9,77.9,24.62,14.4,7.5,12,2023/08/25 12:00:00,7.0,28.5,28.5,28.5,28.5,29.3,28.6,28.3,,
2023-08-26,26,1002.5,1005.0,1004.3,2023/08/26 00:01:00,999.4,2023/08/26 16:07:00,29.7,32.6,2023/08/26 16:05:00,26.7,2023/08/26 05:01:00,26.1,82,68,2023/08/26 10:18:00,2.9,40,11.3,220,2023/08/26 19:50:00,0.0,0.0,0.0,--,0.0,--,8.9,70.1,21.09,16.0,4.2,10,2023/08/26 13:00:00,7.2,28.6,28.6,28.7,28.6,29.4,28.7,28.4,,
2023-08-27,27,1001.6,1004.0,1003.4,2023/08/27 00:01:00,1000.0,2023/08/27 16:00:00,29.0,31.8,2023/08/27 09:51:00,26.4,2023/08/27 02:59:00,25.7,82,69,2023/08/27 08:51:00,2.2,340,6.7,320,2023/08/27 11:07:00,0.0,0.0,0.0,--,0.0,--,11.3,89.2,23.64,23.4,5.1,11,2023/08/27 12:00:00,5.4,28.4,28.4,28.5,28.6,29.4,28.7,28.4,,
2023-08-28,28,1001.0,1003.4,1002.3,2023/08/28 21:18:00,999.9,2023/08/28 16:12:00,28.9,31.5,2023/08/28 13:40:00,26.2,2023/08/28 05:06:00,26.3,86,73,2023/08/28 15:58:00,1.9,280,7.0,280,2023/08/28 12:35:00,0.0,0.0,0.0,--,0.0,--,11.7,92.6,25.12,16.0,6.6,11,2023/08/28 12:00:00,5.0,28.6,28.6,28.6,28.6,29.5,28.8,28.5,,
2023-08-29,29,1000.5,1002.9,1002.7,2023/08/29 08:35:00,997.5,2023/08/29 15:17:00,30.4,35.0,2023/08/29 14:46:00,26.9,2023/08/29 05:19:00,25.6,77,54,2023/08/29 14:44:00,4.2,80,13.2,100,2023/08/29 22:07:00,0.0,0.0,0.0,--,0.0,--,10.1,80.0,23.67,16.8,8.3,11,2023/08/29 13:00:00,5.0,29.0,29.0,28.9,28.8,29.7,28.8,28.5,,
2023-08-30,30,998.6,1001.0,1000.5,2023/08/30 21:58:00,996.0,2023/08/30 14:47:00,31.1,34.6,2023/08/30 13:50:00,28.7,2023/08/30 04:27:00,24.3,68,53,2023/08/30 14:51:00,7.8,60,21.1,50,2023/08/30 11:59:00,0.0,0.0,0.0,--,0.0,--,11.2,88.9,26.52,30.0,9.0,13,2023/08/30 12:00:00,3.2,29.1,29.1,28.8,28.8,29.7,28.9,28.6,,
2023-08-31,31,1000.4,1002.8,1002.7,2023/08/31 20:48:00,998.5,2023/08/31 02:13:00,29.8,33.2,2023/08/31 12:15:00,27.8,2023/08/31 21:39:00,25.6,79,64,2023/08/31 09:06:00,8.6,60,18.9,50,2023/08/31 11:13:00,0.0,0.0,0.0,--,0.0,--,6.4,50.9,18.95,23.2,6.1,10,2023/08/31 13:00:00,7.8,28.8,28.8,28.7,28.7,29.7,28.9,28.6,,
2023-09-01,1,1000.9,1003.3,1002.2,2023/09/01 20:21:00,999.7,2023/09/01 01:38:00,28.8,32.8,2023/09/01 10:17:00,26.8,2023/09/01 19:42:00,26.5,88,70,2023/09/01 10:11:00,6.7,50,18.1,50,2023/09/01 12:16:00,T,0.8,T,2023/09/01 15:52:00,T,2023/09/01 15:52:00,8.5,67.7,24.4,24.4,-5.5,13,2023/09/01 12:00:00,4.2,28.8,28.8,28.7,28.7,29.6,28.9,28.7,,
2023-09-02,2,999.8,1002.2,1001.4,2023/09/02 08:30:00,998.4,2023/09/02 15:30:00,28.7,31.6,2023/09/02 14:24:00,26.2,2023/09/02 23:58:00,26.9,90,79,2023/09/02 14:53:00,5.9,50,14.4,40,2023/09/02 14:32:00,5.5,1.0,4.0,2023/09/02 23:43:00,4.0,2023/09/02 23:43:00,3.9,31.2,11.82,23.2,-2.8,7,2023/09/02 15:00:00,9.2,28.2,28.2,28.4,28.6,29.5,28.9,28.7,,
2023-09-03,3,995.2,997.6,999.7,2023/09/03 00:01:00,991.6,2023/09/03 19:05:00,28.5,30.4,2023/09/03 09:13:00,26.2,2023/09/03 00:01:00,25.2,82,72,2023/09/03 19:32:00,9.7,60,23.6,50,2023/09/03 20:43:00,0.5,0.2,0.5,2023/09/03 13:11:00,0.5,2023/09/03 13:11:00,0.6,4.8,7.86,19.6,-3.4,5,2023/09/03 12:00:00,9.6,27.1,27.1,27.7,28.0,29.1,28.7,28.7,,
2023-09-04,4,995.2,997.6,1000.5,2023/09/04 23:56:00,991.6,2023/09/04 06:09:00,28.4,30.1,2023/09/04 15:12:00,27.0,2023/09/04 23:54:00,25.5,85,76,2023/09/04 00:01:00,7.3,60,24.9,50,2023/09/04 06:12:00,5.5,5.6,1.0,2023/09/04 08:53:00,2.5,2023/09/04 08:38:00,0.0,0.0,4.28,24.0,-0.6,3,2023/09/04 15:00:00,10.0,26.8,26.8,27.1,27.3,28.5,28.4,28.7,,
2023-09-05,5,1003.3,1005.7,1005.9,2023/09/05 23:53:00,1000.5,2023/09/05 00:01:00,27.9,31.8,2023/09/05 12:14:00,26.0,2023/09/05 20:18:00,26.6,93,75,2023/09/05 12:51:00,1.6,180,5.0,140,2023/09/05 15:46:00,5.5,3.2,1.5,2023/09/05 01:55:00,2.5,2023/09/05 19:14:00,2.8,22.5,15.66,21.4,-3.1,11,2023/09/05 13:00:00,9.2,27.9,27.9,27.6,27.6,28.6,28.1,28.5,,
2023-09-06,6,1006.6,1009.1,1008.1,2023/09/06 22:08:00,1005.1,2023/09/06 02:21:00,27.0,30.7,2023/09/06 09:29:00,24.7,2023/09/06 18:42:00,25.9,94,77,2023/09/06 09:25:00,2.5,60,8.6,50,2023/09/06 13:25:00,6.0,5.5,1.5,2023/09/06 16:23:00,4.0,2023/09/06 16:14:00,2.3,18.5,11.98,16.6,-2.6,6,2023/09/06 13:00:00,9.0,27.6,27.6,27.6,27.7,28.7,28.2,28.4,,
2023-09-07,7,1006.4,1008.9,1008.1,2023/09/07 09:25:00,1005.5,2023/09/07 02:30:00,27.6,31.8,2023/09/07 12:05:00,24.8,2023/09/07 05:39:00,23.6,79,64,2023/09/07 12:12:00,4.2,70,12.5,60,2023/09/07 18:11:00,T,0.2,T,2023/09/07 00:06:00,T,2023/09/07 00:06:00,2.5,20.1,17.14,30.0,-4.7,12,2023/09/07 12:00:00,8.4,26.4,26.4,27.0,27.2,28.3,28.1,28.4,,
2023-09-08,8,1006.8,1009.3,1008.3,2023/09/08 08:52:00,1005.8,2023/09/08 00:47:00,26.5,29.0,2023/09/08 15:16:00,25.1,2023/09/08 08:00:00,22.8,81,63,2023/09/08 21:15:00,3.5,60,10.9,60,2023/09/08 15:07:00,11.0,4.6,2.5,2023/09/08 09:52:00,7.0,2023/09/08 09:49:00,0.4,3.2,9.26,13.4,-2.6,5,2023/09/08 14:00:00,9.2,26.0,26.0,26.6,26.9,28.0,27.8,28.3,,
2023-09-09,9,1006.4,1008.9,1007.6,2023/09/09 09:10:00,1005.0,2023/09/09 15:58:00,26.1,29.5,2023/09/09 12:16:00,22.6,2023/09/09 03:50:00,21.7,77,53,2023/09/09 18:22:00,3.4,50,12.0,40,2023/09/09 16:00:00,0.0,0.0,0.0,--,0.0,--,3.5,28.3,17.13,17.8,5.2,9,2023/09/09 13:00:00,7.4,25.7,25.7,26.1,26.3,27.5,27.5,28.2,,
2023-09-10,10,1005.6,1008.1,1006.5,2023/09/10 20:40:00,1004.5,2023/09/10 14:32:00,26.2,29.9,2023/09/10 12:23:00,21.4,2023/09/10 05:27:00,22.6,81,64,2023/09/10 11:34:00,4.1,40,11.8,30,2023/09/10 13:40:00,0.0,0.0,0.0,--,0.0,--,11.9,96.6,25.41,29.2,4.3,10,2023/09/10 13:00:00,5.8,25.8,25.8,26.0,26.2,27.3,27.2,28.0,,
2023-09-11,11,1005.7,1008.2,1006.9,2023/09/11 22:04:00,1004.6,2023/09/11 15:03:00,26.4,30.0,2023/09/11 13:21:00,22.1,2023/09/11 03:58:00,23.7,85,64,2023/09/11 15:04:00,2.1,30,8.3,20,2023/09/11 11:47:00,0.0,0.0,0.0,--,0.0,--,10.9,88.6,24.96,14.4,5.8,10,2023/09/11 12:00:00,5.0,26.2,26.2,26.1,26.3,27.4,27.1,27.9,,
2023-09-12,12,1005.7,1008.1,1006.7,2023/09/12 09:04:00,1004.3,2023/09/12 14:54:00,27.2,30.3,2023/09/12 14:52:00,23.2,2023/09/12 04:45:00,24.2,84,67,2023/09/12 09:23:00,2.3,340,6.9,40,2023/09/12 17:11:00,0.0,0.0,0.0,--,0.0,--,11.2,91.2,24.45,14.0,4.3,9,2023/09/12 13:00:00,3.0,26.6,26.6,26.5,26.6,27.6,27.2,27.8,,
2023-09-13,13,1005.8,1008.2,1006.5,2023/09/13 22:19:00,1004.7,2023/09/13 16:44:00,27.5,30.7,2023/09/13 12:38:00,25.0,2023/09/13 06:02:00,23.9,82,62,2023/09/13 14:36:00,2.0,280,7.8,280,2023/09/13 12:30:00,0.0,0.0,0.0,--,0.0,--,8.9,72.7,21.59,13.2,6.0,9,2023/09/13 12:00:00,9.0,27.5,27.5,27.2,27.1,28.0,27.4,27.7,,
2023-09-14,14,1006.8,1009.3,1008.4,2023/09/14 21:10:00,1005.7,2023/09/14 03:47:00,27.6,30.9,2023/09/14 10:46:00,24.3,2023/09/14 05:00:00,24.6,84,68,2023/09/14 08:51:00,2.0,310,6.6,310,2023/09/14 11:41:00,0.0,0.0,0.0,--,0.0,--,7.9,64.6,21.17,12.4,5.3,10,2023/09/14 12:00:00,5.2,27.7,27.7,27.4,27.4,28.2,27.6,27.7,,
2023-09-15,15,1008.2,1010.7,1010.1,2023/09/15 22:17:00,1006.7,2023/09/15 03:40:00,27.9,31.6,2023/09/15 13:05:00,24.7,2023/09/15 05:53:00,25.1,86,67,2023/09/15 13:00:00,2.2,180,6.8,290,2023/09/15 13:27:00,0.0,0.0,0.0,--,0.0,--,9.1,74.6,23.8,14.4,6.4,10,2023/09/15 12:00:00,6.4,28.4,28.4,27.9,27.9,28.6,27.9,27.8,,
2023-09-16,16,1009.7,1012.2,1011.2,2023/09/16 09:10:00,1008.3,2023/09/16 15:31:00,28.1,31.9,2023/09/16 10:29:00,25.0,2023/09/16 04:30:00,24.6,82,57,2023/09/16 10:15:00,1.8,290,6.2,280,2023/09/16 11:13:00,0.0,0.0,0.0,--,0.0,--,9.8,80.5,22.65,16.4,6.7,10,2023/09/16 13:00:00,6.8,28.5,28.5,28.2,28.2,29.0,28.2,27.9,,
2023-09-17,17,1009.0,1011.5,1010.6,2023/09/17 09:25:00,1007.5,2023/09/17 16:08:00,28.4,31.9,2023/09/17 12:38:00,26.0,2023/09/17 05:39:00,25.4,84,64,2023/09/17 10:13:00,1.9,120,6.2,250,2023/09/17 10:35:00,0.0,0.0,0.0,--,0.0,--,8.6,70.8,21.25,14.4,5.4,8,2023/09/17 13:00:00,4.8,29.0,29.0,28.5,28.5,29.3,28.4,28.0,,
2023-09-18,18,1009.4,1011.9,1010.7,2023/09/18 10:01:00,1008.3,2023/09/18 03:40:00,28.3,31.3,2023/09/18 11:16:00,25.7,2023/09/18 05:09:00,25.5,85,73,2023/09/18 12:12:00,2.6,180,8.0,40,2023/09/18 16:06:00,0.0,0.0,0.0,--,0.0,--,9.0,74.3,21.37,16.0,6.5,9,2023/09/18 13:00:00,2.8,29.0,29.0,28.7,28.7,29.4,28.6,28.1,,
2023-09-19,19,1009.0,1011.5,1010.9,2023/09/19 08:39:00,1007.4,2023/09/19 15:29:00,28.9,33.3,2023/09/19 15:05:00,26.0,2023/09/19 04:33:00,25.4,82,60,2023/09/19 15:06:00,2.3,170,8.0,30,2023/09/19 12:15:00,0.0,0.0,0.0,--,0.0,--,9.3,76.9,21.82,17.8,5.6,9,2023/09/19 12:00:00,2.6,29.2,29.2,28.8,28.8,29.6,28.8,28.2,,
2023-09-20,20,1008.2,1010.7,1010.0,2023/09/20 09:26:00,1006.8,2023/09/20 16:47:00,28.6,31.5,2023/09/20 11:20:00,26.7,2023/09/20 03:27:00,26.0,86,71,2023/09/20 11:05:00,2.3,240,8.4,270,2023/09/20 12:04:00,0.0,0.0,0.0,--,0.0,--,7.5,62.1,20.93,17.8,5.0,9,2023/09/20 12:00:00,5.0,29.4,29.4,29.1,29.1,29.8,29.0,28.4,,
2023-09-21,21,1008.4,1010.9,1010.1,2023/09/21 09:15:00,1007.4,2023/09/21 01:55:00,28.6,31.6,2023/09/21 11:18:00,26.2,2023/09/21 01:16:00,25.6,84,68,2023/09/21 11:34:00,2.6,280,6.4,280,2023/09/21 13:08:00,0.0,0.0,0.0,--,0.0,--,9.0,74.6,20.27,17.6,5.1,9,2023/09/21 12:00:00,3.6,29.5,29.5,29.1,29.1,29.9,29.1,28.5,,
2023-09-22,22,1007.5,1010.0,1009.2,2023/09/22 09:04:00,1005.5,2023/09/22 14:24:00,29.1,34.3,2023/09/22 12:01:00,25.4,2023/09/22 05:08:00,25.5,82,61,2023/09/22 12:12:00,5.0,50,17.5,40,2023/09/22 16:37:00,0.0,0.0,0.0,--,0.0,--,8.6,71.5,20.8,27.0,6.9,10,2023/09/22 12:00:00,5.2,29.0,29.0,29.0,29.0,29.9,29.2,28.6,,
2023-09-23,23,1007.1,1009.5,1008.4,2023/09/23 00:01:00,1005.2,2023/09/23 15:17:00,30.0,34.0,2023/09/23 16:02:00,27.6,2023/09/23 05:15:00,25.2,76,58,2023/09/23 16:02:00,5.4,60,16.2,40,2023/09/23 09:43:00,0.0,0.0,0.0,--,0.0,--,9.9,82.5,20.86,35.0,6.2,10,2023/09/23 12:00:00,4.0,29.1,29.1,29.0,29.0,29.9,29.2,28.7,,
2023-09-24,24,1007.6,1010.1,1009.4,2023/09/24 08:30:00,1006.2,2023/09/24 17:18:00,29.2,33.1,2023/09/24 13:08:00,26.0,2023/09/24 04:05:00,24.6,77,60,2023/09/24 13:06:00,3.7,50,12.8,50,2023/09/24 15:53:00,0.0,0.0,0.0,--,0.0,--,8.8,73.5,21.45,22.4,6.2,9,2023/09/24 13:00:00,4.0,29.2,29.2,29.0,29.0,29.9,29.2,28.8,,
2023-09-25,25,1007.8,1010.3,1009.5,2023/09/25 08:56:00,1006.4,2023/09/25 14:28:00,28.9,32.6,2023/09/25 09:35:00,25.4,2023/09/25 04:15:00,24.6,78,58,2023/09/25 09:36:00,5.3,40,16.1,50,2023/09/25 15:19:00,0.0,0.0,0.0,--,0.0,--,11.5,96.3,23.11,20.4,7.7,11,2023/09/25 12:00:00,3.0,28.9,28.9,28.9,29.0,29.9,29.3,28.8,,
2023-09-26,26,1008.4,1010.9,1010.0,2023/09/26 09:13:00,1006.9,2023/09/26 15:10:00,29.0,32.4,2023/09/26 11:52:00,26.1,2023/09/26 04:32:00,25.1,80,56,2023/09/26 11:57:00,5.8,50,16.0,60,2023/09/26 16:20:00,0.0,0.0,0.0,--,0.0,--,11.5,96.5,22.99,30.0,7.9,10,2023/09/26 12:00:00,5.0,29.0,29.0,28.9,28.9,29.9,29.3,28.9,,
2023-09-27,27,1007.8,1010.2,1009.2,2023/09/27 22:24:00,1005.7,2023/09/27 15:00:00,29.0,32.9,2023/09/27 10:46:00,27.1,2023/09/27 02:27:00,25.1,80,60,2023/09/27 10:47:00,6.6,50,16.2,50,2023/09/27 16:17:00,0.0,0.0,0.0,--,0.0,--,9.6,80.6,21.34,27.2,-5.3,10,2023/09/27 13:00:00,6.0,28.9,28.9,28.8,28.9,29.9,29.3,28.9,,
2023-09-28,28,1008.3,1010.8,1009.9,2023/09/28 07:10:00,1006.0,2023/09/28 15:12:00,29.0,32.3,2023/09/28 15:10:00,26.7,2023/09/28 06:09:00,25.7,83,67,2023/09/28 15:19:00,7.1,50,17.8,50,2023/09/28 13:43:00,T,0.2,T,2023/09/28 07:25:00,T,2023/09/28 07:25:00,9.3,78.3,22.63,24.2,7.7,10,2023/09/28 12:00:00,6.0,28.9,28.9,28.9,28.9,29.9,29.2,28.9,,
2023-09-29,29,1008.7,1011.2,1010.4,2023/09/29 07:58:00,1006.9,2023/09/29 15:26:00,29.2,33.1,2023/09/29 12:11:00,27.1,2023/09/29 03:09:00,25.7,82,65,2023/09/29 12:05:00,6.4,50,17.1,40,2023/09/29 14:09:00,0.0,0.0,0.0,--,0.0,--,9.0,76.0,21.1,16.0,6.8,10,2023/09/29 12:00:00,3.4,29.3,29.3,29.0,29.0,29.9,29.3,29.0,,
2023-09-30,30,1007.0,1009.5,1008.6,2023/09/30 08:12:00,1005.3,2023/09/30 15:23:00,28.8,32.5,2023/09/30 12:28:00,26.7,2023/09/30 04:53:00,25.2,81,65,2023/09/30 12:22:00,6.1,50,14.6,50,2023/09/30 15:15:00,0.0,0.0,0.0,--,0.0,--,11.4,96.4,22.89,20.0,6.8,10,2023/09/30 12:00:00,1.4,28.9,28.9,29.0,29.0,30.0,29.3,29.0,,
2023-10-01,1,1007.7,1010.2,1010.0,2023/10/01 22:38:00,1005.3,2023/10/01 03:12:00,27.9,31.8,2023/10/01 11:29:00,25.7,2023/10/01 22:14:00,24.4,82,60,2023/10/01 09:18:00,7.5,50,17.9,30,2023/10/01 13:12:00,T,0.9,T,2023/10/01 14:53:00,T,2023/10/01 14:53:00,8.7,73.8,21.21,16.8,-4.6,9,2023/10/01 12:00:00,3.4,28.3,28.3,28.6,28.7,29.8,29.3,29.0,,
2023-10-02,2,1009.6,1012.1,1011.0,2023/10/02 09:04:00,1007.8,2023/10/02 15:36:00,26.3,29.3,2023/10/02 12:35:00,24.3,2023/10/02 23:58:00,21.9,77,63,2023/10/02 15:55:00,6.4,50,16.0,30,2023/10/02 14:51:00,1.0,0.8,0.5,2023/10/02 06:42:00,0.5,2023/10/02 06:42:00,3.1,26.3,10.9,16.8,-6.0,7,2023/10/02 12:00:00,8.2,26.4,26.4,27.5,27.9,29.3,29.0,29.0,,
2023-10-03,3,1007.0,1009.5,1009.4,2023/10/03 00:01:00,1005.3,2023/10/03 15:33:00,26.4,29.2,2023/10/03 11:37:00,22.9,2023/10/03 04:35:00,23.0,82,67,2023/10/03 10:19:00,6.6,40,17.6,40,2023/10/03 23:22:00,0.0,0.0,0.0,--,0.0,--,1.2,10.2,8.06,22.4,-1.8,6,2023/10/03 12:00:00,8.2,26.4,26.4,26.8,27.1,28.4,28.5,29.0,,
2023-10-04,4,1004.1,1006.6,1006.1,2023/10/04 00:01:00,1002.2,2023/10/04 15:27:00,26.0,27.3,2023/10/04 00:21:00,24.7,2023/10/04 22:54:00,24.9,94,87,2023/10/04 13:54:00,10.2,40,24.7,40,2023/10/04 22:44:00,12.5,7.7,2.0,2023/10/04 05:53:00,3.5,2023/10/04 05:33:00,0.0,0.0,3.09,7.6,-0.5,3,2023/10/04 11:00:00,10.0,25.7,25.7,26.5,26.9,28.2,28.1,28.8,,
2023-10-05,5,1000.5,1003.0,1004.1,2023/10/05 23:48:00,995.7,2023/10/05 12:33:00,25.6,28.5,2023/10/05 16:36:00,24.2,2023/10/05 07:15:00,24.4,93,76,2023/10/05 16:33:00,15.2,50,32.2,50,2023/10/05 12:59:00,12.5,7.7,1.5,2023/10/05 06:29:00,4.5,2023/10/05 05:48:00,0.5,4.3,9.63,12.0,-3.4,6,2023/10/05 12:00:00,9.0,24.6,24.6,25.5,25.9,27.3,27.6,28.6,,
2023-10-06,6,1006.5,1009.0,1008.4,2023/10/06 21:26:00,1003.6,2023/10/06 00:27:00,26.0,28.0,2023/10/06 12:53:00,25.1,2023/10/06 06:06:00,24.4,91,81,2023/10/06 12:54:00,7.7,50,22.6,60,2023/10/06 11:04:00,2.0,1.4,0.5,2023/10/06 19:42:00,2.0,2023/10/06 19:42:00,2.3,19.7,14.1,14.4,-2.8,8,2023/10/06 13:00:00,8.8,25.2,25.2,25.6,25.8,27.1,27.2,28.4,,
2023-10-07,7,1008.8,1011.3,1011.7,2023/10/07 21:32:00,1006.9,2023/10/07 03:41:00,25.7,28.1,2023/10/07 12:32:00,24.3,2023/10/07 22:48:00,25.0,96,89,2023/10/07 12:43:00,3.8,30,13.3,30,2023/10/07 18:12:00,3.0,2.8,1.0,2023/10/07 22:52:00,2.0,2023/10/07 22:42:00,0.4,3.4,10.02,12.2,-2.7,7,2023/10/07 13:00:00,9.8,26.1,26.1,26.1,26.2,27.3,27.1,28.2,,
2023-10-08,8,1012.1,1014.6,1014.3,2023/10/08 21:53:00,1010.5,2023/10/08 03:47:00,25.0,26.2,2023/10/08 12:52:00,23.9,2023/10/08 05:50:00,23.8,93,88,2023/10/08 21:05:00,6.6,50,14.1,60,2023/10/08 23:42:00,1.0,2.4,0.5,2023/10/08 02:51:00,1.0,2023/10/08 02:51:00,0.0,0.0,5.88,16.8,-1.1,4,2023/10/08 13:00:00,10.0,24.6,24.6,25.4,25.8,27.0,27.1,28.0,,
2023-10-09,9,1013.3,1015.8,1015.9,2023/10/09 21:12:00,1011.5,2023/10/09 03:16:00,24.5,26.6,2023/10/09 11:22:00,22.8,2023/10/09 23:13:00,23.4,94,85,2023/10/09 11:05:00,8.9,50,18.3,40,2023/10/09 10:48:00,4.0,8.2,0.5,2023/10/09 17:57:00,1.5,2023/10/09 22:05:00,0.4,3.4,8.44,13.2,-1.2,7,2023/10/09 12:00:00,9.6,24.2,24.2,25.0,25.3,26.6,26.7,27.9,,
2023-10-10,10,1014.1,1016.6,1015.9,2023/10/10 07:57:00,1011.4,2023/10/10 14:39:00,24.3,27.2,2023/10/10 10:53:00,22.5,2023/10/10 01:18:00,22.3,89,78,2023/10/10 15:02:00,8.2,50,20.7,50,2023/10/10 14:39:00,2.0,2.8,0.5,2023/10/10 00:47:00,1.0,2023/10/10 05:20:00,1.4,12.1,9.36,18.8,-3.6,7,2023/10/10 11:00:00,8.8,23.6,23.6,24.3,24.7,26.1,26.4,27.7,,
2023-10-11,11,1015.0,1017.5,1016.6,2023/10/11 21:25:00,1013.4,2023/10/11 14:55:00,24.7,27.7,2023/10/11 12:21:00,22.6,2023/10/11 05:40:00,19.7,74,59,2023/10/11 11:22:00,8.5,60,18.8,40,2023/10/11 13:13:00,T,0.5,T,2023/10/11 19:29:00,T,2023/10/11 19:29:00,8.2,70.9,20.25,21.4,-6.4,9,2023/10/11 12:00:00,6.2,23.0,23.0,23.9,24.2,25.7,26.0,27.5,,
2023-10-12,12,1014.8,1017.3,1016.4,2023/10/12 09:14:00,1013.2,2023/10/12 14:52:00,25.0,27.5,2023/10/12 10:54:00,22.6,2023/10/12 00:47:00,20.7,77,68,2023/10/12 15:58:00,7.6,50,16.3,50,2023/10/12 08:17:00,0.0,0.0,0.0,--,0.0,--,9.9,85.9,20.27,16.8,5.3,9,2023/10/12 12:00:00,4.2,23.6,23.6,23.9,24.2,25.5,25.8,27.3,,
2023-10-13,13,1012.4,1014.9,1014.4,2023/10/13 07:59:00,1010.5,2023/10/13 14:11:00,24.9,27.8,2023/10/13 10:30:00,22.8,2023/10/13 23:55:00,20.5,77,66,2023/10/13 12:33:00,6.2,50,14.8,50,2023/10/13 12:51:00,0.0,0.0,0.0,--,0.0,--,10.1,87.8,20.58,16.0,5.4,9,2023/10/13 12:00:00,3.2,23.9,23.9,24.2,24.4,25.6,25.7,27.1,,
2023-10-14,14,1011.2,1013.7,1012.6,2023/10/14 09:23:00,1009.3,2023/10/14 15:07:00,24.2,26.4,2023/10/14 14:39:00,22.2,2023/10/14 00:32:00,20.2,78,71,2023/10/14 14:04:00,4.4,60,11.3,60,2023/10/14 15:47:00,0.0,0.0,0.0,--,0.0,--,3.0,26.1,11.06,25.2,4.0,5,2023/10/14 13:00:00,8.4,23.8,23.8,24.1,24.4,25.7,25.7,27.0,,
2023-10-15,15,1012.2,1014.7,1013.8,2023/10/15 22:57:00,1010.8,2023/10/15 04:04:00,23.8,27.0,2023/10/15 10:32:00,21.8,2023/10/15 01:20:00,18.2,71,56,2023/10/15 12:50:00,4.9,60,13.6,50,2023/10/15 12:23:00,0.0,0.0,0.0,--,0.0,--,5.3,46.3,17.31,14.8,5.2,8,2023/10/15 11:00:00,7.6,23.3,23.3,23.8,24.2,25.5,25.6,26.9,,
2023-10-16,16,1013.7,1016.2,1015.3,2023/10/16 20:44:00,1012.0,2023/10/16 13:50:00,24.9,28.7,2023/10/16 12:48:00,22.0,2023/10/16 00:01:00,16.2,60,42,2023/10/16 12:41:00,7.1,60,16.3,60,2023/10/16 13:59:00,0.0,0.0,0.0,--,0.0,--,10.4,91.0,20.24,16.8,6.8,8,2023/10/16 12:00:00,3.2,23.6,23.6,23.6,23.9,25.3,25.4,26.8,,
2023-10-17,17,1014.5,1017.0,1016.3,2023/10/17 09:40:00,1013.4,2023/10/17 15:12:00,25.1,28.7,2023/10/17 13:57:00,22.9,2023/10/17 02:08:00,17.0,61,51,2023/10/17 10:33:00,6.3,60,15.5,50,2023/10/17 09:58:00,0.0,0.0,0.0,--,0.0,--,5.9,51.7,18.03,16.0,4.9,8,2023/10/17 12:00:00,8.2,23.8,23.8,23.6,23.8,25.2,25.3,26.7,,
2023-10-18,18,1013.9,1016.4,1016.0,2023/10/18 08:44:00,1012.4,2023/10/18 14:55:00,25.7,30.0,2023/10/18 12:14:00,21.1,2023/10/18 05:15:00,21.5,78,61,2023/10/18 11:42:00,1.7,50,6.5,50,2023/10/18 00:22:00,0.0,0.0,0.0,--,0.0,--,9.2,80.8,19.39,11.2,3.4,8,2023/10/18 12:00:00,5.8,24.9,24.9,24.5,24.5,25.6,25.4,26.6,,
2023-10-19,19,1012.7,1015.2,1014.1,2023/10/19 07:38:00,1010.5,2023/10/19 15:10:00,25.6,28.7,2023/10/19 10:15:00,22.1,2023/10/19 04:19:00,23.3,87,68,2023/10/19 09:09:00,2.2,330,6.4,360,2023/10/19 10:24:00,T,0.1,T,2023/10/19 22:29:00,T,2023/10/19 22:29:00,7.6,66.9,17.97,10.8,-3.3,8,2023/10/19 12:00:00,4.6,25.5,25.5,25.1,25.1,26.1,25.6,26.5,,
2023-10-20,20,1014.3,1016.8,1017.9,2023/10/20 21:20:00,1011.2,2023/10/20 03:01:00,23.6,26.6,2023/10/20 10:58:00,20.8,2023/10/20 21:27:00,22.8,95,84,2023/10/20 11:56:00,5.2,50,16.9,40,2023/10/20 19:53:00,8.5,6.5,1.5,2023/10/20 13:15:00,4.5,2023/10/20 13:15:00,0.0,0.0,5.38,11.4,-1.9,4,2023/10/20 11:00:00,9.8,24.3,24.3,25.1,25.3,26.4,25.9,26.5,,
2023-10-21,21,1017.0,1019.5,1018.7,2023/10/21 09:24:00,1015.8,2023/10/21 04:08:00,22.3,23.2,2023/10/21 15:51:00,21.1,2023/10/21 00:25:00,18.8,81,75,2023/10/21 15:51:00,8.2,60,19.1,50,2023/10/21 22:44:00,0.5,0.5,0.5,2023/10/21 00:25:00,0.5,2023/10/21 00:25:00,0.0,0.0,6.03,21.0,4.0,3,2023/10/21 12:00:00,10.0,21.6,21.6,22.8,23.5,25.1,25.5,26.6,,
2023-10-22,22,1015.8,1018.3,1017.7,2023/10/22 09:54:00,1014.3,2023/10/22 15:24:00,23.9,26.6,2023/10/22 13:02:00,21.7,2023/10/22 00:01:00,19.4,76,68,2023/10/22 13:03:00,6.9,60,15.2,60,2023/10/22 02:37:00,0.0,0.0,0.0,--,0.0,--,1.5,13.3,12.19,24.0,3.4,6,2023/10/22 11:00:00,9.2,22.5,22.5,22.6,23.0,24.5,24.9,26.5,,
2023-10-23,23,1014.3,1016.8,1016.2,2023/10/23 08:54:00,1012.7,2023/10/23 14:06:00,25.2,29.3,2023/10/23 14:25:00,22.4,2023/10/23 02:52:00,21.5,80,65,2023/10/23 14:26:00,3.3,60,11.6,40,2023/10/23 12:37:00,0.0,0.0,0.0,--,0.0,--,5.0,44.3,15.22,25.2,3.3,8,2023/10/23 12:00:00,7.8,24.1,24.1,23.7,23.8,24.9,24.8,26.3,,
2023-10-24,24,1013.8,1016.3,1016.1,2023/10/24 08:33:00,1012.6,2023/10/24 14:23:00,25.0,29.0,2023/10/24 11:24:00,22.5,2023/10/24 06:26:00,22.5,86,72,2023/10/24 11:13:00,3.4,40,11.7,30,2023/10/24 16:28:00,0.0,0.0,0.0,--,0.0,--,5.5,48.9,14.77,14.0,3.5,7,2023/10/24 11:00:00,6.8,24.6,24.6,24.2,24.3,25.3,25.0,26.2,,
2023-10-25,25,1012.9,1015.4,1014.6,2023/10/25 08:16:00,1011.1,2023/10/25 14:18:00,25.0,27.6,2023/10/25 11:03:00,22.7,2023/10/25 23:52:00,23.0,89,78,2023/10/25 13:18:00,5.4,50,14.7,40,2023/10/25 14:45:00,0.0,0.0,0.0,--,0.0,--,10.2,90.8,19.29,18.4,4.2,8,2023/10/25 12:00:00,3.4,24.7,24.7,24.6,24.6,25.6,25.2,26.1,,
2023-10-26,26,1011.9,1014.4,1013.4,2023/10/26 07:52:00,1010.9,2023/10/26 13:50:00,24.8,29.2,2023/10/26 11:07:00,20.7,2023/10/26 02:57:00,20.9,80,56,2023/10/26 11:03:00,2.2,40,7.5,50,2023/10/26 16:19:00,0.0,0.0,0.0,--,0.0,--,9.2,82.1,17.32,16.0,-3.5,8,2023/10/26 12:00:00,3.2,24.4,24.4,24.2,24.4,25.5,25.3,26.1,,
2023-10-27,27,1012.2,1014.7,1013.7,2023/10/27 09:09:00,1010.9,2023/10/27 03:39:00,24.1,26.4,2023/10/27 13:23:00,22.6,2023/10/27 20:25:00,20.5,81,72,2023/10/27 14:00:00,5.7,50,13.2,30,2023/10/27 14:26:00,T,0.7,T,2023/10/27 04:28:00,T,2023/10/27 04:28:00,0.4,3.6,7.41,18.4,-2.4,4,2023/10/27 14:00:00,9.4,23.8,23.8,24.3,24.5,25.6,25.3,26.1,,
2023-10-28,28,1013.0,1015.5,1015.0,2023/10/28 09:02:00,1011.0,2023/10/28 02:10:00,22.1,23.7,2023/10/28 01:16:00,19.7,2023/10/28 07:48:00,18.2,79,67,2023/10/28 20:24:00,6.0,60,14.2,60,2023/10/28 19:34:00,6.5,2.9,2.5,2023/10/28 07:49:00,5.5,2023/10/28 07:16:00,0.4,3.6,7.23,15.2,3.2,4,2023/10/28 12:00:00,9.2,21.7,21.7,22.9,23.5,24.9,25.1,26.1,,
2023-10-29,29,1013.8,1016.3,1015.1,2023/10/29 09:12:00,1012.1,2023/10/29 03:22:00,23.3,25.2,2023/10/29 11:14:00,22.5,2023/10/29 00:33:00,18.6,75,69,2023/10/29 12:25:00,6.6,50,14.0,60,2023/10/29 13:48:00,0.0,0.0,0.0,--,0.0,--,1.1,9.9,9.1,18.4,-2.9,5,2023/10/29 12:00:00,8.6,22.1,22.1,22.5,22.9,24.4,24.6,26.1,,
2023-10-30,30,1014.8,1017.3,1016.4,2023/10/30 22:01:00,1013.3,2023/10/30 04:26:00,23.9,26.0,2023/10/30 13:15:00,22.5,2023/10/30 03:19:00,21.0,84,75,2023/10/30 09:50:00,6.4,50,13.2,50,2023/10/30 15:12:00,T,0.3,T,2023/10/30 01:38:00,T,2023/10/30 01:38:00,3.3,29.7,13.69,18.4,3.5,6,2023/10/30 13:00:00,7.0,23.2,23.2,22.9,23.1,24.3,24.4,25.9,,
2023-10-31,31,1015.7,1018.2,1017.2,2023/10/31 09:09:00,1014.1,2023/10/31 14:24:00,24.3,26.9,2023/10/31 12:09:00,22.5,2023/10/31 06:12:00,20.7,81,71,2023/10/31 12:10:00,8.0,50,19.1,50,2023/10/31 13:36:00,0.0,0.0,0.0,--,0.0,--,8.6,77.5,17.98,28.0,5.2,7,2023/10/31 12:00:00,2.4,23.5,23.5,23.2,23.4,24.5,24.5,25.8,,
2023-11-01,1,1014.5,1017.0,1016.4,2023/11/01 08:39:00,1012.8,2023/11/01 16:20:00,24.9,28.8,2023/11/01 11:30:00,21.8,2023/11/01 23:38:00,20.3,76,60,2023/11/01 10:59:00,5.5,60,14.6,50,2023/11/01 13:39:00,0.0,0.0,0.0,--,0.0,--,10.0,90.2,18.06,28.0,4.5,8,2023/11/01 12:00:00,2.2,23.9,23.9,23.5,23.5,24.6,24.5,25.7,,
2023-11-02,2,1012.5,1015.0,1014.0,2023/11/02 09:05:00,1011.3,2023/11/02 14:27:00,23.6,28.1,2023/11/02 09:53:00,19.2,2023/11/02 05:54:00,21.1,87,66,2023/11/02 08:40:00,1.8,290,5.9,270,2023/11/02 12:14:00,0.0,0.0,0.0,--,0.0,--,10.6,95.7,18.38,17.6,3.2,7,2023/11/02 12:00:00,1.0,23.6,23.6,23.5,23.6,24.7,24.5,25.6,,
2023-11-03,3,1011.3,1013.8,1013.0,2023/11/03 09:07:00,1010.1,2023/11/03 15:09:00,23.7,27.3,2023/11/03 11:20:00,20.3,2023/11/03 05:31:00,22.2,92,78,2023/11/03 11:40:00,2.4,180,7.3,300,2023/11/03 13:23:00,0.0,0.0,0.0,--,0.0,--,8.2,74.3,17.25,14.4,3.2,7,2023/11/03 12:00:00,5.2,24.0,24.0,23.7,23.8,24.9,24.6,25.6,,
2023-11-04,4,1011.7,1014.2,1013.1,2023/11/04 08:24:00,1010.5,2023/11/04 15:03:00,24.1,27.4,2023/11/04 12:42:00,21.2,2023/11/04 04:28:00,22.6,91,78,2023/11/04 10:15:00,1.9,170,5.3,260,2023/11/04 11:27:00,0.0,0.0,0.0,--,0.0,--,10.4,94.3,18.08,12.8,3.1,7,2023/11/04 12:00:00,1.8,24.4,24.4,24.1,24.1,25.1,24.7,25.6,,
2023-11-05,5,1012.0,1014.5,1013.3,2023/11/05 09:06:00,1010.6,2023/11/05 14:42:00,23.9,27.4,2023/11/05 11:45:00,20.8,2023/11/05 05:01:00,21.8,88,64,2023/11/05 16:06:00,2.1,170,5.9,300,2023/11/05 12:03:00,0.0,0.0,0.0,--,0.0,--,9.9,90.0,17.73,22.2,3.3,8,2023/11/05 12:00:00,2.4,24.0,24.0,24.0,24.1,25.2,24.8,25.6,,
2023-11-06,6,1013.4,1015.9,1016.3,2023/11/06 23:13:00,1011.0,2023/11/06 04:13:00,25.2,29.6,2023/11/06 10:40:00,21.6,2023/11/06 06:27:00,20.2,75,59,2023/11/06 10:43:00,5.2,50,17.9,50,2023/11/06 19:13:00,0.0,0.0,0.0,--,0.0,--,8.4,76.5,16.78,27.4,6.0,7,2023/11/06 12:00:00,5.8,24.5,24.5,24.1,24.2,25.2,24.9,25.6,,
2023-11-07,7,1015.9,1018.4,1018.1,2023/11/07 09:06:00,1014.1,2023/11/07 23:56:00,22.7,25.0,2023/11/07 11:59:00,21.6,2023/11/07 05:43:00,16.0,66,52,2023/11/07 10:24:00,8.9,60,18.6,40,2023/11/07 14:40:00,0.0,0.0,0.0,--,0.0,--,8.0,72.9,15.39,23.2,4.5,7,2023/11/07 12:00:00,4.2,22.6,22.6,23.4,23.7,25.1,24.9,25.6,,
2023-11-08,8,1013.4,1015.9,1015.0,2023/11/08 08:40:00,1011.9,2023/11/08 14:34:00,24.1,28.3,2023/11/08 12:21:00,19.9,2023/11/08 06:23:00,19.7,77,64,2023/11/08 11:24:00,2.5,30,12.7,60,2023/11/08 00:11:00,0.0,0.0,0.0,--,0.0,--,4.4,40.2,13.44,16.0,2.4,6,2023/11/08 12:00:00,7.2,23.6,23.6,23.5,23.6,24.8,24.6,25.7,,
2023-11-09,9,1013.1,1015.6,1014.4,2023/11/09 23:15:00,1011.0,2023/11/09 15:09:00,24.5,28.0,2023/11/09 11:25:00,21.2,2023/11/09 05:46:00,21.8,85,66,2023/11/09 09:16:00,2.1,220,7.0,240,2023/11/09 13:42:00,0.0,0.0,0.0,--,0.0,--,10.1,92.4,16.5,17.8,3.2,6,2023/11/09 13:00:00,4.0,24.4,24.4,24.0,24.1,25.1,24.7,25.6,,
2023-11-10,10,1015.3,1017.8,1017.5,2023/11/10 23:54:00,1013.5,2023/11/10 03:54:00,24.1,28.1,2023/11/10 12:11:00,21.7,2023/11/10 23:59:59,22.3,90,78,2023/11/10 10:23:00,5.3,50,16.6,50,2023/11/10 18:51:00,T,0.5,T,2023/11/10 20:49:00,T,2023/11/10 20:49:00,3.0,27.5,12.18,13.2,-3.8,6,2023/11/10 12:00:00,8.2,24.6,24.6,24.5,24.5,25.4,24.9,25.6,,
2023-11-11,11,1016.9,1019.4,1018.6,2023/11/11 21:15:00,1014.9,2023/11/11 14:44:00,22.1,23.7,2023/11/11 09:09:00,20.9,2023/11/11 23:11:00,19.9,88,80,2023/11/11 08:39:00,9.4,50,19.9,50,2023/11/11 09:28:00,T,0.3,T,2023/11/11 22:01:00,T,2023/11/11 22:01:00,1.4,12.8,9.76,16.0,-2.1,4,2023/11/11 12:00:00,7.8,22.8,22.8,23.6,23.9,25.1,24.9,25.6,,
2023-11-12,12,1019.2,1021.8,1022.6,2023/11/12 23:04:00,1016.8,2023/11/12 03:43:00,20.8,22.9,2023/11/12 15:10:00,18.1,2023/11/12 23:57:00,19.0,90,75,2023/11/12 12:57:00,9.5,50,20.3,40,2023/11/12 16:37:00,2.5,7.6,0.5,2023/11/12 05:02:00,0.5,2023/11/12 05:02:00,1.2,11.0,7.44,15.2,-1.7,3,2023/11/12 14:00:00,9.8,21.4,21.4,22.7,23.1,24.6,24.6,25.6,,
2023-11-13,13,1022.2,1024.8,1024.5,2023/11/13 08:48:00,1020.7,2023/11/13 14:51:00,18.1,18.7,2023/11/13 03:19:00,17.2,2023/11/13 07:58:00,14.2,78,71,2023/11/13 18:43:00,9.6,50,20.4,50,2023/11/13 11:03:00,1.0,4.6,0.5,2023/11/13 00:45:00,0.5,2023/11/13 00:45:00,0.2,1.8,3.82,12.4,-3.8,2,2023/11/13 14:00:00,9.8,18.6,18.6,20.7,21.5,23.4,24.1,25.6,,
2023-11-14,14,1020.1,1022.7,1022.4,2023/11/14 09:19:00,1018.5,2023/11/14 14:44:00,19.1,19.7,2023/11/14 14:14:00,18.4,2023/11/14 00:01:00,16.1,83,70,2023/11/14 02:38:00,6.6,60,14.1,60,2023/11/14 12:33:00,T,4.7,T,2023/11/14 06:54:00,T,2023/11/14 06:54:00,0.0,0.0,2.32,13.2,-1.0,1,2023/11/14 12:00:00,10.0,19.6,19.6,20.4,20.9,22.6,23.3,25.3,,
2023-11-15,15,1019.1,1021.6,1021.6,2023/11/15 09:28:00,1016.8,2023/11/15 15:15:00,21.5,24.8,2023/11/15 12:24:00,19.0,2023/11/15 05:10:00,17.2,77,62,2023/11/15 12:02:00,7.0,60,18.7,60,2023/11/15 11:00:00,T,0.1,T,2023/11/15 01:01:00,T,2023/11/15 01:01:00,10.1,93.3,17.94,30.0,-2.5,7,2023/11/15 12:00:00,1.6,21.2,21.2,20.9,21.2,22.6,22.9,25.1,,
2023-11-16,16,1020.0,1022.5,1023.3,2023/11/16 22:40:00,1017.1,2023/11/16 03:04:00,20.3,24.3,2023/11/16 09:29:00,16.2,2023/11/16 22:08:00,18.3,88,64,2023/11/16 23:45:00,4.0,40,12.6,20,2023/11/16 17:22:00,6.0,4.2,1.0,2023/11/16 20:51:00,2.5,2023/11/16 20:38:00,0.1,0.9,4.1,12.8,-2.6,3,2023/11/16 10:00:00,9.8,21.1,21.1,21.4,21.7,22.9,22.9,24.8,,
2023-11-17,17,1022.0,1024.6,1023.8,2023/11/17 09:17:00,1020.4,2023/11/17 13:56:00,16.7,19.4,2023/11/17 11:43:00,12.9,2023/11/17 23:15:00,8.7,59,48,2023/11/17 11:22:00,5.4,40,12.6,30,2023/11/17 02:15:00,T,0.1,T,2023/11/17 00:28:00,T,2023/11/17 00:28:00,9.4,87.1,17.76,21.6,4.1,6,2023/11/17 12:00:00,4.8,17.7,17.7,19.4,20.2,22.1,22.7,24.7,,
2023-11-18,18,1021.3,1023.9,1023.6,2023/11/18 08:24:00,1019.3,2023/11/18 15:11:00,16.2,20.3,2023/11/18 11:03:00,12.4,2023/11/18 05:56:00,7.7,58,42,2023/11/18 11:37:00,6.5,50,16.7,50,2023/11/18 14:43:00,0.0,0.0,0.0,--,0.0,--,10.1,93.7,17.84,26.0,5.9,6,2023/11/18 12:00:00,2.0,16.7,16.7,18.0,18.9,21.0,21.9,24.5,,
2023-11-19,19,1018.2,1020.7,1020.7,2023/11/19 00:01:00,1016.0,2023/11/19 15:36:00,18.5,22.1,2023/11/19 12:12:00,13.6,2023/11/19 05:37:00,13.3,72,59,2023/11/19 10:15:00,5.4,60,14.1,60,2023/11/19 14:57:00,0.0,0.0,0.0,--,0.0,--,10.1,93.8,17.37,32.0,3.5,6,2023/11/19 12:00:00,2.4,18.3,18.3,18.4,18.9,20.6,21.4,24.2,,
2023-11-20,20,1016.2,1018.8,1017.5,2023/11/20 08:09:00,1014.8,2023/11/20 14:15:00,20.8,24.2,2023/11/20 11:37:00,18.5,2023/11/20 03:03:00,14.7,68,57,2023/11/20 09:49:00,7.1,60,16.7,50,2023/11/20 11:37:00,0.0,0.0,0.0,--,0.0,--,9.7,90.2,16.96,37.0,3.9,6,2023/11/20 12:00:00,4.4,19.8,19.8,19.5,19.7,21.1,21.4,23.9,,
2023-11-21,21,1014.3,1016.8,1016.7,2023/11/21 07:17:00,1012.0,2023/11/21 15:15:00,21.1,25.3,2023/11/21 11:28:00,16.8,2023/11/21 05:38:00,17.1,79,66,2023/11/21 10:39:00,4.4,50,15.5,50,2023/11/21 14:21:00,0.0,0.0,0.0,--,0.0,--,9.5,88.5,16.37,33.0,3.1,6,2023/11/21 12:00:00,2.6,20.6,20.6,20.1,20.2,21.5,21.5,23.7,,
2023-11-22,22,1013.1,1015.6,1014.8,2023/11/22 09:07:00,1011.4,2023/11/22 14:33:00,20.4,26.3,2023/11/22 12:51:00,15.7,2023/11/22 05:17:00,17.2,83,60,2023/11/22 10:17:00,2.5,40,10.1,50,2023/11/22 14:54:00,0.0,0.0,0.0,--,0.0,--,10.3,96.0,17.14,27.0,2.9,6,2023/11/22 12:00:00,1.4,20.2,20.2,20.1,20.4,21.7,21.7,23.6,,
2023-11-23,23,1014.0,1016.6,1015.9,2023/11/23 23:26:00,1012.0,2023/11/23 02:13:00,20.8,25.6,2023/11/23 12:02:00,15.4,2023/11/23 04:37:00,17.3,81,61,2023/11/23 09:06:00,4.4,60,13.7,50,2023/11/23 18:34:00,0.0,0.0,0.0,--,0.0,--,10.3,96.1,17.57,21.2,3.9,6,2023/11/23 12:00:00,3.6,20.4,20.4,20.1,20.3,21.7,21.7,23.5,,
2023-11-24,24,1018.8,1021.3,1020.6,2023/11/24 21:07:00,1015.5,2023/11/24 01:29:00,20.2,21.7,2023/11/24 12:49:00,18.8,2023/11/24 20:41:00,14.2,69,62,2023/11/24 13:20:00,10.6,60,23.6,60,2023/11/24 12:35:00,0.0,0.0,0.0,--,0.0,--,2.5,23.4,11.31,13.8,5.1,4,2023/11/24 13:00:00,7.6,20.0,20.0,20.3,20.6,21.9,21.9,23.5,,
2023-11-25,25,1019.0,1021.6,1020.6,2023/11/25 08:47:00,1017.5,2023/11/25 15:04:00,20.2,23.1,2023/11/25 10:57:00,18.8,2023/11/25 00:03:00,15.5,75,62,2023/11/25 10:46:00,9.4,60,20.5,60,2023/11/25 13:25:00,0.0,0.0,0.0,--,0.0,--,8.5,79.5,15.56,20.2,-3.1,6,2023/11/25 12:00:00,4.6,20.2,20.2,20.1,20.4,21.7,21.8,23.5,,
2023-11-26,26,1017.2,1019.8,1019.6,2023/11/26 07:27:00,1014.8,2023/11/26 15:14:00,20.2,22.4,2023/11/26 13:06:00,18.5,2023/11/26 06:31:00,16.9,82,69,2023/11/26 13:12:00,7.3,50,17.8,50,2023/11/26 12:37:00,T,1.3,T,2023/11/26 04:03:00,T,2023/11/26 04:03:00,0.4,3.7,7.72,15.2,2.8,4,2023/11/26 13:00:00,8.4,20.2,20.2,20.3,20.6,21.8,21.8,23.4,,
2023-11-27,27,1015.7,1018.2,1016.9,2023/11/27 20:48:00,1014.5,2023/11/27 14:24:00,21.0,25.1,2023/11/27 14:30:00,18.2,2023/11/27 04:59:00,17.4,81,38,2023/11/27 14:46:00,5.4,50,12.7,20,2023/11/27 08:58:00,0.0,0.0,0.0,--,0.0,--,9.1,85.3,16.02,16.8,4.0,6,2023/11/27 12:00:00,3.4,20.9,20.9,20.6,20.7,21.9,21.8,23.4,,
2023-11-28,28,1016.5,1019.0,1019.7,2023/11/28 08:44:00,1013.9,2023/11/28 14:47:00,22.0,25.9,2023/11/28 13:07:00,19.5,2023/11/28 06:48:00,13.0,58,33,2023/11/28 13:49:00,7.5,60,18.9,50,2023/11/28 14:14:00,0.0,0.0,0.0,--,0.0,--,10.1,94.8,17.3,26.0,5.6,6,2023/11/28 12:00:00,1.0,21.0,21.0,20.6,20.7,22.0,21.9,23.3,,
2023-11-29,29,1016.7,1019.2,1018.4,2023/11/29 23:26:00,1014.4,2023/11/29 01:09:00,22.6,26.1,2023/11/29 13:45:00,20.6,2023/11/29 01:59:00,16.8,71,45,2023/11/29 13:41:00,2.7,110,9.0,180,2023/11/29 13:36:00,0.0,0.0,0.0,--,0.0,--,0.2,1.9,6.84,11.2,-2.5,3,2023/11/29 13:00:00,8.6,21.5,21.5,21.0,21.1,22.1,21.9,23.3,,
2023-11-30,30,1019.3,1021.9,1020.8,2023/11/30 20:37:00,1018.0,2023/11/30 00:05:00,20.0,22.4,2023/11/30 01:17:00,18.2,2023/11/30 15:27:00,17.5,86,73,2023/11/30 05:00:00,8.6,50,20.2,60,2023/11/30 08:50:00,T,4.5,T,2023/11/30 05:07:00,T,2023/11/30 05:07:00,0.0,0.0,4.9,10.4,-2.0,3,2023/11/30 11:00:00,9.6,20.2,20.2,21.0,21.3,22.3,22.1,23.3,,
2023-12-01,1,1021.0,1023.6,1022.8,2023/12/01 09:34:00,1019.5,2023/12/01 00:54:00,16.7,18.8,2023/12/01 01:37:00,15.8,2023/12/01 21:20:00,14.5,87,75,2023/12/01 20:35:00,10.5,50,20.8,60,2023/12/01 17:42:00,3.0,3.1,1.0,2023/12/01 03:34:00,2.5,2023/12/01 03:34:00,0.0,0.0,2.15,14.4,-2.0,1,2023/12/01 13:00:00,10.0,17.4,17.4,19.3,19.9,21.5,21.9,23.3,,
2023-12-02,2,1019.8,1022.4,1022.2,2023/12/02 09:00:00,1018.2,2023/12/02 15:21:00,18.1,21.7,2023/12/02 11:43:00,16.3,2023/12/02 04:18:00,15.1,83,66,2023/12/02 11:44:00,9.0,50,18.4,50,2023/12/02 12:54:00,T,0.4,T,2023/12/02 06:01:00,T,2023/12/02 06:01:00,1.1,10.4,8.48,17.8,-2.2,4,2023/12/02 12:00:00,8.2,18.1,18.1,18.5,19.0,20.6,21.2,23.2,,
2023-12-03,3,1018.3,1020.9,1020.3,2023/12/03 09:45:00,1016.8,2023/12/03 15:26:00,19.2,21.1,2023/12/03 12:46:00,18.4,2023/12/03 07:22:00,17.6,90,79,2023/12/03 12:47:00,8.7,50,18.2,50,2023/12/03 10:05:00,T,1.3,T,2023/12/03 17:06:00,T,2023/12/03 17:06:00,0.8,7.5,6.84,25.0,-0.3,4,2023/12/03 13:00:00,9.4,19.2,19.2,19.3,19.5,20.8,21.0,23.1,,
2023-12-04,4,1014.3,1016.9,1017.0,2023/12/04 00:29:00,1012.5,2023/12/04 14:48:00,19.2,20.1,2023/12/04 12:13:00,18.5,2023/12/04 05:31:00,19.0,99,93,2023/12/04 00:01:00,2.9,50,14.0,30,2023/12/04 00:19:00,55.0,18.9,2.5,2023/12/04 03:48:00,7.0,2023/12/04 08:21:00,0.0,0.0,2.15,4.8,-0.2,1,2023/12/04 11:00:00,10.0,19.6,19.6,19.5,19.7,20.9,21.0,22.9,,
2023-12-05,5,1013.4,1016.0,1015.1,2023/12/05 08:55:00,1012.0,2023/12/05 14:03:00,19.1,20.2,2023/12/05 11:14:00,18.5,2023/12/05 07:40:00,17.3,89,79,2023/12/05 15:49:00,4.0,50,10.7,40,2023/12/05 17:22:00,1.5,2.1,0.5,2023/12/05 04:30:00,0.5,2023/12/05 04:30:00,0.0,0.0,3.41,18.4,-0.9,2,2023/12/05 12:00:00,10.0,19.2,19.2,19.6,19.8,21.0,21.0,22.8,,
2023-12-06,6,1014.5,1017.1,1015.9,2023/12/06 22:39:00,1012.0,2023/12/06 03:35:00,18.6,19.7,2023/12/06 01:05:00,16.6,2023/12/06 22:55:00,16.8,89,79,2023/12/06 11:40:00,2.6,40,8.1,40,2023/12/06 08:44:00,0.5,5.5,0.5,2023/12/06 15:36:00,0.5,2023/12/06 15:36:00,0.0,0.0,1.25,12.4,-0.4,1,2023/12/06 13:00:00,9.8,18.9,18.9,19.3,19.6,20.8,20.9,22.7,,
2023-12-07,7,1014.7,1017.3,1016.5,2023/12/07 08:08:00,1012.9,2023/12/07 14:39:00,18.6,23.3,2023/12/07 12:25:00,15.2,2023/12/07 03:21:00,12.8,71,49,2023/12/07 11:46:00,4.9,60,15.6,60,2023/12/07 10:19:00,0.0,0.0,0.0,--,0.0,--,9.9,93.6,16.05,19.2,3.8,5,2023/12/07 12:00:00,1.4,18.0,18.0,18.7,19.0,20.4,20.7,22.5,,
2023-12-08,8,1014.0,1016.5,1015.8,2023/12/08 08:48:00,1012.8,2023/12/08 13:52:00,18.5,23.6,2023/12/08 10:48:00,14.0,2023/12/08 06:35:00,16.3,88,68,2023/12/08 12:37:00,1.7,130,6.1,310,2023/12/08 13:12:00,0.0,0.0,0.0,--,0.0,--,9.3,88.0,15.28,12.4,1.8,5,2023/12/08 12:00:00,0.4,18.3,18.3,18.4,18.7,20.1,20.4,22.4,,
2023-12-09,9,1013.1,1015.6,1015.9,2023/12/09 08:50:00,1011.6,2023/12/09 15:18:00,20.4,25.2,2023/12/09 13:12:00,16.0,2023/12/09 01:00:00,18.7,91,68,2023/12/09 11:39:00,1.6,360,5.1,320,2023/12/09 11:50:00,0.0,0.0,0.0,--,0.0,--,7.0,66.3,13.48,9.6,1.9,5,2023/12/09 13:00:00,6.4,19.8,19.8,19.2,19.2,20.4,20.4,22.3,,
2023-12-10,10,1011.9,1014.4,1014.2,2023/12/10 08:44:00,1009.8,2023/12/10 15:12:00,21.9,25.1,2023/12/10 13:51:00,18.1,2023/12/10 00:59:00,21.2,96,85,2023/12/10 13:31:00,2.3,40,7.8,30,2023/12/10 13:05:00,0.0,0.0,0.0,--,0.0,--,6.4,60.6,13.67,8.6,2.1,5,2023/12/10 13:00:00,6.2,21.2,21.2,20.3,20.2,21.0,20.7,22.2,,
2023-12-11,11,1011.9,1014.4,1013.9,2023/12/11 09:07:00,1010.2,2023/12/11 14:09:00,24.4,28.3,2023/12/11 14:21:00,21.3,2023/12/11 02:57:00,21.5,85,63,2023/12/11 11:52:00,1.9,230,8.1,50,2023/12/11 23:59:59,0.0,0.0,0.0,--,0.0,--,1.9,18.0,9.58,13.2,-3.1,5,2023/12/11 12:00:00,7.8,22.7,22.7,21.6,21.3,21.9,21.2,22.2,,
2023-12-12,12,1015.8,1018.3,1018.3,2023/12/12 21:41:00,1012.7,2023/12/12 00:01:00,20.0,24.0,2023/12/12 00:01:00,18.3,2023/12/12 22:18:00,18.8,93,88,2023/12/12 00:01:00,8.9,50,20.1,50,2023/12/12 22:28:00,2.0,2.0,1.0,2023/12/12 01:25:00,1.0,2023/12/12 01:25:00,0.0,0.0,3.91,15.2,1.3,2,2023/12/12 11:00:00,9.4,20.1,20.1,21.1,21.3,22.3,21.7,22.3,,
2023-12-13,13,1017.6,1020.1,1019.1,2023/12/13 10:04:00,1016.5,2023/12/13 15:49:00,20.8,24.2,2023/12/13 13:16:00,18.4,2023/12/13 00:01:00,18.2,86,70,2023/12/13 10:30:00,6.8,50,19.3,50,2023/12/13 01:56:00,0.0,0.0,0.0,--,0.0,--,8.5,80.6,15.65,19.2,3.3,5,2023/12/13 13:00:00,6.2,20.2,20.2,20.0,20.2,21.4,21.5,22.4,,
2023-12-14,14,1016.5,1019.0,1018.3,2023/12/14 09:13:00,1014.6,2023/12/14 15:26:00,21.8,26.8,2023/12/14 12:19:00,17.9,2023/12/14 06:05:00,19.9,90,64,2023/12/14 11:45:00,1.7,320,6.0,50,2023/12/14 11:26:00,0.0,0.0,0.0,--,0.0,--,10.1,95.8,15.89,18.8,2.6,5,2023/12/14 12:00:00,1.0,21.5,21.5,20.6,20.6,21.6,21.4,22.5,,
2023-12-15,15,1014.2,1016.7,1015.7,2023/12/15 09:06:00,1012.5,2023/12/15 14:36:00,23.1,28.5,2023/12/15 12:16:00,18.5,2023/12/15 04:42:00,19.6,83,53,2023/12/15 12:04:00,2.5,180,9.1,20,2023/12/15 23:11:00,0.0,0.0,0.0,--,0.0,--,9.0,85.4,15.55,11.8,-2.9,6,2023/12/15 12:00:00,3.8,21.9,21.9,21.1,21.1,22.0,21.6,22.5,,
2023-12-16,16,1021.4,1024.0,1025.8,2023/12/16 22:04:00,1014.9,2023/12/16 00:01:00,15.1,22.6,2023/12/16 00:01:00,12.0,2023/12/16 18:19:00,13.6,91,79,2023/12/16 23:02:00,10.6,50,23.9,40,2023/12/16 07:58:00,4.5,13.8,0.5,2023/12/16 06:37:00,1.5,2023/12/16 10:53:00,0.0,0.0,3.35,6.4,-1.7,2,2023/12/16 12:00:00,10.0,16.6,16.6,19.7,20.3,21.8,21.7,22.5,,
2023-12-17,17,1023.9,1026.5,1026.2,2023/12/17 09:03:00,1021.4,2023/12/17 14:08:00,14.0,15.9,2023/12/17 14:25:00,12.0,2023/12/17 03:52:00,10.2,78,71,2023/12/17 04:32:00,10.8,60,22.1,50,2023/12/17 00:42:00,T,1.4,T,2023/12/17 00:01:00,T,2023/12/17 00:01:00,0.4,3.8,6.5,14.4,-2.2,3,2023/12/17 13:00:00,9.8,14.3,14.3,16.5,17.4,19.6,20.7,22.6,,
2023-12-18,18,1019.0,1021.5,1021.6,2023/12/18 00:01:00,1016.4,2023/12/18 14:56:00,19.4,23.1,2023/12/18 14:58:00,15.3,2023/12/18 00:01:00,16.7,85,71,2023/12/18 11:11:00,5.5,50,16.4,60,2023/12/18 08:26:00,0.0,0.0,0.0,--,0.0,--,4.4,41.8,12.27,27.0,2.6,5,2023/12/18 13:00:00,7.4,18.5,18.5,17.7,17.8,19.2,19.8,22.3,,
2023-12-19,19,1019.3,1021.9,1021.1,2023/12/19 22:24:00,1017.0,2023/12/19 13:54:00,17.7,20.3,2023/12/19 00:46:00,15.1,2023/12/19 19:42:00,16.3,92,81,2023/12/19 09:54:00,6.3,40,16.2,40,2023/12/19 20:39:00,2.5,7.9,0.5,2023/12/19 15:53:00,1.0,2023/12/19 17:20:00,0.1,1.0,3.74,21.0,-0.2,2,2023/12/19 12:00:00,9.6,18.1,18.1,18.6,18.9,20.0,20.0,22.0,,
2023-12-20,20,1021.3,1023.9,1022.8,2023/12/20 22:03:00,1019.7,2023/12/20 13:51:00,14.4,16.0,2023/12/20 11:06:00,13.0,2023/12/20 22:20:00,13.0,91,83,2023/12/20 11:04:00,9.8,50,20.5,60,2023/12/20 23:31:00,6.0,13.7,0.5,2023/12/20 00:27:00,1.5,2023/12/20 05:48:00,0.0,0.0,2.26,14.6,-0.5,1,2023/12/20 11:00:00,10.0,15.1,15.1,16.9,17.6,19.3,19.9,21.9,,
2023-12-21,21,1025.5,1028.1,1029.6,2023/12/21 23:34:00,1022.1,2023/12/21 01:27:00,11.5,13.4,2023/12/21 00:04:00,9.6,2023/12/21 23:59:59,8.5,82,68,2023/12/21 22:51:00,12.0,50,23.4,40,2023/12/21 15:00:00,T,10.1,T,2023/12/21 00:02:00,T,2023/12/21 00:02:00,0.0,0.0,1.16,11.2,-1.6,1,2023/12/21 12:00:00,10.0,12.3,12.3,15.0,16.0,18.0,19.1,21.7,,
2023-12-22,22,1029.5,1032.2,1031.7,2023/12/22 09:17:00,1028.1,2023/12/22 15:02:00,11.1,13.6,2023/12/22 12:28:00,9.0,2023/12/22 03:56:00,4.9,66,56,2023/12/22 14:04:00,10.7,50,21.9,110,2023/12/22 00:50:00,T,0.6,T,2023/12/22 00:01:00,T,2023/12/22 00:01:00,1.9,18.0,8.08,19.4,3.6,4,2023/12/22 13:00:00,8.2,11.4,11.4,13.4,14.4,16.5,17.9,21.4,,
2023-12-23,23,1025.8,1028.4,1028.5,2023/12/23 00:13:00,1022.8,2023/12/23 14:00:00,15.0,18.3,2023/12/23 14:20:00,13.0,2023/12/23 04:54:00,11.4,80,58,2023/12/23 00:04:00,8.0,60,16.6,50,2023/12/23 15:42:00,3.5,5.1,0.5,2023/12/23 18:33:00,1.0,2023/12/23 18:33:00,0.1,0.9,7.27,37.0,-1.0,3,2023/12/23 12:00:00,8.8,14.3,14.3,14.2,14.7,16.3,17.3,20.9,,
2023-12-24,24,1026.5,1029.1,1027.6,2023/12/24 08:57:00,1025.5,2023/12/24 02:39:00,13.9,15.2,2023/12/24 09:48:00,12.8,2023/12/24 11:44:00,10.2,79,60,2023/12/24 22:10:00,9.4,50,20.8,50,2023/12/24 21:14:00,3.0,6.7,0.5,2023/12/24 00:18:00,1.0,2023/12/24 00:18:00,0.2,1.9,2.81,15.6,-3.7,1,2023/12/24 15:00:00,9.6,13.6,13.6,14.7,15.3,16.8,17.4,20.5,,
2023-12-25,25,1025.0,1027.6,1027.3,2023/12/25 08:57:00,1023.3,2023/12/25 14:46:00,14.4,16.8,2023/12/25 12:40:00,12.9,2023/12/25 05:43:00,6.6,60,53,2023/12/25 11:59:00,10.1,50,20.8,60,2023/12/25 15:14:00,0.0,0.0,0.0,--,0.0,--,8.9,84.4,15.76,18.8,3.7,5,2023/12/25 12:00:00,4.6,13.5,13.5,14.0,14.5,16.2,17.1,20.2,,
2023-12-26,26,1021.5,1024.1,1023.4,2023/12/26 00:01:00,1019.7,2023/12/26 14:35:00,18.2,23.3,2023/12/26 12:07:00,14.6,2023/12/26 01:19:00,11.5,65,44,2023/12/26 12:08:00,4.9,60,15.4,50,2023/12/26 01:30:00,0.0,0.0,0.0,--,0.0,--,8.5,80.6,15.08,23.0,3.0,5,2023/12/26 12:00:00,4.2,16.3,16.3,14.9,15.1,16.4,16.9,20.0,,
2023-12-27,27,1021.0,1023.6,1023.1,2023/12/27 09:36:00,1020.1,2023/12/27 15:37:00,18.6,21.2,2023/12/27 10:33:00,14.4,2023/12/27 06:44:00,16.9,90,78,2023/12/27 09:22:00,4.3,40,12.0,40,2023/12/27 13:34:00,0.5,4.8,0.5,2023/12/27 21:02:00,0.5,2023/12/27 21:02:00,1.5,14.2,6.98,18.0,-0.9,4,2023/12/27 11:00:00,8.4,17.7,17.7,16.5,16.5,17.4,17.3,19.8,,
2023-12-28,28,1020.7,1023.3,1022.5,2023/12/28 08:42:00,1019.2,2023/12/28 01:42:00,19.1,19.5,2023/12/28 03:11:00,18.8,2023/12/28 07:33:00,18.4,96,90,2023/12/28 21:34:00,5.0,40,12.5,20,2023/12/28 23:04:00,5.0,9.2,0.5,2023/12/28 02:08:00,2.0,2023/12/28 06:20:00,0.0,0.0,2.13,9.6,-0.1,1,2023/12/28 12:00:00,9.8,18.2,18.2,17.6,17.5,18.3,18.0,19.8,,
2023-12-29,29,1018.7,1021.3,1020.6,2023/12/29 00:01:00,1016.9,2023/12/29 14:36:00,19.0,20.5,2023/12/29 13:06:00,18.2,2023/12/29 18:31:00,16.7,87,75,2023/12/29 12:48:00,8.3,50,17.1,40,2023/12/29 12:48:00,T,0.2,T,2023/12/29 07:18:00,T,2023/12/29 07:18:00,0.5,4.7,6.88,15.2,-1.9,4,2023/12/29 13:00:00,9.8,17.9,17.9,17.7,17.7,18.6,18.3,19.8,,
2023-12-30,30,1015.6,1018.2,1017.7,2023/12/30 00:01:00,1013.8,2023/12/30 15:01:00,17.9,19.8,2023/12/30 15:01:00,14.7,2023/12/30 23:03:00,17.2,96,87,2023/12/30 14:57:00,3.2,40,11.5,30,2023/12/30 02:01:00,T,0.6,T,2023/12/30 06:13:00,T,2023/12/30 06:13:00,0.4,3.8,6.22,9.6,-1.3,3,2023/12/30 12:00:00,9.6,18.0,18.0,17.9,18.0,18.8,18.6,20.0,,
2023-12-31,31,1017.0,1019.5,1019.9,2023/12/31 23:44:00,1014.3,2023/12/31 01:16:00,17.8,22.5,2023/12/31 11:02:00,13.4,2023/12/31 06:54:00,14.4,82,63,2023/12/31 23:41:00,6.9,60,22.3,50,2023/12/31 14:14:00,T,0.1,T,2023/12/31 00:48:00,T,2023/12/31 00:48:00,5.7,53.9,12.81,10.4,4.9,5,2023/12/31 12:00:00,7.2,17.8,17.8,17.5,17.6,18.8,18.7,20.0,,
2024-01-01,1,1019.2,1021.8,1021.4,2024/01/01 09:31:00,1017.8,2024/01/01 23:59:00,16.9,19.5,2024/01/01 11:53:00,15.7,2024/01/01 04:18:00,10.4,65,57,2024/01/01 13:01:00,9.2,60,19.7,60,2024/01/01 11:13:00,0.0,0.0,0.0,--,0.0,--,6.5,61.5,13.39,12.0,4.0,5,2024/01/01 13:00:00,6.2,16.0,16.0,16.5,16.9,18.3,18.6,20.1,,
2024-01-02,2,1015.7,1018.2,1017.8,2024/01/02 00:01:00,1013.2,2024/01/02 14:39:00,18.3,22.1,2024/01/02 11:18:00,15.1,2024/01/02 23:44:00,14.3,79,62,2024/01/02 00:56:00,5.0,50,13.9,50,2024/01/02 12:57:00,0.0,0.0,0.0,--,0.0,--,9.5,89.8,15.41,15.2,-1.6,5,2024/01/02 12:00:00,1.8,17.6,17.6,16.7,16.9,18.1,18.3,20.1,,
2024-01-03,3,1018.8,1021.4,1021.5,2024/01/03 21:25:00,1014.8,2024/01/03 02:40:00,15.5,18.3,2024/01/03 02:12:00,12.7,2024/01/03 23:28:00,11.9,80,56,2024/01/03 20:03:00,6.6,40,16.4,50,2024/01/03 19:02:00,T,3.4,T,2024/01/03 04:24:00,T,2024/01/03 04:24:00,0.0,0.0,1.76,12.4,-3.9,1,2024/01/03 13:00:00,10.0,15.8,15.8,16.8,17.0,18.3,18.4,20.0,,
2024-01-04,4,1018.1,1020.7,1020.8,2024/01/04 00:01:00,1016.1,2024/01/04 14:39:00,15.3,19.8,2024/01/04 13:46:00,12.4,2024/01/04 21:32:00,8.7,66,52,2024/01/04 12:04:00,5.5,60,16.1,60,2024/01/04 02:51:00,0.0,0.0,0.0,--,0.0,--,4.6,43.4,11.17,13.6,2.2,4,2024/01/04 14:00:00,6.6,15.0,15.0,15.3,15.8,17.4,18.0,20.0,,
2024-01-05,5,1018.0,1020.6,1019.8,2024/01/05 09:08:00,1016.2,2024/01/05 14:51:00,15.5,19.2,2024/01/05 10:58:00,12.3,2024/01/05 02:46:00,13.8,90,80,2024/01/05 10:55:00,2.4,180,6.7,360,2024/01/05 12:16:00,0.0,0.0,0.0,--,0.0,--,3.2,30.2,9.24,10.0,1.1,4,2024/01/05 12:00:00,4.0,16.1,16.1,15.8,16.1,17.4,17.7,19.9,,
2024-01-06,6,1018.6,1021.2,1020.3,2024/01/06 09:27:00,1016.8,2024/01/06 15:23:00,16.8,21.3,2024/01/06 11:45:00,12.0,2024/01/06 06:51:00,14.0,85,66,2024/01/06 13:28:00,3.7,60,10.9,50,2024/01/06 23:56:00,0.0,0.0,0.0,--,0.0,--,9.4,88.6,15.54,12.9,4.0,5,2024/01/06 12:00:00,1.4,16.9,16.9,16.1,16.3,17.5,17.7,19.8,,
2024-01-07,7,1020.7,1023.3,1023.1,2024/01/07 09:33:00,1019.3,2024/01/07 02:30:00,17.2,19.0,2024/01/07 09:53:00,16.2,2024/01/07 06:42:00,11.1,68,56,2024/01/07 12:52:00,8.5,50,18.2,50,2024/01/07 12:38:00,0.0,0.0,0.0,--,0.0,--,8.4,79.1,13.86,14.4,4.2,5,2024/01/07 13:00:00,2.6,16.5,16.5,16.4,16.6,17.8,17.9,19.7,,
2024-01-08,8,1017.3,1019.9,1019.9,2024/01/08 00:01:00,1015.0,2024/01/08 14:46:00,18.7,23.8,2024/01/08 12:52:00,16.0,2024/01/08 04:23:00,14.2,76,55,2024/01/08 12:52:00,6.1,60,14.2,60,2024/01/08 02:34:00,T,0.4,T,2024/01/08 22:12:00,T,2024/01/08 22:12:00,3.1,29.2,11.79,24.0,-2.4,5,2024/01/08 12:00:00,8.0,17.5,17.5,16.5,16.6,17.7,17.9,19.6,,
2024-01-09,9,1015.2,1017.8,1017.2,2024/01/09 00:51:00,1013.0,2024/01/09 14:48:00,17.7,19.3,2024/01/09 13:50:00,16.6,2024/01/09 05:09:00,16.6,93,87,2024/01/09 13:47:00,4.1,40,9.5,40,2024/01/09 16:26:00,6.5,4.7,1.5,2024/01/09 01:50:00,4.0,2024/01/09 01:29:00,0.1,0.9,5.48,13.6,1.5,2,2024/01/09 14:00:00,9.2,17.6,17.6,17.4,17.4,18.4,18.2,19.6,,
2024-01-10,10,1018.0,1020.6,1020.2,2024/01/10 20:32:00,1015.1,2024/01/10 00:05:00,16.0,18.6,2024/01/10 09:19:00,11.7,2024/01/10 23:59:00,10.9,72,55,2024/01/10 19:28:00,6.0,40,13.9,40,2024/01/10 12:16:00,0.0,0.0,0.0,--,0.0,--,4.2,39.4,9.81,12.2,3.7,4,2024/01/10 13:00:00,6.2,16.3,16.3,17.0,17.2,18.4,18.3,19.7,,
2024-01-11,11,1018.3,1020.9,1020.5,2024/01/11 09:01:00,1016.9,2024/01/11 14:34:00,13.8,17.1,2024/01/11 12:12:00,11.6,2024/01/11 00:33:00,7.0,64,50,2024/01/11 11:09:00,6.2,60,14.8,40,2024/01/11 12:59:00,0.0,0.0,0.0,--,0.0,--,8.3,77.9,14.87,13.6,3.0,5,2024/01/11 12:00:00,2.4,14.0,14.0,15.0,15.7,17.3,18.0,19.7,,
2024-01-12,12,1017.0,1019.6,1018.4,2024/01/12 08:11:00,1015.1,2024/01/12 14:42:00,14.7,19.9,2024/01/12 11:51:00,9.3,2024/01/12 02:45:00,11.3,81,61,2024/01/12 10:26:00,2.9,40,9.8,40,2024/01/12 14:17:00,0.0,0.0,0.0,--,0.0,--,7.7,72.2,14.63,16.0,2.1,5,2024/01/12 12:00:00,4.0,15.0,15.0,15.0,15.4,16.9,17.4,19.6,,
2024-01-13,13,1017.5,1020.1,1019.2,2024/01/13 09:03:00,1015.7,2024/01/13 15:01:00,17.2,22.4,2024/01/13 13:43:00,11.4,2024/01/13 03:36:00,12.3,75,52,2024/01/13 16:46:00,4.7,60,15.4,50,2024/01/13 14:44:00,0.0,0.0,0.0,--,0.0,--,10.3,96.4,17.22,35.0,4.0,6,2024/01/13 13:00:00,0.4,16.1,16.1,15.5,15.7,17.0,17.3,19.5,,
2024-01-14,14,1018.4,1021.0,1020.3,2024/01/14 09:10:00,1017.3,2024/01/14 02:52:00,18.0,22.9,2024/01/14 10:42:00,14.6,2024/01/14 06:55:00,13.5,76,52,2024/01/14 10:35:00,2.3,110,6.8,280,2024/01/14 12:32:00,0.0,0.0,0.0,--,0.0,--,10.1,94.4,16.43,20.8,2.2,5,2024/01/14 13:00:00,1.8,17.1,17.1,16.3,16.4,17.5,17.5,19.4,,
2024-01-15,15,1020.5,1023.1,1022.2,2024/01/15 09:37:00,1018.7,2024/01/15 00:01:00,16.1,18.4,2024/01/15 08:05:00,12.3,2024/01/15 05:22:00,13.7,86,76,2024/01/15 23:56:00,7.7,50,19.5,50,2024/01/15 13:38:00,T,3.5,T,2024/01/15 09:54:00,T,2024/01/15 09:54:00,0.8,7.5,4.62,9.2,-3.0,2,2024/01/15 12:00:00,9.6,16.0,16.0,16.2,16.4,17.7,17.7,19.3,,
2024-01-16,16,1020.8,1023.4,1023.0,2024/01/16 08:41:00,1019.2,2024/01/16 15:53:00,17.5,19.9,2024/01/16 13:17:00,15.5,2024/01/16 05:31:00,12.7,74,60,2024/01/16 15:15:00,9.6,60,19.1,50,2024/01/16 02:14:00,T,0.2,T,2024/01/16 01:10:00,T,2024/01/16 01:10:00,9.1,84.9,16.46,20.4,3.4,6,2024/01/16 13:00:00,2.6,16.6,16.6,16.3,16.4,17.6,17.7,19.3,,
2024-01-17,17,1017.7,1020.2,1019.8,2024/01/17 08:12:00,1015.6,2024/01/17 15:05:00,18.7,24.2,2024/01/17 11:40:00,13.8,2024/01/17 06:49:00,16.0,85,58,2024/01/17 11:12:00,2.8,20,11.1,70,2024/01/17 00:22:00,0.0,0.0,0.0,--,0.0,--,9.3,86.7,15.73,23.6,2.1,6,2024/01/17 12:00:00,3.6,17.9,17.9,17.0,17.0,17.9,17.8,19.3,,
2024-01-18,18,1015.9,1018.5,1018.5,2024/01/18 09:08:00,1013.8,2024/01/18 14:40:00,19.0,22.2,2024/01/18 12:33:00,16.2,2024/01/18 05:42:00,17.6,92,73,2024/01/18 10:53:00,2.9,40,8.5,50,2024/01/18 23:43:00,0.0,0.0,0.0,--,0.0,--,5.9,54.9,15.17,10.8,2.8,6,2024/01/18 13:00:00,6.4,18.5,18.5,17.7,17.7,18.5,18.1,19.4,,
2024-01-19,19,1014.3,1016.9,1016.4,2024/01/19 08:54:00,1012.3,2024/01/19 14:35:00,19.6,21.4,2024/01/19 11:47:00,18.8,2024/01/19 05:37:00,19.0,96,85,2024/01/19 12:10:00,6.4,40,15.7,50,2024/01/19 13:50:00,0.0,0.0,0.0,--,0.0,--,0.7,6.5,8.44,12.0,2.0,5,2024/01/19 12:00:00,9.8,19.1,19.1,18.4,18.4,19.1,18.6,19.4,,
2024-01-20,20,1014.6,1017.2,1017.7,2024/01/20 23:59:00,1011.9,2024/01/20 04:34:00,18.4,20.5,2024/01/20 10:37:00,15.5,2024/01/20 23:16:00,17.8,97,94,2024/01/20 10:39:00,4.7,40,15.3,30,2024/01/20 23:05:00,1.0,2.4,0.5,2024/01/20 21:30:00,0.5,2024/01/20 21:30:00,0.0,0.0,3.24,11.2,-0.9,2,2024/01/20 11:00:00,9.4,18.8,18.8,18.6,18.6,19.4,18.9,19.6,,
2024-01-21,21,1020.1,1022.7,1021.9,2024/01/21 09:16:00,1017.7,2024/01/21 00:01:00,14.3,15.6,2024/01/21 00:04:00,13.2,2024/01/21 19:18:00,12.6,90,85,2024/01/21 02:22:00,9.2,50,19.0,30,2024/01/21 01:58:00,2.5,11.0,0.5,2024/01/21 05:20:00,1.0,2024/01/21 05:20:00,0.0,0.0,2.45,12.4,-0.7,2,2024/01/21 12:00:00,10.0,15.1,15.1,16.7,17.3,18.7,18.8,19.8,,
2024-01-22,22,1023.0,1025.7,1027.0,2024/01/22 23:39:00,1019.3,2024/01/22 02:45:00,11.4,14.9,2024/01/22 03:49:00,7.5,2024/01/22 23:57:00,10.6,95,87,2024/01/22 03:41:00,10.6,40,23.3,60,2024/01/22 19:58:00,16.0,20.3,0.5,2024/01/22 01:06:00,2.0,2024/01/22 07:14:00,0.0,0.0,2.18,7.2,-0.1,1,2024/01/22 12:00:00,10.0,13.1,13.1,15.1,15.9,17.6,18.2,19.8,,
2024-01-23,23,1027.2,1029.9,1029.1,2024/01/23 07:40:00,1025.3,2024/01/23 14:44:00,8.1,9.3,2024/01/23 11:33:00,6.3,2024/01/23 05:29:00,5.9,86,68,2024/01/23 22:56:00,8.5,40,19.0,40,2024/01/23 01:06:00,14.0,16.8,1.0,2024/01/23 02:33:00,3.0,2024/01/23 02:58:00,0.0,0.0,0.83,12.8,-0.7,0,2024/01/23 11:00:00,10.0,9.9,9.9,12.4,13.5,15.7,17.1,19.6,,
2024-01-24,24,1026.3,1029.0,1028.1,2024/01/24 08:41:00,1024.3,2024/01/24 14:33:00,10.6,12.3,2024/01/24 11:04:00,9.2,2024/01/24 00:01:00,5.7,72,63,2024/01/24 02:07:00,7.9,60,16.4,50,2024/01/24 00:32:00,0.0,0.0,0.0,--,0.0,--,0.0,0.0,5.37,19.4,-1.8,3,2024/01/24 11:00:00,9.8,10.5,10.5,12.0,12.8,14.7,15.9,19.3,,
2024-01-25,25,1025.9,1028.6,1027.3,2024/01/25 08:47:00,1024.2,2024/01/25 03:59:00,11.3,12.4,2024/01/25 11:29:00,10.7,2024/01/25 19:01:00,9.2,87,77,2024/01/25 00:01:00,5.9,60,13.2,50,2024/01/25 18:36:00,2.5,7.8,0.5,2024/01/25 12:32:00,0.5,2024/01/25 12:32:00,0.0,0.0,0.92,9.2,-0.6,1,2024/01/25 11:00:00,10.0,11.7,11.7,12.5,13.1,14.6,15.5,18.8,,
2024-01-26,26,1025.3,1028.0,1027.5,2024/01/26 08:27:00,1023.5,2024/01/26 15:09:00,13.1,14.6,2024/01/26 11:08:00,11.3,2024/01/26 02:53:00,9.1,77,69,2024/01/26 12:56:00,5.6,50,12.8,50,2024/01/26 08:49:00,0.0,0.0,0.0,--,0.0,--,0.0,0.0,5.3,14.0,-2.1,3,2024/01/26 12:00:00,10.0,12.5,12.5,12.9,13.3,14.7,15.3,18.4,,
2024-01-27,27,1024.2,1026.8,1026.0,2024/01/27 08:35:00,1022.2,2024/01/27 15:10:00,13.6,14.3,2024/01/27 07:56:00,12.7,2024/01/27 23:39:00,10.6,82,73,2024/01/27 02:04:00,6.1,50,13.8,40,2024/01/27 22:43:00,T,2.5,T,2024/01/27 05:29:00,T,2024/01/27 05:29:00,0.0,0.0,1.86,11.6,-1.1,1,2024/01/27 12:00:00,10.0,13.1,13.1,13.4,13.7,14.9,15.4,18.2,,
2024-01-28,28,1024.9,1027.5,1027.2,2024/01/28 09:10:00,1023.3,2024/01/28 14:58:00,13.7,15.1,2024/01/28 10:52:00,12.4,2024/01/28 01:07:00,9.1,75,61,2024/01/28 12:26:00,7.9,60,16.9,60,2024/01/28 11:33:00,T,6.2,T,2024/01/28 00:02:00,T,2024/01/28 00:02:00,0.2,1.8,7.32,10.4,-1.5,4,2024/01/28 12:00:00,9.6,12.9,12.9,13.4,13.7,15.0,15.4,18.0,,
2024-01-29,29,1020.8,1023.5,1024.1,2024/01/29 00:08:00,1018.0,2024/01/29 15:14:00,17.6,21.9,2024/01/29 13:09:00,13.6,2024/01/29 00:01:00,15.6,89,70,2024/01/29 10:45:00,4.8,50,13.8,20,2024/01/29 17:47:00,0.5,1.9,0.5,2024/01/29 01:04:00,0.5,2024/01/29 01:04:00,5.6,51.3,14.77,13.6,-2.2,6,2024/01/29 12:00:00,7.0,16.0,16.0,14.6,14.5,15.4,15.5,17.9,,
2024-01-30,30,1019.7,1022.3,1022.5,2024/01/30 09:32:00,1018.2,2024/01/30 15:09:00,16.8,18.9,2024/01/30 15:11:00,15.2,2024/01/30 09:27:00,16.6,98,88,2024/01/30 15:14:00,2.9,40,8.6,10,2024/01/30 02:29:00,T,1.4,T,2024/01/30 04:01:00,T,2024/01/30 04:01:00,0.4,3.7,6.34,7.4,0.8,3,2024/01/30 14:00:00,9.4,16.4,16.4,15.9,15.8,16.5,16.1,17.8,,
2024-01-31,31,1017.8,1020.4,1020.3,2024/01/31 09:02:00,1015.7,2024/01/31 15:13:00,18.6,22.0,2024/01/31 11:33:00,15.7,2024/01/31 04:22:00,18.3,98,87,2024/01/31 15:33:00,2.4,30,6.4,20,2024/01/31 13:55:00,0.0,0.0,0.0,--,0.0,--,5.9,53.8,15.49,7.8,2.6,7,2024/01/31 12:00:00,6.2,17.9,17.9,16.7,16.5,17.1,16.6,17.9,,
2024-02-01,1,1016.2,1018.8,1017.9,2024/02/01 08:22:00,1014.4,2024/02/01 14:53:00,19.4,24.1,2024/02/01 13:13:00,14.9,2024/02/01 06:28:00,17.8,91,65,2024/02/01 13:18:00,1.3,310,8.1,50,2024/02/01 23:26:00,0.0,0.0,0.0,--,0.0,--,7.0,63.8,16.23,9.1,2.6,7,2024/02/01 13:00:00,6.0,18.4,18.4,17.4,17.2,17.8,17.1,18.0,5.7,
2024-02-02,2,1017.7,1020.3,1019.1,2024/02/02 10:33:00,1015.8,2024/02/02 01:17:00,17.6,19.5,2024/02/02 00:01:00,16.4,2024/02/02 17:26:00,17.5,99,97,2024/02/02 13:49:00,6.5,40,13.8,30,2024/02/02 22:38:00,T,0.4,T,2024/02/02 12:01:00,T,2024/02/02 12:01:00,0.0,0.0,4.47,9.0,-1.0,4,2024/02/02 13:00:00,10.0,17.9,17.9,17.7,17.6,18.3,17.6,18.2,8.2,
2024-02-03,3,1017.6,1020.2,1020.0,2024/02/03 08:03:00,1015.9,2024/02/03 17:31:00,17.4,20.5,2024/02/03 11:37:00,16.3,2024/02/03 07:50:00,17.3,99,88,2024/02/03 11:48:00,5.5,50,13.1,50,2024/02/03 01:54:00,T,0.6,T,2024/02/03 06:39:00,T,2024/02/03 06:39:00,1.0,9.1,7.67,9.8,1.6,7,2024/02/03 12:00:00,9.5,17.5,17.5,17.3,17.4,18.2,17.8,18.4,6.9,
2024-02-04,4,1015.9,1018.4,1019.3,2024/02/04 21:13:00,1011.7,2024/02/04 15:42:00,17.5,22.2,2024/02/04 13:45:00,12.2,2024/02/04 20:44:00,17.2,98,86,2024/02/04 14:01:00,5.3,40,13.8,40,2024/02/04 04:21:00,1.5,2.4,0.5,2024/02/04 20:23:00,0.5,2024/02/04 20:23:00,1.9,17.3,10.33,15.8,-2.3,6,2024/02/04 14:00:00,9.3,17.9,17.9,17.7,17.7,18.4,17.9,18.6,9.5,
2024-02-05,5,1018.2,1020.8,1020.6,2024/02/05 10:01:00,1015.3,2024/02/05 14:41:00,16.0,17.7,2024/02/05 14:06:00,13.7,2024/02/05 00:01:00,15.2,95,82,2024/02/05 14:59:00,5.3,50,18.5,40,2024/02/05 22:39:00,26.0,6.9,3.5,2024/02/05 07:24:00,7.5,2024/02/05 04:25:00,0.0,0.0,3.12,17.8,-0.7,2,2024/02/05 13:00:00,10.0,16.5,16.5,16.8,17.1,18.2,18.0,18.8,9.4,
2024-02-06,6,1018.6,1021.2,1020.9,2024/02/06 09:39:00,1017.2,2024/02/06 23:46:00,16.1,18.4,2024/02/06 12:01:00,14.6,2024/02/06 03:13:00,14.5,90,80,2024/02/06 12:02:00,7.1,50,17.3,60,2024/02/06 05:29:00,0.0,0.0,0.0,--,0.0,--,0.2,1.8,6.96,16.0,-1.1,5,2024/02/06 12:00:00,10.0,16.0,16.0,16.3,16.5,17.7,17.7,18.8,8.4,
2024-02-07,7,1016.9,1019.5,1017.9,2024/02/07 08:46:00,1014.7,2024/02/07 14:26:00,13.8,16.1,2024/02/07 01:28:00,12.1,2024/02/07 17:00:00,13.5,98,90,2024/02/07 17:42:00,7.3,40,17.4,50,2024/02/07 16:17:00,17.0,16.0,1.5,2024/02/07 15:33:00,4.5,2024/02/07 19:01:00,0.0,0.0,2.15,7.0,-0.1,2,2024/02/07 11:00:00,10.0,15.0,15.0,15.9,16.3,17.5,17.5,18.8,9.7,
2024-02-08,8,1016.9,1019.5,1018.3,2024/02/08 23:50:00,1014.9,2024/02/08 03:19:00,12.6,13.3,2024/02/08 06:41:00,11.3,2024/02/08 16:32:00,12.2,98,90,2024/02/08 18:53:00,8.4,40,17.4,40,2024/02/08 14:57:00,5.5,18.9,1.0,2024/02/08 01:06:00,2.0,2024/02/08 00:19:00,0.0,0.0,1.42,10.0,-0.1,1,2024/02/08 12:00:00,10.0,13.5,13.5,14.6,15.1,16.6,17.0,18.7,10.0,
2024-02-09,9,1021.6,1024.2,1023.5,2024/02/09 22:58:00,1018.0,2024/02/09 00:10:00,11.7,12.9,2024/02/09 23:59:00,10.5,2024/02/09 09:03:00,9.8,88,70,2024/02/09 23:59:59,6.6,40,15.8,20,2024/02/09 07:00:00,10.0,10.2,1.0,2024/02/09 00:32:00,4.0,2024/02/09 02:20:00,0.0,0.0,1.88,9.5,-2.2,1,2024/02/09 12:00:00,10.0,12.5,12.5,13.7,14.3,15.9,16.4,18.5,9.1,
2024-02-10,10,1024.0,1026.6,1025.4,2024/02/10 09:04:00,1022.5,2024/02/10 15:42:00,13.2,16.1,2024/02/10 13:53:00,10.2,2024/02/10 05:36:00,6.9,65,55,2024/02/10 11:09:00,5.6,60,13.9,40,2024/02/10 12:17:00,0.0,0.0,0.0,--,0.0,--,3.0,26.9,12.76,10.0,1.6,6,2024/02/10 12:00:00,6.5,12.7,12.7,13.6,14.0,15.5,16.0,18.3,8.3,
2024-02-11,11,1025.0,1027.7,1027.1,2024/02/11 09:47:00,1023.5,2024/02/11 15:04:00,15.3,20.6,2024/02/11 12:29:00,10.6,2024/02/11 02:46:00,7.1,60,28,2024/02/11 13:18:00,5.9,50,15.3,40,2024/02/11 15:55:00,0.0,0.0,0.0,--,0.0,--,10.6,94.8,20.9,25.5,4.9,7,2024/02/11 13:00:00,0.0,13.6,13.6,13.9,14.2,15.5,15.8,18.1,2.4,
2024-02-12,12,1023.5,1026.1,1025.1,2024/02/12 09:11:00,1022.1,2024/02/12 15:00:00,17.3,22.7,2024/02/12 12:02:00,13.4,2024/02/12 23:51:00,9.4,61,28,2024/02/12 11:48:00,3.5,60,11.6,70,2024/02/12 01:23:00,0.0,0.0,0.0,--,0.0,--,10.6,94.7,20.65,23.0,2.8,8,2024/02/12 13:00:00,1.0,15.1,15.1,14.8,14.8,15.9,15.9,17.9,2.4,
2024-02-13,13,1021.4,1024.0,1023.5,2024/02/13 00:08:00,1019.4,2024/02/13 15:14:00,14.6,19.2,2024/02/13 13:22:00,9.6,2024/02/13 06:30:00,11.6,83,51,2024/02/13 09:24:00,1.8,280,5.8,270,2024/02/13 15:43:00,0.0,0.0,0.0,--,0.0,--,10.4,92.7,20.26,11.3,2.4,8,2024/02/13 13:00:00,2.8,14.8,14.8,14.8,15.0,16.2,16.2,17.8,4.4,
2024-02-14,14,1018.2,1020.8,1020.7,2024/02/14 08:03:00,1016.0,2024/02/14 15:39:00,17.0,23.0,2024/02/14 11:29:00,11.2,2024/02/14 03:08:00,10.4,67,38,2024/02/14 14:41:00,1.5,320,5.0,330,2024/02/14 13:35:00,0.0,0.0,0.0,--,0.0,--,10.6,94.3,20.02,19.0,3.6,8,2024/02/14 13:00:00,0.0,15.2,15.2,15.0,15.2,16.3,16.3,17.8,3.2,
2024-02-15,15,1016.8,1019.3,1019.9,2024/02/15 23:34:00,1014.3,2024/02/15 14:02:00,18.7,24.9,2024/02/15 12:38:00,13.2,2024/02/15 04:01:00,14.5,79,46,2024/02/15 11:39:00,3.3,50,16.5,50,2024/02/15 22:25:00,0.0,0.0,0.0,--,0.0,--,10.3,91.4,19.23,15.0,-3.7,8,2024/02/15 13:00:00,1.5,16.9,16.9,16.0,15.9,16.8,16.5,17.9,4.7,
2024-02-16,16,1019.4,1022.0,1021.7,2024/02/16 08:42:00,1017.7,2024/02/16 23:44:00,14.3,15.6,2024/02/16 21:58:00,12.9,2024/02/16 06:30:00,13.5,95,88,2024/02/16 14:38:00,7.4,50,15.9,40,2024/02/16 01:05:00,0.5,3.3,0.5,2024/02/16 05:45:00,0.5,2024/02/16 05:45:00,0.0,0.0,3.76,13.5,1.0,2,2024/02/16 11:00:00,10.0,15.0,15.0,15.8,16.1,17.2,16.9,18.0,9.8,
2024-02-17,17,1016.0,1018.6,1017.9,2024/02/17 08:49:00,1014.5,2024/02/17 18:34:00,15.5,16.9,2024/02/17 10:03:00,13.4,2024/02/17 23:33:00,14.9,96,89,2024/02/17 10:18:00,3.2,40,9.3,30,2024/02/17 11:20:00,0.0,0.0,0.0,--,0.0,--,0.0,0.0,6.87,10.5,0.5,3,2024/02/17 12:00:00,9.3,16.1,16.1,16.0,16.1,17.1,16.9,18.1,8.4,
2024-02-18,18,1014.2,1016.8,1016.4,2024/02/18 09:48:00,1012.3,2024/02/18 16:22:00,19.2,26.5,2024/02/18 14:55:00,13.1,2024/02/18 01:28:00,16.3,86,52,2024/02/18 14:37:00,1.2,230,6.0,240,2024/02/18 12:53:00,0.0,0.0,0.0,--,0.0,--,8.3,73.3,19.62,14.6,2.1,8,2024/02/18 13:00:00,4.7,17.7,17.7,16.6,16.5,17.3,17.0,18.1,7.1,
2024-02-19,19,1013.4,1016.0,1015.2,2024/02/19 09:22:00,1012.0,2024/02/19 16:55:00,22.4,26.1,2024/02/19 10:30:00,18.3,2024/02/19 00:01:00,19.5,85,62,2024/02/19 10:24:00,2.3,300,6.2,230,2024/02/19 17:37:00,0.0,0.0,0.0,--,0.0,--,8.7,76.6,19.79,19.0,-2.9,9,2024/02/19 13:00:00,7.0,19.8,19.8,18.2,17.8,18.3,17.5,18.2,8.1,
2024-02-20,20,1013.6,1016.1,1016.0,2024/02/20 09:33:00,1011.6,2024/02/20 15:22:00,23.5,28.2,2024/02/20 11:45:00,20.9,2024/02/20 05:53:00,21.9,91,66,2024/02/20 11:54:00,1.7,240,8.2,250,2024/02/20 14:45:00,T,0.3,T,2024/02/20 02:03:00,T,2024/02/20 02:03:00,6.2,54.7,16.98,11.5,2.9,8,2024/02/20 13:00:00,6.8,21.2,21.2,19.6,19.1,19.3,18.2,18.4,7.1,
2024-02-21,21,1013.4,1015.9,1015.3,2024/02/21 08:53:00,1011.7,2024/02/21 15:52:00,23.9,27.1,2024/02/21 12:55:00,21.1,2024/02/21 06:58:00,21.8,88,69,2024/02/21 13:23:00,2.7,260,9.1,240,2024/02/21 16:47:00,0.0,0.0,0.0,--,0.0,--,7.9,69.3,18.98,17.5,3.8,9,2024/02/21 12:00:00,5.5,21.9,21.9,20.4,19.9,20.2,19.0,18.7,4.3,
2024-02-22,22,1017.0,1019.5,1020.1,2024/02/22 23:56:00,1014.1,2024/02/22 03:35:00,18.3,23.1,2024/02/22 00:17:00,14.8,2024/02/22 23:55:00,17.5,95,87,2024/02/22 14:00:00,6.5,50,17.0,50,2024/02/22 18:29:00,0.0,0.0,0.0,--,0.0,--,0.0,0.0,5.7,17.1,-2.1,4,2024/02/22 14:00:00,10.0,19.2,19.2,19.7,19.7,20.4,19.5,19.0,7.2,
2024-02-23,23,1020.6,1023.2,1022.8,2024/02/23 09:35:00,1019.4,2024/02/23 05:29:00,14.4,15.7,2024/02/23 11:31:00,12.8,2024/02/23 08:43:00,12.7,90,83,2024/02/23 06:50:00,8.7,50,16.9,50,2024/02/23 00:28:00,T,2.7,T,2024/02/23 00:04:00,T,2024/02/23 00:04:00,0.0,0.0,5.96,17.3,-1.2,4,2024/02/23 12:00:00,10.0,15.7,15.7,17.3,17.8,19.2,19.2,19.3,8.7,
2024-02-24,24,1020.3,1022.9,1021.2,2024/02/24 10:48:00,1019.0,2024/02/24 14:35:00,14.5,16.7,2024/02/24 08:53:00,13.4,2024/02/24 03:47:00,13.2,92,79,2024/02/24 08:42:00,7.0,40,16.1,50,2024/02/24 01:11:00,T,0.5,T,2024/02/24 02:16:00,T,2024/02/24 02:16:00,1.1,9.6,6.11,15.0,-1.1,2,2024/02/24 10:00:00,9.0,15.8,15.8,16.6,17.0,18.4,18.6,19.4,9.3,
2024-02-25,25,1020.4,1023.0,1021.8,2024/02/25 20:41:00,1019.0,2024/02/25 15:35:00,13.0,14.8,2024/02/25 10:46:00,11.6,2024/02/25 22:14:00,11.0,88,79,2024/02/25 21:52:00,7.8,50,16.4,50,2024/02/25 18:46:00,0.5,0.7,0.5,2024/02/25 01:19:00,0.5,2024/02/25 01:19:00,0.0,0.0,4.3,14.0,-1.8,3,2024/02/25 11:00:00,10.0,14.4,14.4,15.9,16.5,17.9,18.2,19.4,9.5,
2024-02-26,26,1021.2,1023.8,1022.8,2024/02/26 09:00:00,1019.9,2024/02/26 15:07:00,12.7,13.6,2024/02/26 11:27:00,11.8,2024/02/26 20:16:00,10.4,86,78,2024/02/26 10:22:00,7.3,50,15.0,50,2024/02/26 04:47:00,0.5,4.1,0.5,2024/02/26 19:45:00,0.5,2024/02/26 19:45:00,0.0,0.0,2.6,10.5,-0.2,2,2024/02/26 12:00:00,10.0,13.8,13.8,15.0,15.6,17.2,17.7,19.3,9.7,
2024-02-27,27,1020.5,1023.1,1023.1,2024/02/27 09:14:00,1018.6,2024/02/27 23:55:00,13.5,15.2,2024/02/27 23:46:00,12.1,2024/02/27 08:48:00,11.8,89,83,2024/02/27 14:20:00,6.6,50,13.8,40,2024/02/27 07:57:00,0.5,5.2,0.5,2024/02/27 08:14:00,0.5,2024/02/27 08:14:00,0.0,0.0,2.66,11.5,-0.4,2,2024/02/27 14:00:00,10.0,14.1,14.1,14.9,15.4,16.9,17.3,19.1,9.9,
2024-02-28,28,1017.2,1019.8,1018.9,2024/02/28 06:56:00,1015.2,2024/02/28 15:50:00,15.6,18.3,2024/02/28 10:00:00,14.2,2024/02/28 18:59:00,14.6,94,83,2024/02/28 00:58:00,4.7,50,13.4,30,2024/02/28 04:28:00,T,1.3,T,2024/02/28 03:41:00,T,2024/02/28 03:41:00,0.0,0.0,5.32,10.5,0.9,4,2024/02/28 13:00:00,10.0,15.7,15.7,15.6,15.8,16.9,17.1,18.9,8.4,
2024-02-29,29,1016.3,1018.9,1018.5,2024/02/29 21:20:00,1014.2,2024/02/29 13:14:00,16.6,21.7,2024/02/29 10:14:00,14.2,2024/02/29 17:09:00,15.3,92,72,2024/02/29 10:07:00,3.4,40,15.1,30,2024/02/29 23:52:00,1.0,3.4,0.5,2024/02/29 21:00:00,1.0,2024/02/29 21:10:00,4.3,37.2,14.1,7.3,-2.8,7,2024/02/29 13:00:00,9.0,17.0,17.0,16.4,16.4,17.3,17.2,18.7,7.5,
2024-03-01,1,1020.3,1023.0,1022.9,2024/03/01 22:42:00,1018.1,2024/03/01 00:01:00,11.3,14.2,2024/03/01 00:01:00,10.1,2024/03/01 23:16:00,9.9,91,80,2024/03/01 09:49:00,8.8,50,19.3,40,2024/03/01 18:36:00,13.0,14.6,2.0,2024/03/01 07:10:00,2.5,2024/03/01 11:21:00,0.0,0.0,1.52,10.0,-1.1,1,2024/03/01 15:00:00,10.0,13.0,13.0,14.9,15.6,17.1,17.3,18.7,9.9,
2024-03-02,2,1019.5,1022.1,1021.7,2024/03/02 00:03:00,1017.4,2024/03/02 14:32:00,11.3,12.7,2024/03/02 09:04:00,10.0,2024/03/02 03:06:00,10.2,93,81,2024/03/02 07:57:00,7.6,40,18.9,40,2024/03/02 02:12:00,6.0,14.6,0.5,2024/03/02 02:49:00,1.0,2024/03/02 02:49:00,0.0,0.0,1.44,10.3,-0.3,1,2024/03/02 12:00:00,10.0,12.5,12.5,13.6,14.3,16.0,16.7,18.6,9.8,
2024-03-03,3,1016.5,1019.1,1019.5,2024/03/03 00:02:00,1013.6,2024/03/03 21:21:00,14.6,17.2,2024/03/03 14:27:00,11.6,2024/03/03 01:01:00,11.8,83,74,2024/03/03 12:39:00,4.1,50,11.3,50,2024/03/03 01:19:00,T,0.5,T,2024/03/03 00:01:00,T,2024/03/03 00:01:00,2.0,17.2,9.43,18.0,1.2,4,2024/03/03 11:00:00,7.5,14.1,14.1,14.1,14.4,15.8,16.2,18.4,8.9,
2024-03-04,4,1011.9,1014.5,1014.5,2024/03/04 10:39:00,1008.6,2024/03/04 16:16:00,16.7,19.5,2024/03/04 13:18:00,13.6,2024/03/04 03:23:00,15.4,92,80,2024/03/04 08:52:00,2.2,40,9.4,330,2024/03/04 09:45:00,0.0,0.0,0.0,--,0.0,--,3.8,32.5,13.0,9.5,1.8,6,2024/03/04 13:00:00,5.0,16.1,16.1,15.3,15.3,16.3,16.3,18.2,8.6,
2024-03-05,5,1005.7,1008.2,1010.2,2024/03/05 00:01:00,1002.7,2024/03/05 15:14:00,22.8,26.0,2024/03/05 11:05:00,17.4,2024/03/05 00:22:00,18.8,79,65,2024/03/05 09:20:00,6.4,240,17.0,240,2024/03/05 17:18:00,0.0,0.0,0.0,--,0.0,--,8.5,72.6,17.74,18.8,-4.5,6,2024/03/05 14:00:00,5.8,19.2,19.2,17.1,16.7,17.3,16.7,18.1,6.6,
2024-03-06,6,1010.8,1013.4,1015.3,2024/03/06 22:55:00,1004.2,2024/03/06 03:42:00,16.7,25.7,2024/03/06 03:55:00,13.9,2024/03/06 18:43:00,14.6,88,66,2024/03/06 03:50:00,7.9,50,16.2,220,2024/03/06 03:13:00,10.5,9.9,1.5,2024/03/06 08:27:00,3.5,2024/03/06 09:02:00,0.0,0.0,1.82,12.0,-1.5,1,2024/03/06 14:00:00,10.0,17.1,17.1,17.5,17.5,18.2,17.5,18.1,9.4,
2024-03-07,7,1015.9,1018.5,1017.9,2024/03/07 23:53:00,1014.0,2024/03/07 03:35:00,13.9,14.6,2024/03/07 20:17:00,12.6,2024/03/07 05:26:00,11.7,86,76,2024/03/07 23:57:00,7.0,50,15.3,40,2024/03/07 00:11:00,17.5,4.5,3.0,2024/03/07 05:02:00,12.5,2024/03/07 04:28:00,0.0,0.0,1.58,11.5,1.5,1,2024/03/07 13:00:00,10.0,14.4,14.4,15.3,15.7,17.1,17.2,18.3,10.0,
2024-03-08,8,1018.9,1021.5,1020.3,2024/03/08 09:56:00,1016.9,2024/03/08 03:58:00,14.1,16.6,2024/03/08 10:29:00,12.0,2024/03/08 23:53:00,4.6,54,34,2024/03/08 15:34:00,7.5,50,19.0,40,2024/03/08 11:50:00,0.0,0.0,0.0,--,0.0,--,9.8,83.2,20.62,15.8,5.7,8,2024/03/08 13:00:00,1.5,13.6,13.6,14.9,15.3,16.6,16.8,18.3,4.9,
2024-03-09,9,1019.6,1022.2,1021.2,2024/03/09 09:52:00,1016.2,2024/03/09 03:46:00,13.6,14.7,2024/03/09 12:23:00,11.6,2024/03/09 00:12:00,6.1,61,50,2024/03/09 00:01:00,7.7,60,16.4,50,2024/03/09 13:09:00,T,2.2,T,2024/03/09 13:18:00,T,2024/03/09 13:18:00,0.1,0.8,3.52,18.0,-1.8,2,2024/03/09 15:00:00,9.3,13.1,13.1,13.9,14.5,16.0,16.4,18.2,8.8,
2024-03-10,10,1019.6,1022.2,1022.6,2024/03/10 09:37:00,1018.1,2024/03/10 04:34:00,16.9,19.1,2024/03/10 13:04:00,14.6,2024/03/10 00:01:00,12.4,76,59,2024/03/10 00:01:00,6.1,50,15.6,60,2024/03/10 00:14:00,T,0.4,T,2024/03/10 04:09:00,T,2024/03/10 04:09:00,0.2,1.7,8.18,16.0,-1.4,4,2024/03/10 14:00:00,9.5,15.2,15.2,14.6,14.8,15.9,16.1,18.0,10.0,
2024-03-11,11,1016.2,1018.8,1019.6,2024/03/11 00:01:00,1014.0,2024/03/11 16:11:00,15.7,17.3,2024/03/11 08:17:00,14.8,2024/03/11 13:14:00,15.2,97,87,2024/03/11 00:04:00,1.8,330,6.1,10,2024/03/11 21:05:00,25.0,12.6,2.0,2024/03/11 18:02:00,6.5,2024/03/11 17:32:00,0.7,5.9,3.49,8.0,-0.2,1,2024/03/11 10:00:00,9.3,16.0,16.0,15.5,15.6,16.5,16.4,17.9,9.9,
2024-03-12,12,1017.1,1019.7,1018.9,2024/03/12 09:21:00,1015.6,2024/03/12 01:32:00,17.1,21.6,2024/03/12 11:59:00,14.2,2024/03/12 06:00:00,10.9,70,37,2024/03/12 11:49:00,4.0,50,11.9,40,2024/03/12 13:29:00,2.0,1.7,0.5,2024/03/12 00:49:00,1.5,2024/03/12 01:47:00,10.7,90.0,24.53,17.8,5.7,10,2024/03/12 12:00:00,2.3,15.9,15.9,15.9,15.9,16.8,16.5,17.8,4.1,
2024-03-13,13,1017.4,1020.0,1019.6,2024/03/13 09:12:00,1015.7,2024/03/13 15:28:00,18.8,23.0,2024/03/13 11:52:00,15.7,2024/03/13 05:55:00,10.3,58,44,2024/03/13 11:53:00,5.6,60,15.0,90,2024/03/13 08:22:00,0.0,0.0,0.0,--,0.0,--,7.1,59.6,19.16,16.0,-4.3,8,2024/03/13 12:00:00,5.3,16.0,16.0,15.8,15.9,16.9,16.7,17.8,6.5,
2024-03-14,14,1016.2,1018.8,1018.0,2024/03/14 08:54:00,1014.4,2024/03/14 14:54:00,17.9,21.9,2024/03/14 13:25:00,15.8,2024/03/14 00:54:00,15.0,84,63,2024/03/14 12:09:00,1.6,80,5.8,290,2024/03/14 13:35:00,T,0.5,T,2024/03/14 08:01:00,T,2024/03/14 08:01:00,1.2,10.1,11.46,10.3,-2.0,8,2024/03/14 13:00:00,9.3,17.4,17.4,16.7,16.6,17.4,17.0,17.9,9.9,
2024-03-15,15,1016.6,1019.2,1017.9,2024/03/15 09:21:00,1014.8,2024/03/15 02:31:00,17.3,19.1,2024/03/15 10:53:00,15.8,2024/03/15 01:46:00,16.6,96,87,2024/03/15 08:51:00,1.9,180,6.8,360,2024/03/15 13:43:00,T,5.0,T,2024/03/15 09:23:00,T,2024/03/15 09:23:00,0.0,0.0,3.32,6.3,-0.3,2,2024/03/15 11:00:00,10.0,17.3,17.3,17.0,17.0,17.9,17.3,18.0,9.4,
2024-03-16,16,1016.1,1018.7,1018.3,2024/03/16 08:44:00,1014.4,2024/03/16 15:55:00,18.3,20.7,2024/03/16 13:30:00,16.9,2024/03/16 00:41:00,17.3,94,83,2024/03/16 13:35:00,1.5,40,5.3,30,2024/03/16 15:15:00,T,0.9,T,2024/03/16 07:39:00,T,2024/03/16 07:39:00,0.1,0.8,7.77,6.5,-1.3,5,2024/03/16 14:00:00,9.5,18.3,18.3,17.5,17.4,18.1,17.5,18.1,9.3,
2024-03-17,17,1014.6,1017.2,1016.3,2024/03/17 09:34:00,1012.6,2024/03/17 14:59:00,19.9,24.6,2024/03/17 13:08:00,17.0,2024/03/17 04:28:00,18.2,90,70,2024/03/17 12:33:00,3.2,50,14.6,60,2024/03/17 23:07:00,T,0.7,T,2024/03/17 20:02:00,T,2024/03/17 20:02:00,5.2,43.4,18.82,10.5,-4.9,9,2024/03/17 13:00:00,7.3,19.6,19.6,18.6,18.2,18.7,17.9,18.2,5.5,
2024-03-18,18,1015.3,1017.9,1017.5,2024/03/18 08:27:00,1012.7,2024/03/18 16:24:00,17.3,18.7,2024/03/18 16:04:00,16.3,2024/03/18 06:10:00,14.4,83,74,2024/03/18 11:17:00,7.6,50,16.5,40,2024/03/18 12:03:00,T,0.3,T,2024/03/18 04:15:00,T,2024/03/18 04:15:00,2.0,16.7,11.35,11.0,-2.4,5,2024/03/18 12:00:00,7.8,17.4,17.4,18.1,18.2,19.1,18.4,18.4,7.8,
2024-03-19,19,1019.5,1022.1,1021.3,2024/03/19 20:59:00,1016.2,2024/03/19 00:05:00,14.6,16.2,2024/03/19 00:02:00,13.3,2024/03/19 04:59:00,11.1,80,62,2024/03/19 16:01:00,5.8,50,12.8,50,2024/03/19 14:42:00,3.5,4.5,1.5,2024/03/19 05:06:00,2.0,2024/03/19 04:57:00,1.6,13.3,8.44,20.5,3.3,5,2024/03/19 13:00:00,8.3,15.6,15.6,16.9,17.3,18.5,18.3,18.6,8.0,
2024-03-20,20,1021.0,1023.6,1023.3,2024/03/20 07:59:00,1018.8,2024/03/20 23:59:00,16.2,19.6,2024/03/20 11:38:00,13.9,2024/03/20 00:01:00,7.2,55,44,2024/03/20 15:17:00,8.4,60,22.1,60,2024/03/20 14:00:00,0.0,0.0,0.0,--,0.0,--,9.3,77.0,22.46,21.5,6.5,9,2024/03/20 13:00:00,3.8,14.9,14.9,15.8,16.1,17.5,17.8,18.6,4.4,
2024-03-21,21,1015.1,1017.6,1018.8,2024/03/21 00:01:00,1012.1,2024/03/21 17:30:00,19.0,24.2,2024/03/21 12:29:00,12.9,2024/03/21 06:22:00,10.9,60,43,2024/03/21 10:35:00,2.7,60,12.2,70,2024/03/21 00:18:00,0.0,0.0,0.0,--,0.0,--,6.7,55.3,20.36,25.0,3.4,9,2024/03/21 12:00:00,4.0,16.9,16.9,16.3,16.3,17.4,17.4,18.6,6.3,
2024-03-22,22,1012.1,1014.7,1014.3,2024/03/22 08:46:00,1010.1,2024/03/22 15:14:00,20.5,23.8,2024/03/22 14:49:00,17.4,2024/03/22 06:11:00,16.7,79,63,2024/03/22 13:26:00,1.8,240,8.3,230,2024/03/22 13:34:00,0.0,0.0,0.0,--,0.0,--,5.1,42.0,18.9,18.5,3.5,7,2024/03/22 13:00:00,7.3,19.4,19.4,18.3,18.0,18.6,17.9,18.5,8.4,
2024-03-23,23,1011.5,1014.0,1012.9,2024/03/23 23:02:00,1009.8,2024/03/23 03:52:00,23.4,28.3,2024/03/23 11:19:00,18.5,2024/03/23 00:50:00,19.6,81,48,2024/03/23 10:16:00,2.1,230,9.0,250,2024/03/23 16:10:00,0.0,0.0,0.0,--,0.0,--,6.6,54.3,17.44,19.3,-1.1,7,2024/03/23 12:00:00,7.0,21.0,21.0,19.6,19.2,19.6,18.6,18.6,9.3,
2024-03-24,24,1013.1,1015.6,1015.2,2024/03/24 08:38:00,1011.6,2024/03/24 15:14:00,24.7,27.9,2024/03/24 09:44:00,22.6,2024/03/24 06:05:00,23.2,92,73,2024/03/24 09:51:00,3.4,210,10.5,220,2024/03/24 09:30:00,2.0,0.7,1.5,2024/03/24 02:46:00,2.0,2024/03/24 02:46:00,7.0,57.5,19.72,12.5,3.7,10,2024/03/24 13:00:00,7.8,23.0,23.0,21.3,20.8,20.9,19.4,18.8,8.3,
2024-03-25,25,1011.3,1013.8,1013.1,2024/03/25 08:12:00,1009.5,2024/03/25 16:42:00,24.9,27.1,2024/03/25 10:25:00,22.7,2024/03/25 01:37:00,23.2,91,78,2024/03/25 23:02:00,4.6,220,11.4,230,2024/03/25 19:19:00,0.0,0.0,0.0,--,0.0,--,4.0,32.8,17.01,12.0,3.8,10,2024/03/25 12:00:00,7.5,23.4,23.4,22.1,21.6,21.8,20.3,19.2,6.1,
2024-03-26,26,1016.2,1018.7,1019.3,2024/03/26 21:44:00,1011.3,2024/03/26 01:59:00,20.6,25.4,2024/03/26 00:01:00,17.1,2024/03/26 23:59:59,17.9,84,73,2024/03/26 13:22:00,7.0,50,20.3,60,2024/03/26 16:57:00,0.0,0.0,0.0,--,0.0,--,4.0,32.7,15.59,14.0,4.8,9,2024/03/26 13:00:00,7.8,21.1,21.1,21.6,21.5,22.0,20.8,19.6,7.7,
2024-03-27,27,1016.5,1019.1,1018.9,2024/03/27 08:26:00,1013.1,2024/03/27 23:54:00,20.1,22.8,2024/03/27 13:41:00,17.0,2024/03/27 00:10:00,16.3,79,70,2024/03/27 10:46:00,4.8,50,12.8,40,2024/03/27 01:05:00,0.0,0.0,0.0,--,0.0,--,4.8,39.2,19.34,17.0,4.0,9,2024/03/27 12:00:00,6.8,19.9,19.9,19.9,20.0,21.0,20.6,19.9,8.6,
2024-03-28,28,1010.3,1012.8,1013.1,2024/03/28 00:02:00,1006.7,2024/03/28 15:35:00,23.3,26.2,2024/03/28 14:07:00,19.9,2024/03/28 05:50:00,20.6,85,74,2024/03/28 13:01:00,4.5,240,14.0,270,2024/03/28 17:27:00,0.0,0.0,0.0,--,0.0,--,5.1,41.5,17.95,15.0,3.7,11,2024/03/28 13:00:00,8.3,22.1,22.1,21.0,20.8,21.4,20.5,20.1,9.0,
2024-03-29,29,1011.4,1013.9,1013.1,2024/03/29 09:31:00,1010.0,2024/03/29 14:58:00,23.5,26.0,2024/03/29 11:54:00,21.4,2024/03/29 06:19:00,19.0,76,61,2024/03/29 15:50:00,3.1,40,8.6,30,2024/03/29 12:27:00,0.0,0.0,0.0,--,0.0,--,8.4,68.2,20.0,13.5,-5.8,9,2024/03/29 13:00:00,8.8,22.3,22.3,21.9,21.6,22.1,21.0,20.2,9.5,
2024-03-30,30,1011.7,1014.2,1014.2,2024/03/30 07:49:00,1009.9,2024/03/30 16:32:00,23.7,26.0,2024/03/30 12:20:00,21.2,2024/03/30 01:18:00,21.3,87,73,2024/03/30 11:44:00,2.1,250,6.0,240,2024/03/30 12:24:00,4.0,2.8,1.0,2024/03/30 07:51:00,3.0,2024/03/30 07:16:00,1.7,13.8,10.36,7.8,-2.2,5,2024/03/30 13:00:00,10.0,22.7,22.7,21.8,21.6,22.2,21.2,20.5,8.9,
2024-03-31,31,1008.3,1010.8,1011.9,2024/03/31 07:10:00,1005.4,2024/03/31 15:02:00,24.3,26.8,2024/03/31 11:20:00,20.5,2024/03/31 07:55:00,22.3,89,74,2024/03/31 15:32:00,6.4,250,22.5,260,2024/03/31 06:59:00,67.5,6.0,10.0,2024/03/31 06:58:00,31.5,2024/03/31 16:53:00,1.9,15.4,10.47,7.8,-2.4,7,2024/03/31 12:00:00,10.0,23.0,23.0,22.2,22.0,22.6,21.6,20.8,9.7,
2024-04-01,1,1009.8,1012.3,1011.9,2024/04/01 09:23:00,1007.6,2024/04/01 16:44:00,24.1,28.8,2024/04/01 12:43:00,20.8,2024/04/01 04:41:00,19.1,75,49,2024/04/01 10:07:00,3.0,40,9.5,80,2024/04/01 08:30:00,4.5,2.1,2.0,2024/04/01 18:49:00,3.5,2024/04/01 18:03:00,3.3,26.6,15.64,16.0,-2.5,7,2024/04/01 12:00:00,9.5,22.0,22.0,22.0,21.9,22.5,21.7,21.0,9.7,
2024-04-02,2,1007.7,1010.2,1010.1,2024/04/02 09:12:00,1005.2,2024/04/02 15:53:00,25.3,28.2,2024/04/02 12:38:00,21.7,2024/04/02 01:10:00,23.0,88,75,2024/04/02 10:41:00,4.8,240,16.3,250,2024/04/02 15:19:00,0.0,0.0,0.0,--,0.0,--,9.7,78.2,23.9,9.8,7.0,9,2024/04/02 12:00:00,3.0,23.9,23.9,22.8,22.5,23.0,21.9,21.1,4.0,
2024-04-03,3,1007.7,1010.2,1010.1,2024/04/03 09:37:00,1005.4,2024/04/03 15:03:00,26.9,28.4,2024/04/03 10:10:00,25.6,2024/04/03 01:17:00,23.3,81,72,2024/04/03 08:50:00,7.8,240,16.7,230,2024/04/03 11:59:00,0.0,0.0,0.0,--,0.0,--,10.2,82.0,23.17,10.0,5.5,9,2024/04/03 13:00:00,3.5,24.7,24.7,23.8,23.4,23.7,22.4,21.3,3.2,
2024-04-04,4,1010.4,1012.9,1016.0,2024/04/04 22:53:00,1008.2,2024/04/04 02:39:00,24.5,28.5,2024/04/04 10:09:00,20.1,2024/04/04 23:22:00,21.7,84,70,2024/04/04 09:03:00,3.5,40,14.4,20,2024/04/04 22:44:00,T,0.3,T,2024/04/04 22:16:00,T,2024/04/04 22:16:00,6.7,53.9,19.93,11.0,-3.3,9,2024/04/04 12:00:00,6.5,24.3,24.3,23.7,23.5,23.9,22.7,21.6,7.7,
2024-04-05,5,1012.3,1014.8,1014.8,2024/04/05 00:01:00,1009.9,2024/04/05 02:45:00,20.9,22.0,2024/04/05 03:35:00,19.8,2024/04/05 20:04:00,18.4,86,81,2024/04/05 11:56:00,5.1,50,13.2,40,2024/04/05 14:14:00,T,0.3,T,2024/04/05 06:20:00,T,2024/04/05 06:20:00,0.0,0.0,6.06,19.0,-1.1,4,2024/04/05 12:00:00,10.0,21.7,21.7,22.3,22.5,23.4,22.8,21.8,10.0,
2024-04-06,6,1012.5,1015.0,1014.7,2024/04/06 00:20:00,1010.9,2024/04/06 15:27:00,21.7,24.1,2024/04/06 12:53:00,19.6,2024/04/06 04:45:00,19.8,89,79,2024/04/06 08:43:00,3.7,40,10.7,30,2024/04/06 10:18:00,5.0,6.7,0.5,2024/04/06 03:28:00,1.5,2024/04/06 15:09:00,1.9,15.2,9.99,16.5,-2.0,7,2024/04/06 13:00:00,8.0,21.9,21.9,21.7,21.8,22.7,22.4,21.9,9.5,
2024-04-07,7,1010.2,1012.7,1012.2,2024/04/07 07:35:00,1008.1,2024/04/07 15:36:00,22.2,24.4,2024/04/07 11:10:00,20.4,2024/04/07 06:09:00,20.4,89,82,2024/04/07 11:14:00,3.9,40,10.2,40,2024/04/07 14:18:00,8.5,3.8,6.0,2024/04/07 05:53:00,7.5,2024/04/07 05:46:00,0.8,6.4,12.69,20.5,-2.5,8,2024/04/07 12:00:00,9.8,22.1,22.1,21.9,21.9,22.7,22.2,21.9,10.0,
2024-04-08,8,1010.5,1013.0,1013.7,2024/04/08 22:30:00,1008.4,2024/04/08 03:34:00,22.0,24.0,2024/04/08 13:33:00,19.1,2024/04/08 23:56:00,20.9,93,86,2024/04/08 17:58:00,2.7,50,12.6,40,2024/04/08 23:56:00,16.0,6.4,2.5,2024/04/08 20:27:00,4.5,2024/04/08 20:27:00,0.1,0.8,5.25,9.8,-2.1,6,2024/04/08 14:00:00,10.0,22.5,22.5,22.1,22.1,22.8,22.2,21.9,9.9,
2024-04-09,9,1015.0,1017.6,1016.8,2024/04/09 10:54:00,1012.5,2024/04/09 01:37:00,19.3,20.0,2024/04/09 13:10:00,18.3,2024/04/09 07:00:00,15.4,79,66,2024/04/09 19:56:00,7.2,60,15.4,60,2024/04/09 15:47:00,0.5,5.1,0.5,2024/04/09 08:43:00,0.5,2024/04/09 08:43:00,0.0,0.0,5.98,16.0,-2.6,5,2024/04/09 13:00:00,9.8,19.4,19.4,20.6,21.0,22.2,22.1,22.0,9.8,
2024-04-10,10,1013.9,1016.4,1015.5,2024/04/10 10:54:00,1012.6,2024/04/10 17:59:00,21.9,22.9,2024/04/10 13:36:00,19.6,2024/04/10 00:01:00,17.9,78,72,2024/04/10 00:01:00,3.9,60,12.0,60,2024/04/10 00:38:00,0.0,0.0,0.0,--,0.0,--,0.0,0.0,5.65,17.0,1.8,3,2024/04/10 14:00:00,10.0,20.6,20.6,20.3,20.4,21.5,21.6,22.0,9.6,
2024-04-11,11,1013.2,1015.7,1014.9,2024/04/11 09:45:00,1011.3,2024/04/11 16:52:00,23.3,26.6,2024/04/11 12:15:00,20.4,2024/04/11 01:08:00,20.8,86,72,2024/04/11 12:19:00,2.0,40,7.2,30,2024/04/11 15:10:00,0.0,0.0,0.0,--,0.0,--,3.6,28.5,17.4,9.9,2.9,10,2024/04/11 13:00:00,6.8,22.5,22.5,21.5,21.3,21.9,21.5,21.8,7.3,
2024-04-12,12,1010.7,1013.2,1012.1,2024/04/12 01:24:00,1009.1,2024/04/12 15:06:00,23.4,25.6,2024/04/12 15:16:00,21.3,2024/04/12 00:53:00,21.9,91,81,2024/04/12 15:17:00,1.9,240,5.8,330,2024/04/12 12:50:00,0.0,0.0,0.0,--,0.0,--,3.1,24.5,14.25,7.0,2.6,6,2024/04/12 14:00:00,8.5,23.1,23.1,22.3,22.0,22.6,21.8,21.8,8.0,
2024-04-13,13,1009.9,1012.4,1011.2,2024/04/13 09:49:00,1008.7,2024/04/13 14:22:00,24.6,27.4,2024/04/13 12:48:00,21.8,2024/04/13 03:12:00,22.6,89,73,2024/04/13 13:52:00,2.2,40,8.6,40,2024/04/13 13:29:00,0.0,0.0,0.0,--,0.0,--,2.5,19.7,15.8,9.0,3.3,9,2024/04/13 13:00:00,9.0,23.6,23.6,22.8,22.6,23.0,22.1,21.8,7.5,
2024-04-14,14,1009.7,1012.2,1011.7,2024/04/14 09:25:00,1008.3,2024/04/14 15:55:00,24.4,25.6,2024/04/14 20:28:00,23.2,2024/04/14 04:37:00,22.5,90,84,2024/04/14 13:22:00,2.6,220,6.8,220,2024/04/14 19:22:00,0.0,0.0,0.0,--,0.0,--,0.0,0.0,7.09,9.5,1.3,4,2024/04/14 13:00:00,10.0,23.8,23.8,23.1,22.9,23.4,22.4,21.9,6.8,
2024-04-15,15,1010.1,1012.6,1011.6,2024/04/15 22:50:00,1008.5,2024/04/15 03:19:00,26.2,28.4,2024/04/15 13:14:00,24.6,2024/04/15 04:09:00,23.8,87,76,2024/04/15 11:01:00,3.6,240,9.3,250,2024/04/15 09:00:00,0.0,0.0,0.0,--,0.0,--,9.4,73.9,22.64,16.0,-4.2,9,2024/04/15 12:00:00,5.8,24.9,24.9,23.7,23.3,23.7,22.6,22.0,5.4,
2024-04-16,16,1009.4,1011.9,1011.2,2024/04/16 08:47:00,1008.4,2024/04/16 13:22:00,25.3,28.3,2024/04/16 13:03:00,23.5,2024/04/16 23:29:00,23.5,89,79,2024/04/16 12:59:00,1.7,40,6.3,260,2024/04/16 14:47:00,T,0.3,T,2024/04/16 07:48:00,T,2024/04/16 07:48:00,0.7,5.5,10.59,8.3,-2.3,6,2024/04/16 11:00:00,10.0,24.8,24.8,24.2,23.8,24.2,23.0,22.1,8.1,
2024-04-17,17,1007.1,1009.6,1009.0,2024/04/17 06:20:00,1004.1,2024/04/17 15:38:00,25.8,28.1,2024/04/17 12:34:00,22.9,2024/04/17 03:51:00,22.8,84,71,2024/04/17 18:57:00,4.6,250,16.6,240,2024/04/17 15:38:00,T,1.5,T,2024/04/17 16:36:00,T,2024/04/17 16:36:00,5.3,41.5,19.54,14.0,-6.4,10,2024/04/17 12:00:00,8.3,24.6,24.6,23.9,23.7,24.2,23.2,22.3,8.1,
2024-04-18,18,1007.7,1010.2,1009.9,2024/04/18 10:15:00,1005.1,2024/04/18 01:14:00,23.3,26.5,2024/04/18 00:12:00,20.7,2024/04/18 23:47:00,20.2,83,74,2024/04/18 17:25:00,5.1,60,12.5,60,2024/04/18 07:46:00,22.5,1.5,10.5,2024/04/18 07:00:00,21.0,2024/04/18 07:00:00,0.0,0.0,9.3,20.0,-2.8,5,2024/04/18 12:00:00,9.8,23.1,23.1,23.4,23.4,24.2,23.3,22.5,9.7,
2024-04-19,19,1007.6,1010.1,1009.6,2024/04/19 00:46:00,1005.9,2024/04/19 13:15:00,23.8,28.2,2024/04/19 13:47:00,20.6,2024/04/19 04:21:00,20.5,82,66,2024/04/19 14:11:00,2.0,260,6.8,270,2024/04/19 14:20:00,T,0.2,T,2024/04/19 00:38:00,T,2024/04/19 00:38:00,3.8,29.6,16.36,16.0,2.6,10,2024/04/19 12:00:00,6.0,23.4,23.4,22.8,22.8,23.6,23.1,22.6,9.0,
2024-04-20,20,1006.3,1008.8,1007.9,2024/04/20 21:04:00,1004.5,2024/04/20 16:00:00,26.0,28.9,2024/04/20 11:17:00,23.2,2024/04/20 02:53:00,23.4,85,77,2024/04/20 14:41:00,4.3,240,12.7,250,2024/04/20 12:31:00,0.0,0.0,0.0,--,0.0,--,9.0,70.1,23.68,24.0,5.5,11,2024/04/20 12:00:00,5.8,24.9,24.9,23.8,23.5,24.0,23.1,22.6,8.5,
2024-04-21,21,1007.6,1010.1,1009.3,2024/04/21 21:11:00,1005.0,2024/04/21 03:45:00,26.0,28.2,2024/04/21 11:22:00,23.1,2024/04/21 06:21:00,22.9,83,71,2024/04/21 01:46:00,3.3,240,13.1,240,2024/04/21 02:03:00,0.0,0.0,0.0,--,0.0,--,4.3,33.4,18.56,20.0,3.4,10,2024/04/21 14:00:00,7.5,25.2,25.2,24.3,24.0,24.5,23.4,22.7,9.3,
2024-04-22,22,1007.1,1009.6,1008.8,2024/04/22 10:53:00,1005.4,2024/04/22 16:47:00,25.3,28.0,2024/04/22 08:38:00,24.0,2024/04/22 02:55:00,23.9,92,75,2024/04/22 08:52:00,1.9,300,6.6,230,2024/04/22 08:53:00,3.0,3.6,1.0,2024/04/22 11:25:00,2.0,2024/04/22 11:25:00,0.3,2.3,6.44,9.0,-0.7,4,2024/04/22 10:00:00,9.5,24.9,24.9,24.3,24.1,24.7,23.6,22.8,9.8,
2024-04-23,23,1005.9,1008.4,1008.2,2024/04/23 22:21:00,1004.0,2024/04/23 16:48:00,25.5,28.7,2024/04/23 13:43:00,23.2,2024/04/23 04:29:00,23.4,88,69,2024/04/23 13:17:00,4.1,240,15.4,240,2024/04/23 16:26:00,1.5,2.3,0.5,2024/04/23 02:25:00,0.5,2024/04/23 02:25:00,0.9,7.0,9.69,13.0,-2.3,9,2024/04/23 12:00:00,8.3,24.7,24.7,24.1,24.0,24.6,23.7,23.0,10.0,
2024-04-24,24,1008.3,1010.8,1009.9,2024/04/24 11:17:00,1005.6,2024/04/24 03:34:00,21.4,24.1,2024/04/24 00:16:00,19.6,2024/04/24 18:59:00,19.8,91,81,2024/04/24 16:01:00,4.4,60,15.1,60,2024/04/24 09:41:00,55.0,7.7,7.0,2024/04/24 08:48:00,20.5,2024/04/24 08:33:00,0.0,0.0,6.28,9.5,-3.3,6,2024/04/24 13:00:00,10.0,22.4,22.4,23.0,23.2,24.2,23.4,23.1,9.9,
2024-04-25,25,1006.9,1009.4,1008.6,2024/04/25 00:01:00,1005.0,2024/04/25 23:59:59,22.9,26.0,2024/04/25 11:52:00,20.0,2024/04/25 02:28:00,21.2,91,81,2024/04/25 10:28:00,1.7,50,6.0,330,2024/04/25 11:06:00,6.0,7.6,2.5,2024/04/25 06:27:00,2.5,2024/04/25 06:19:00,0.8,6.2,9.98,14.0,-1.2,8,2024/04/25 11:00:00,10.0,22.9,22.9,22.4,22.5,23.4,23.0,23.1,9.9,
2024-04-26,26,1004.0,1006.5,1006.6,2024/04/26 12:00:00,1000.8,2024/04/26 15:30:00,24.0,26.0,2024/04/26 23:56:00,22.3,2024/04/26 00:44:00,22.5,91,74,2024/04/26 23:53:00,2.1,220,13.1,230,2024/04/26 23:53:00,46.0,3.7,12.0,2024/04/26 12:04:00,36.0,2024/04/26 11:41:00,0.9,6.9,6.68,15.3,/,4,2024/04/26 10:00:00,9.3,23.5,23.5,22.9,22.8,23.6,23.0,23.0,9.8,
2024-04-27,27,1006.4,1008.9,1009.1,2024/04/27 22:11:00,1003.6,2024/04/27 02:14:00,25.5,27.1,2024/04/27 11:57:00,23.9,2024/04/27 07:27:00,22.7,85,75,2024/04/27 00:02:00,2.9,270,11.4,260,2024/04/27 01:55:00,6.0,2.5,3.5,2024/04/27 07:33:00,5.5,2024/04/27 07:11:00,2.0,15.4,13.53,13.5,-4.3,9,2024/04/27 13:00:00,8.5,24.4,24.4,23.5,23.3,23.8,23.1,23.0,9.5,
2024-04-28,28,1006.9,1009.4,1010.7,2024/04/28 10:10:00,1003.7,2024/04/28 03:40:00,26.3,31.3,2024/04/28 14:53:00,23.6,2024/04/28 10:48:00,21.6,76,47,2024/04/28 14:38:00,5.0,220,16.9,210,2024/04/28 03:25:00,0.5,3.9,0.5,2024/04/28 10:47:00,0.5,2024/04/28 10:47:00,4.3,33.0,14.52,20.5,-2.9,10,2024/04/28 14:00:00,8.0,24.2,24.2,23.8,23.7,24.3,23.3,23.0,7.9,
2024-04-29,29,1006.0,1008.5,1008.1,2024/04/29 07:55:00,1003.7,2024/04/29 17:39:00,27.3,29.9,2024/04/29 11:41:00,25.4,2024/04/29 23:35:00,23.2,79,66,2024/04/29 11:47:00,6.4,250,16.9,250,2024/04/29 13:50:00,0.0,0.0,0.0,--,0.0,--,10.7,82.1,24.98,25.0,6.0,10,2024/04/29 12:00:00,2.3,25.3,25.3,24.5,24.2,24.6,23.5,23.0,4.6,
2024-04-30,30,1004.0,1006.5,1006.9,2024/04/30 20:33:00,1001.7,2024/04/30 11:47:00,26.0,30.3,2024/04/30 10:59:00,21.9,2024/04/30 17:00:00,22.1,80,59,2024/04/30 19:35:00,4.8,260,20.4,300,2024/04/30 14:17:00,15.0,3.2,5.0,2024/04/30 15:05:00,11.0,2024/04/30 15:03:00,6.0,45.9,16.99,13.0,-4.1,9,2024/04/30 11:00:00,6.5,25.0,25.0,24.6,24.4,25.0,23.9,23.1,7.6,
2024-05-01,1,1007.7,1010.2,1011.1,2024/05/01 23:59:59,1003.7,2024/05/01 01:56:00,23.0,26.7,2024/05/01 00:06:00,20.9,2024/05/01 21:03:00,20.5,86,66,2024/05/01 06:49:00,5.0,50,16.0,210,2024/05/01 02:20:00,19.0,7.0,3.0,2024/05/01 14:59:00,8.0,2024/05/01 14:39:00,0.0,0.0,4.95,16.8,-0.8,3,2024/05/01 13:00:00,9.8,22.8,22.8,23.1,23.3,24.3,23.6,23.3,10.0,
2024-05-02,2,1011.6,1014.1,1013.5,2024/05/02 21:15:00,1009.5,2024/05/02 03:01:00,21.6,23.8,2024/05/02 11:36:00,20.3,2024/05/02 02:04:00,19.2,86,78,2024/05/02 22:18:00,4.5,60,12.0,40,2024/05/02 13:51:00,4.0,1.6,0.5,2024/05/02 00:13:00,1.5,2024/05/02 00:13:00,0.1,0.8,8.01,17.0,2.2,6,2024/05/02 12:00:00,9.8,21.7,21.7,22.1,22.3,23.4,22.8,23.2,9.3,
2024-05-03,3,1011.2,1013.7,1012.5,2024/05/03 07:39:00,1009.8,2024/05/03 15:07:00,23.2,26.3,2024/05/03 13:30:00,20.4,2024/05/03 05:15:00,19.8,81,72,2024/05/03 11:19:00,5.2,50,13.2,50,2024/05/03 15:09:00,0.0,0.0,0.0,--,0.0,--,4.0,30.5,19.25,22.5,4.2,9,2024/05/03 14:00:00,7.5,22.3,22.3,22.3,22.3,23.2,22.7,23.1,6.5,
2024-05-04,4,1008.5,1011.0,1010.7,2024/05/04 00:01:00,1006.7,2024/05/04 16:57:00,25.1,28.6,2024/05/04 13:07:00,22.9,2024/05/04 02:08:00,23.1,89,77,2024/05/04 12:01:00,3.0,60,9.5,50,2024/05/04 01:16:00,0.0,0.0,0.0,--,0.0,--,2.5,19.1,17.74,22.5,2.1,10,2024/05/04 12:00:00,9.0,24.5,24.5,23.7,23.3,23.9,23.1,23.2,8.8,
2024-05-05,5,1007.6,1010.1,1009.6,2024/05/05 09:08:00,1005.9,2024/05/05 02:37:00,25.3,28.3,2024/05/05 13:08:00,24.0,2024/05/05 05:23:00,23.9,92,80,2024/05/05 13:04:00,1.5,290,7.0,230,2024/05/05 16:13:00,1.5,1.6,0.5,2024/05/05 10:15:00,1.5,2024/05/05 10:15:00,2.6,19.8,13.42,13.5,-2.4,11,2024/05/05 13:00:00,7.3,25.5,25.5,24.6,24.3,24.8,23.7,23.2,8.5,
2024-05-06,6,1009.5,1012.0,1011.4,2024/05/06 21:41:00,1007.2,2024/05/06 02:24:00,25.9,28.2,2024/05/06 11:04:00,23.9,2024/05/06 21:31:00,23.9,89,79,2024/05/06 10:58:00,3.3,60,8.5,250,2024/05/06 09:18:00,0.0,0.0,0.0,--,0.0,--,7.6,57.7,24.65,21.8,6.5,12,2024/05/06 12:00:00,6.3,26.1,26.1,25.5,25.1,25.4,24.1,23.3,5.7,
2024-05-07,7,1011.2,1013.7,1012.4,2024/05/07 08:57:00,1009.9,2024/05/07 16:50:00,25.3,28.3,2024/05/07 10:13:00,23.1,2024/05/07 23:56:00,20.8,77,64,2024/05/07 20:35:00,4.5,50,12.2,40,2024/05/07 11:52:00,0.0,0.0,0.0,--,0.0,--,2.4,18.2,16.67,25.0,4.6,7,2024/05/07 10:00:00,8.5,24.7,24.7,24.9,24.8,25.5,24.5,23.4,9.6,
2024-05-08,8,1012.0,1014.5,1014.4,2024/05/08 22:43:00,1010.2,2024/05/08 01:18:00,24.7,28.2,2024/05/08 09:32:00,22.3,2024/05/08 23:31:00,19.1,71,55,2024/05/08 21:05:00,6.3,60,19.3,50,2024/05/08 15:41:00,0.0,0.0,0.0,--,0.0,--,8.7,65.8,24.3,18.0,7.1,11,2024/05/08 13:00:00,7.0,23.8,23.8,24.3,24.3,25.1,24.4,23.6,7.9,
2024-05-09,9,1014.3,1016.8,1015.7,2024/05/09 08:19:00,1012.8,2024/05/09 16:17:00,22.6,24.9,2024/05/09 12:06:00,20.6,2024/05/09 05:26:00,15.9,66,54,2024/05/09 12:42:00,7.5,60,18.1,40,2024/05/09 10:36:00,0.0,0.0,0.0,--,0.0,--,10.3,77.8,28.1,23.8,7.1,12,2024/05/09 12:00:00,7.0,21.6,21.6,22.9,23.2,24.4,24.2,23.8,8.0,
2024-05-10,10,1013.0,1015.5,1014.4,2024/05/10 08:41:00,1012.0,2024/05/10 16:35:00,24.6,29.2,2024/05/10 13:20:00,20.7,2024/05/10 03:28:00,19.4,74,49,2024/05/10 11:13:00,2.0,60,5.8,60,2024/05/10 00:06:00,0.0,0.0,0.0,--,0.0,--,10.1,76.2,26.75,18.0,5.1,12,2024/05/10 12:00:00,7.0,24.1,24.1,23.9,23.7,24.4,24.0,23.8,5.6,
2024-05-11,11,1011.8,1014.3,1014.1,2024/05/11 07:51:00,1009.9,2024/05/11 17:45:00,24.6,27.5,2024/05/11 14:54:00,22.0,2024/05/11 00:45:00,21.5,83,66,2024/05/11 17:17:00,1.9,190,5.8,280,2024/05/11 11:57:00,0.0,0.0,0.0,--,0.0,--,6.8,51.2,21.23,11.5,4.6,10,2024/05/11 13:00:00,8.5,25.1,25.1,24.8,24.6,25.3,24.4,23.8,9.2,
2024-05-12,12,1009.0,1011.5,1010.6,2024/05/12 00:02:00,1006.9,2024/05/12 14:33:00,25.8,29.3,2024/05/12 12:36:00,22.6,2024/05/12 23:57:00,22.1,80,66,2024/05/12 05:56:00,3.9,260,11.8,260,2024/05/12 11:37:00,15.5,2.1,6.0,2024/05/12 20:38:00,13.5,2024/05/12 20:03:00,5.6,42.1,21.3,16.0,-7.1,12,2024/05/12 12:00:00,8.0,25.4,25.4,25.2,25.0,25.6,24.7,23.9,9.5,
2024-05-13,13,1011.4,1014.0,1013.0,2024/05/13 10:31:00,1009.4,2024/05/13 01:51:00,19.2,22.6,2024/05/13 00:01:00,16.6,2024/05/13 19:55:00,17.1,87,76,2024/05/13 22:03:00,6.4,60,15.6,50,2024/05/13 11:07:00,19.5,7.0,3.5,2024/05/13 02:39:00,8.0,2024/05/13 02:01:00,0.0,0.0,4.13,16.5,-1.6,3,2024/05/13 12:00:00,10.0,21.1,21.1,22.9,23.4,24.9,24.7,24.0,10.0,
2024-05-14,14,1011.8,1014.3,1013.4,2024/05/14 21:58:00,1010.3,2024/05/14 02:48:00,21.0,24.0,2024/05/14 14:45:00,18.1,2024/05/14 00:01:00,16.2,75,61,2024/05/14 13:43:00,4.3,60,11.9,50,2024/05/14 09:37:00,0.0,0.0,0.0,--,0.0,--,0.6,4.5,14.92,20.5,3.6,7,2024/05/14 12:00:00,8.5,20.9,20.9,21.5,21.8,23.2,23.3,23.9,8.3,
2024-05-15,15,1012.9,1015.4,1014.7,2024/05/15 22:09:00,1011.3,2024/05/15 03:26:00,22.0,26.3,2024/05/15 14:19:00,17.7,2024/05/15 03:52:00,14.8,65,40,2024/05/15 22:57:00,4.5,50,12.5,50,2024/05/15 16:17:00,0.0,0.0,0.0,--,0.0,--,12.4,92.9,29.41,30.0,7.7,12,2024/05/15 13:00:00,4.8,21.5,21.5,21.9,22.0,23.2,23.1,23.8,4.2,
2024-05-16,16,1013.2,1015.7,1016.4,2024/05/16 07:03:00,1010.5,2024/05/16 16:25:00,22.1,24.5,2024/05/16 11:42:00,20.0,2024/05/16 21:00:00,16.2,70,49,2024/05/16 00:19:00,6.3,50,17.3,40,2024/05/16 11:54:00,0.0,0.0,0.0,--,0.0,--,11.3,84.6,27.06,18.0,5.9,11,2024/05/16 12:00:00,5.5,21.2,21.2,21.9,22.0,23.2,23.2,23.8,6.1,
2024-05-17,17,1010.1,1012.6,1011.6,2024/05/17 07:43:00,1008.9,2024/05/17 16:27:00,23.3,26.9,2024/05/17 10:24:00,20.2,2024/05/17 00:27:00,19.6,80,71,2024/05/17 09:36:00,2.2,140,7.6,260,2024/05/17 11:24:00,0.0,0.0,0.0,--,0.0,--,6.5,48.7,22.53,16.0,4.1,10,2024/05/17 12:00:00,8.5,23.0,23.0,22.6,22.6,23.5,23.2,23.7,9.7,
2024-05-18,18,1007.6,1010.1,1009.6,2024/05/18 00:01:00,1004.9,2024/05/18 16:22:00,24.5,28.3,2024/05/18 14:46:00,20.1,2024/05/18 05:25:00,21.9,86,74,2024/05/18 09:49:00,4.1,50,13.4,40,2024/05/18 14:53:00,0.0,0.0,0.0,--,0.0,--,9.8,73.2,25.97,18.5,6.8,11,2024/05/18 12:00:00,7.8,23.9,23.9,23.5,23.3,24.1,23.5,23.6,8.5,
2024-05-19,19,1006.1,1008.6,1007.1,2024/05/19 08:16:00,1004.8,2024/05/19 02:42:00,25.8,28.5,2024/05/19 09:41:00,24.1,2024/05/19 02:02:00,23.3,86,78,2024/05/19 09:42:00,4.3,50,12.2,30,2024/05/19 11:58:00,0.0,0.0,0.0,--,0.0,--,6.4,47.9,22.84,25.0,4.6,12,2024/05/19 12:00:00,8.5,25.1,25.1,24.5,24.3,24.8,23.9,23.6,9.5,
2024-05-20,20,1006.6,1009.1,1009.0,2024/05/20 21:51:00,1005.2,2024/05/20 01:51:00,25.8,27.8,2024/05/20 11:32:00,24.1,2024/05/20 05:33:00,23.3,86,80,2024/05/20 11:00:00,3.2,50,10.2,60,2024/05/20 14:28:00,T,0.2,T,2024/05/20 17:26:00,T,2024/05/20 17:26:00,0.0,0.0,10.23,36.3,-1.8,6,2024/05/20 12:00:00,10.0,25.1,25.1,24.7,24.6,25.2,24.3,23.7,10.0,
2024-05-21,21,1007.7,1010.2,1009.1,2024/05/21 09:06:00,1006.2,2024/05/21 16:10:00,25.5,27.5,2024/05/21 13:14:00,24.3,2024/05/21 03:45:00,24.5,94,88,2024/05/21 14:51:00,2.4,50,8.9,60,2024/05/21 02:03:00,1.5,5.2,0.5,2024/05/21 06:54:00,1.0,2024/05/21 06:54:00,0.2,1.5,10.56,22.8,-1.3,7,2024/05/21 13:00:00,10.0,25.4,25.4,24.8,24.7,25.3,24.4,23.9,10.0,
2024-05-22,22,1008.1,1010.6,1009.4,2024/05/22 10:15:00,1006.9,2024/05/22 02:09:00,24.2,25.4,2024/05/22 00:14:00,23.7,2024/05/22 18:27:00,23.2,94,92,2024/05/22 13:31:00,4.0,50,9.7,40,2024/05/22 14:39:00,0.5,3.1,0.5,2024/05/22 12:19:00,0.5,2024/05/22 12:19:00,0.0,0.0,4.83,14.0,-1.0,4,2024/05/22 13:00:00,10.0,24.5,24.5,24.5,24.5,25.3,24.6,24.0,10.0,
2024-05-23,23,1007.8,1010.3,1009.5,2024/05/23 10:43:00,1006.4,2024/05/23 04:31:00,24.2,25.8,2024/05/23 13:52:00,23.5,2024/05/23 05:14:00,23.4,95,90,2024/05/23 09:04:00,2.3,40,6.9,360,2024/05/23 17:43:00,13.5,3.5,4.0,2024/05/23 10:29:00,7.5,2024/05/23 10:23:00,0.0,0.0,5.79,16.3,-0.8,7,2024/05/23 13:00:00,10.0,24.5,24.5,24.1,24.1,25.0,24.4,24.1,10.0,
2024-05-24,24,1009.1,1011.6,1010.3,2024/05/24 08:43:00,1007.3,2024/05/24 03:36:00,24.9,27.1,2024/05/24 13:57:00,23.5,2024/05/24 04:02:00,23.6,92,75,2024/05/24 13:55:00,1.0,180,3.5,340,2024/05/24 14:34:00,3.5,5.7,0.5,2024/05/24 01:18:00,1.5,2024/05/24 02:01:00,0.0,0.0,8.75,19.0,-1.2,6,2024/05/24 13:00:00,10.0,24.9,24.9,24.3,24.2,25.0,24.3,24.1,10.0,
2024-05-25,25,1008.6,1011.1,1010.2,2024/05/25 09:05:00,1007.3,2024/05/25 17:59:00,25.9,28.5,2024/05/25 12:21:00,24.2,2024/05/25 05:27:00,24.1,90,77,2024/05/25 12:19:00,1.7,60,5.5,340,2024/05/25 12:35:00,T,0.8,T,2024/05/25 10:10:00,T,2024/05/25 10:10:00,0.0,0.0,9.83,19.5,-1.4,6,2024/05/25 13:00:00,9.8,25.3,25.3,24.7,24.6,25.2,24.4,24.1,10.0,
2024-05-26,26,1006.5,1009.0,1008.0,2024/05/26 00:01:00,1004.3,2024/05/26 23:57:00,26.1,29.0,2024/05/26 12:39:00,24.4,2024/05/26 02:24:00,24.5,91,82,2024/05/26 13:29:00,1.3,330,4.8,330,2024/05/26 12:54:00,1.0,1.2,1.0,2024/05/26 10:26:00,1.0,2024/05/26 10:13:00,1.7,12.6,14.76,12.8,-2.9,8,2024/05/26 13:00:00,8.3,25.8,25.8,25.1,24.9,25.5,24.5,24.1,9.2,
2024-05-27,27,1000.8,1003.2,1004.3,2024/05/27 00:02:00,997.8,2024/05/27 23:56:00,27.1,29.8,2024/05/27 10:44:00,24.0,2024/05/27 04:40:00,24.6,87,76,2024/05/27 16:29:00,4.9,240,17.1,230,2024/05/27 13:00:00,1.5,2.6,1.0,2024/05/27 14:01:00,1.0,2024/05/27 13:29:00,1.5,11.1,14.44,16.0,/,9,2024/05/27 11:00:00,8.3,25.7,25.7,25.3,25.1,25.7,24.7,24.2,9.0,
2024-05-28,28,1002.5,1005.0,1005.8,2024/05/28 22:06:00,996.7,2024/05/28 02:32:00,23.6,28.5,2024/05/28 03:51:00,21.9,2024/05/28 07:52:00,20.5,83,72,2024/05/28 22:57:00,8.1,50,19.7,250,2024/05/28 01:37:00,58.5,4.6,10.5,2024/05/28 05:19:00,32.0,2024/05/28 04:55:00,0.0,0.0,6.33,11.0,-2.9,5,2024/05/28 14:00:00,10.0,23.6,23.6,24.3,24.5,25.4,24.7,24.3,9.4,
2024-05-29,29,1005.6,1008.1,1006.8,2024/05/29 06:22:00,1004.2,2024/05/29 17:34:00,23.6,25.7,2024/05/29 10:39:00,21.7,2024/05/29 01:40:00,19.2,76,66,2024/05/29 08:35:00,6.3,60,14.6,60,2024/05/29 11:39:00,0.0,0.0,0.0,--,0.0,--,1.0,7.4,15.5,17.0,4.6,9,2024/05/29 12:00:00,8.8,22.5,22.5,23.0,23.2,24.3,24.0,24.3,9.4,
2024-05-30,30,1006.0,1008.5,1007.7,2024/05/30 22:24:00,1004.7,2024/05/30 14:37:00,26.5,30.0,2024/05/30 11:22:00,22.5,2024/05/30 00:33:00,23.8,86,72,2024/05/30 10:27:00,1.9,50,6.9,360,2024/05/30 12:05:00,0.0,0.0,0.0,--,0.0,--,7.5,55.4,25.08,18.0,5.4,14,2024/05/30 13:00:00,6.8,25.2,25.2,24.3,24.0,24.6,24.1,24.2,8.4,
2024-05-31,31,1007.7,1010.2,1009.4,2024/05/31 23:13:00,1006.6,2024/05/31 02:15:00,28.1,30.0,2024/05/31 11:12:00,25.4,2024/05/31 04:15:00,25.4,86,76,2024/05/31 11:17:00,3.5,240,11.2,260,2024/05/31 16:56:00,T,0.1,T,2024/05/31 23:06:00,T,2024/05/31 23:06:00,5.9,43.5,22.82,27.5,-5.3,12,2024/05/31 11:00:00,6.8,26.4,26.4,25.5,25.2,25.6,24.5,24.2,7.8,
2024-06-01,1,1008.8,1011.3,1010.0,2024/06/01 09:53:00,1007.7,2024/06/01 16:34:00,26.6,29.9,2024/06/01 10:51:00,24.1,2024/06/01 22:25:00,24.8,90,75,2024/06/01 10:58:00,3.1,60,8.8,60,2024/06/01 21:04:00,6.5,5.2,1.0,2024/06/01 20:07:00,3.5,2024/06/01 19:45:00,1.8,13.3,12.96,22.0,-1.3,11,2024/06/01 11:00:00,9.3,26.4,26.4,25.8,25.6,26.1,24.9,24.2,10.0,
2024-06-02,2,1005.7,1008.2,1008.0,2024/06/02 00:01:00,1002.2,2024/06/02 15:47:00,23.1,25.0,2024/06/02 08:40:00,20.5,2024/06/02 22:48:00,22.7,97,94,2024/06/02 14:35:00,4.6,60,17.0,50,2024/06/02 19:28:00,99.5,14.4,5.5,2024/06/02 17:08:00,24.0,2024/06/02 16:18:00,0.0,0.0,3.64,4.3,/,4,2024/06/02 13:00:00,10.0,24.5,24.5,24.7,24.8,25.7,24.9,24.4,10.0,
2024-06-03,3,1007.6,1010.1,1009.8,2024/06/03 21:43:00,1005.4,2024/06/03 01:12:00,22.0,24.9,2024/06/03 12:49:00,20.0,2024/06/03 04:16:00,18.3,80,65,2024/06/03 13:55:00,4.7,60,12.2,60,2024/06/03 16:02:00,2.5,5.1,0.5,2024/06/03 00:19:00,1.0,2024/06/03 03:50:00,0.0,0.0,8.48,24.3,-2.1,8,2024/06/03 13:00:00,10.0,22.4,22.4,23.0,23.4,24.6,24.0,24.4,10.0,
2024-06-04,4,1008.4,1010.9,1010.0,2024/06/04 22:57:00,1006.4,2024/06/04 01:54:00,24.0,26.0,2024/06/04 15:11:00,22.0,2024/06/04 00:16:00,19.1,74,64,2024/06/04 02:29:00,3.1,60,10.9,50,2024/06/04 02:49:00,T,0.1,T,2024/06/04 22:08:00,T,2024/06/04 22:08:00,0.0,0.0,4.59,37.5,-0.6,3,2024/06/04 14:00:00,10.0,22.7,22.7,22.7,22.9,24.0,23.7,24.3,10.0,
2024-06-05,5,1009.5,1012.0,1010.9,2024/06/05 21:36:00,1008.6,2024/06/05 15:45:00,22.9,23.8,2024/06/05 15:10:00,22.1,2024/06/05 02:36:00,21.9,94,78,2024/06/05 01:23:00,1.6,100,6.2,130,2024/06/05 01:30:00,47.0,13.5,2.5,2024/06/05 21:51:00,9.5,2024/06/05 21:05:00,0.0,0.0,4.52,10.0,-0.2,3,2024/06/05 13:00:00,10.0,23.4,23.4,23.0,23.1,24.0,23.7,24.2,10.0,
2024-06-06,6,1008.5,1011.0,1009.8,2024/06/06 00:01:00,1007.3,2024/06/06 16:33:00,22.9,23.4,2024/06/06 11:51:00,22.3,2024/06/06 00:49:00,22.4,97,93,2024/06/06 21:42:00,2.6,40,8.6,50,2024/06/06 13:55:00,5.5,11.6,1.0,2024/06/06 10:47:00,1.5,2024/06/06 10:47:00,0.0,0.0,3.09,8.3,-0.5,2,2024/06/06 12:00:00,10.0,23.4,23.4,23.0,23.1,24.0,23.5,23.9,9.6,
2024-06-07,7,1006.4,1008.9,1008.4,2024/06/07 00:02:00,1004.6,2024/06/07 16:07:00,24.6,27.6,2024/06/07 11:20:00,22.9,2024/06/07 02:28:00,23.2,92,82,2024/06/07 11:23:00,3.1,40,8.7,40,2024/06/07 16:53:00,1.0,2.5,0.5,2024/06/07 01:49:00,0.5,2024/06/07 01:49:00,0.3,2.2,9.47,23.8,2.0,9,2024/06/07 12:00:00,9.5,24.0,24.0,23.4,23.2,24.0,23.5,23.9,8.0,
2024-06-08,8,1005.7,1008.1,1007.2,2024/06/08 22:30:00,1004.1,2024/06/08 16:04:00,25.9,29.3,2024/06/08 14:57:00,24.0,2024/06/08 04:49:00,23.7,88,76,2024/06/08 14:21:00,2.0,50,6.3,50,2024/06/08 10:14:00,0.0,0.0,0.0,--,0.0,--,6.2,45.5,18.27,27.5,3.7,12,2024/06/08 13:00:00,6.8,25.0,25.0,24.2,23.9,24.5,23.8,24.0,7.2,
2024-06-09,9,1007.1,1009.6,1008.7,2024/06/09 21:14:00,1005.7,2024/06/09 03:29:00,26.7,29.3,2024/06/09 14:35:00,24.4,2024/06/09 04:07:00,24.9,90,79,2024/06/09 14:32:00,1.4,280,7.0,270,2024/06/09 14:31:00,0.0,0.0,0.0,--,0.0,--,5.9,43.3,20.9,20.3,3.8,15,2024/06/09 13:00:00,8.3,25.8,25.8,24.9,24.6,25.1,24.1,24.0,8.8,
2024-06-10,10,1006.5,1009.0,1008.7,2024/06/10 00:06:00,1004.2,2024/06/10 15:20:00,28.0,30.4,2024/06/10 13:49:00,25.9,2024/06/10 04:52:00,25.2,85,76,2024/06/10 13:41:00,5.8,250,16.1,260,2024/06/10 12:17:00,0.0,0.0,0.0,--,0.0,--,3.9,28.6,18.72,24.0,6.3,11,2024/06/10 14:00:00,8.3,26.4,26.4,25.4,25.1,25.6,24.5,24.0,9.9,
2024-06-11,11,1004.5,1007.0,1006.7,2024/06/11 00:01:00,1002.5,2024/06/11 16:00:00,28.8,30.9,2024/06/11 12:24:00,27.5,2024/06/11 03:51:00,25.1,80,73,2024/06/11 09:19:00,8.8,240,18.8,250,2024/06/11 13:57:00,T,0.5,T,2024/06/11 10:25:00,T,2024/06/11 10:25:00,6.4,46.9,21.09,30.0,-5.2,13,2024/06/11 13:00:00,7.5,26.7,26.7,25.7,25.4,25.9,24.7,24.1,9.1,
2024-06-12,12,1003.0,1005.5,1004.7,2024/06/12 09:24:00,1001.9,2024/06/12 16:00:00,29.0,30.5,2024/06/12 12:57:00,28.0,2024/06/12 03:07:00,25.3,80,75,2024/06/12 14:50:00,9.1,240,17.7,240,2024/06/12 16:33:00,0.0,0.0,0.0,--,0.0,--,2.6,19.1,18.06,27.5,5.5,10,2024/06/12 13:00:00,8.0,26.8,26.8,25.9,25.6,26.1,25.0,24.3,9.8,
2024-06-13,13,1001.7,1004.1,1003.0,2024/06/13 08:39:00,1000.3,2024/06/13 16:00:00,29.4,32.0,2024/06/13 11:49:00,28.3,2024/06/13 05:47:00,25.3,79,63,2024/06/13 11:42:00,8.4,240,17.7,230,2024/06/13 11:42:00,0.0,0.0,0.0,--,0.0,--,4.4,32.3,20.67,30.0,-6.9,13,2024/06/13 13:00:00,8.0,27.1,27.1,26.1,25.8,26.3,25.2,24.4,9.9,
2024-06-14,14,1001.6,1004.0,1003.2,2024/06/14 10:49:00,1000.1,2024/06/14 17:11:00,28.8,30.9,2024/06/14 14:23:00,25.9,2024/06/14 11:53:00,25.1,81,71,2024/06/14 04:54:00,8.1,230,18.1,250,2024/06/14 15:19:00,14.5,1.6,5.0,2024/06/14 10:48:00,11.0,2024/06/14 10:27:00,1.9,13.9,14.58,21.8,-5.1,9,2024/06/14 15:00:00,8.3,26.9,26.9,26.1,25.9,26.5,25.4,24.6,9.7,
2024-06-15,15,1002.8,1005.2,1006.0,2024/06/15 22:41:00,1000.3,2024/06/15 04:18:00,29.0,30.3,2024/06/15 13:40:00,28.0,2024/06/15 22:30:00,25.7,83,74,2024/06/15 04:55:00,7.6,240,17.7,240,2024/06/15 04:27:00,0.0,0.0,0.0,--,0.0,--,1.2,8.8,14.16,21.5,3.6,8,2024/06/15 14:00:00,8.3,27.0,27.0,26.1,26.0,26.5,25.5,24.7,9.9,
2024-06-16,16,1005.3,1007.7,1006.5,2024/06/16 23:24:00,1003.9,2024/06/16 15:33:00,28.7,31.3,2024/06/16 12:00:00,26.8,2024/06/16 05:02:00,25.5,83,73,2024/06/16 07:38:00,3.6,250,12.2,250,2024/06/16 14:55:00,0.0,0.0,0.0,--,0.0,--,1.4,10.3,13.44,18.0,-3.1,12,2024/06/16 13:00:00,9.3,27.1,27.1,26.5,26.2,26.7,25.6,24.8,10.0,
2024-06-17,17,1004.8,1007.3,1006.2,2024/06/17 00:01:00,1003.1,2024/06/17 15:50:00,28.9,31.7,2024/06/17 11:00:00,26.9,2024/06/17 01:54:00,25.9,84,70,2024/06/17 11:05:00,5.3,250,15.2,250,2024/06/17 13:14:00,T,0.1,T,2024/06/17 03:39:00,T,2024/06/17 03:39:00,4.1,30.0,19.08,20.5,4.9,14,2024/06/17 13:00:00,8.3,27.5,27.5,26.5,26.3,26.8,25.8,24.9,9.8,
2024-06-18,18,1005.4,1007.9,1006.4,2024/06/18 09:52:00,1003.9,2024/06/18 03:34:00,28.6,30.3,2024/06/18 10:07:00,27.4,2024/06/18 23:48:00,26.2,87,81,2024/06/18 08:43:00,3.5,250,11.0,260,2024/06/18 00:14:00,0.0,0.0,0.0,--,0.0,--,0.8,5.9,13.13,20.5,-3.5,7,2024/06/18 15:00:00,9.0,27.5,27.5,26.8,26.5,27.0,25.9,25.1,10.0,
2024-06-19,19,1005.0,1007.5,1006.2,2024/06/19 09:13:00,1003.6,2024/06/19 16:06:00,28.7,31.0,2024/06/19 11:10:00,26.9,2024/06/19 03:56:00,26.3,87,73,2024/06/19 14:48:00,2.7,270,9.3,270,2024/06/19 14:22:00,4.5,0.1,4.5,2024/06/19 05:23:00,4.5,2024/06/19 05:23:00,8.9,65.2,25.01,26.5,5.3,14,2024/06/19 12:00:00,5.5,27.8,27.8,27.0,26.7,27.2,26.0,25.2,8.2,
2024-06-20,20,1004.0,1006.5,1005.3,2024/06/20 08:12:00,1002.8,2024/06/20 02:26:00,29.0,31.3,2024/06/20 13:53:00,25.9,2024/06/20 04:42:00,26.1,85,75,2024/06/20 10:11:00,3.8,240,13.2,250,2024/06/20 10:10:00,0.0,0.0,0.0,--,0.0,--,8.8,64.5,26.4,29.0,5.6,14,2024/06/20 12:00:00,6.8,28.0,28.0,27.1,26.8,27.4,26.2,25.3,8.5,
2024-06-21,21,1003.9,1006.3,1005.2,2024/06/21 22:24:00,1002.7,2024/06/21 16:45:00,29.8,31.8,2024/06/21 10:40:00,28.2,2024/06/21 00:18:00,26.8,84,77,2024/06/21 09:44:00,4.8,240,11.8,230,2024/06/21 10:53:00,0.0,0.0,0.0,--,0.0,--,12.1,88.6,29.32,36.3,6.8,14,2024/06/21 12:00:00,4.8,28.6,28.6,27.6,27.2,27.6,26.5,25.4,6.8,
2024-06-22,22,1004.3,1006.8,1005.9,2024/06/22 22:03:00,1003.1,2024/06/22 15:56:00,29.9,32.1,2024/06/22 11:51:00,27.5,2024/06/22 04:41:00,27.1,85,76,2024/06/22 07:48:00,5.5,240,13.0,250,2024/06/22 10:31:00,0.0,0.0,0.0,--,0.0,--,12.0,87.9,28.6,35.0,6.7,14,2024/06/22 12:00:00,6.0,28.9,28.9,27.9,27.6,28.0,26.7,25.5,5.2,
2024-06-23,23,1005.2,1007.7,1006.8,2024/06/23 21:13:00,1004.0,2024/06/23 14:17:00,30.1,32.3,2024/06/23 13:18:00,27.4,2024/06/23 23:53:00,26.7,82,74,2024/06/23 08:38:00,5.9,230,14.2,240,2024/06/23 09:59:00,0.0,0.0,0.0,--,0.0,--,10.4,76.2,26.06,27.5,6.7,13,2024/06/23 12:00:00,5.8,29.1,29.1,28.1,27.8,28.2,27.0,25.7,6.5,
2024-06-24,24,1006.9,1009.3,1008.9,2024/06/24 22:04:00,1005.4,2024/06/24 14:27:00,29.5,32.5,2024/06/24 13:05:00,26.7,2024/06/24 04:34:00,25.9,81,73,2024/06/24 09:32:00,4.1,260,12.2,250,2024/06/24 14:11:00,0.0,0.0,0.0,--,0.0,--,12.6,92.4,29.56,30.0,6.9,13,2024/06/24 12:00:00,4.3,29.0,29.0,28.0,27.7,28.2,27.1,25.9,5.1,
2024-06-25,25,1008.7,1011.2,1011.4,2024/06/25 22:04:00,1006.9,2024/06/25 14:51:00,28.9,32.6,2024/06/25 12:19:00,25.6,2024/06/25 21:51:00,25.2,81,67,2024/06/25 17:01:00,2.9,170,8.1,250,2024/06/25 10:36:00,6.5,4.2,1.5,2024/06/25 19:08:00,3.0,2024/06/25 18:43:00,8.9,65.2,27.35,21.5,-7.3,13,2024/06/25 12:00:00,8.3,29.1,29.1,28.5,28.2,28.6,27.3,26.0,9.7,
2024-06-26,26,1010.5,1012.9,1011.3,2024/06/26 07:42:00,1009.5,2024/06/26 14:23:00,29.7,33.6,2024/06/26 12:12:00,25.8,2024/06/26 04:34:00,24.8,76,58,2024/06/26 10:32:00,1.9,340,6.0,340,2024/06/26 14:33:00,0.0,0.0,0.0,--,0.0,--,11.6,85.0,29.7,24.3,7.5,14,2024/06/26 13:00:00,6.8,29.3,29.3,28.7,28.5,28.9,27.7,26.2,7.2,
2024-06-27,27,1009.9,1012.3,1011.1,2024/06/27 01:24:00,1007.7,2024/06/27 16:36:00,30.0,33.9,2024/06/27 13:21:00,26.4,2024/06/27 05:02:00,25.4,77,62,2024/06/27 08:26:00,2.1,30,7.3,40,2024/06/27 16:23:00,0.0,0.0,0.0,--,0.0,--,11.8,86.5,25.7,21.8,6.6,13,2024/06/27 12:00:00,8.3,29.9,29.9,29.2,29.0,29.4,28.1,26.4,7.1,
2024-06-28,28,1008.1,1010.5,1009.5,2024/06/28 00:01:00,1006.5,2024/06/28 14:05:00,29.8,32.9,2024/06/28 11:34:00,27.7,2024/06/28 05:18:00,25.7,79,62,2024/06/28 10:54:00,2.3,180,7.2,290,2024/06/28 13:39:00,0.0,0.0,0.0,--,0.0,--,7.2,52.8,23.64,16.0,6.4,13,2024/06/28 12:00:00,8.8,30.3,30.3,29.6,29.3,29.8,28.5,26.6,9.2,
2024-06-29,29,1006.1,1008.6,1007.4,2024/06/29 00:01:00,1003.8,2024/06/29 15:44:00,30.2,33.0,2024/06/29 11:17:00,27.2,2024/06/29 05:13:00,25.2,75,60,2024/06/29 09:03:00,5.5,220,17.6,240,2024/06/29 16:13:00,0.0,0.0,0.0,--,0.0,--,9.8,71.9,25.62,22.8,9.6,14,2024/06/29 12:00:00,8.0,29.2,29.2,29.2,29.2,29.9,28.8,26.9,8.0,
2024-06-30,30,1005.0,1007.4,1006.4,2024/06/30 08:33:00,1003.6,2024/06/30 16:06:00,30.4,32.6,2024/06/30 13:00:00,28.6,2024/06/30 04:26:00,24.8,72,65,2024/06/30 07:28:00,8.0,250,17.9,250,2024/06/30 16:43:00,0.0,0.0,0.0,--,0.0,--,11.8,86.6,27.14,27.5,9.1,13,2024/06/30 13:00:00,8.0,30.0,30.0,29.4,29.2,29.9,28.8,27.1,9.5,
2024-07-01,1,1004.5,1006.9,1005.6,2024/07/01 21:37:00,1002.7,2024/07/01 17:07:00,30.1,32.2,2024/07/01 11:03:00,27.9,2024/07/01 04:48:00,26.1,80,71,2024/07/01 09:01:00,5.5,220,13.4,260,2024/07/01 12:09:00,0.0,0.0,0.0,--,0.0,--,10.7,78.6,25.42,27.5,8.3,13,2024/07/01 13:00:00,7.8,30.2,30.2,29.6,29.4,29.9,28.9,27.3,7.9,
2024-07-02,2,1006.3,1008.7,1009.5,2024/07/02 22:27:00,1003.9,2024/07/02 02:16:00,29.9,32.7,2024/07/02 11:10:00,28.1,2024/07/02 05:11:00,25.7,78,69,2024/07/02 18:19:00,4.3,220,12.4,230,2024/07/02 11:35:00,0.0,0.0,0.0,--,0.0,--,9.1,66.9,22.15,20.0,6.6,14,2024/07/02 12:00:00,4.8,30.4,30.4,29.8,29.6,30.1,29.1,27.5,5.5,
2024-07-03,3,1010.9,1013.4,1012.9,2024/07/03 21:49:00,1008.2,2024/07/03 02:03:00,29.8,32.8,2024/07/03 13:23:00,26.2,2024/07/03 03:43:00,25.4,78,68,2024/07/03 07:15:00,1.9,300,6.4,290,2024/07/03 12:31:00,0.0,0.0,0.0,--,0.0,--,11.0,80.9,27.45,26.5,6.9,14,2024/07/03 13:00:00,3.3,30.7,30.7,29.9,29.6,30.2,29.2,27.6,3.9,
2024-07-04,4,1010.3,1012.7,1012.5,2024/07/04 00:02:00,1008.3,2024/07/04 23:57:00,30.3,33.0,2024/07/04 09:41:00,27.2,2024/07/04 04:26:00,25.2,75,62,2024/07/04 09:45:00,2.8,180,7.4,280,2024/07/04 12:41:00,0.0,0.0,0.0,--,0.0,--,13.2,97.1,29.11,30.0,8.3,14,2024/07/04 13:00:00,1.0,31.1,31.1,30.6,30.3,30.7,29.5,27.7,2.1,
2024-07-05,5,1007.3,1009.7,1008.8,2024/07/05 08:24:00,1005.6,2024/07/05 16:10:00,30.2,33.6,2024/07/05 12:05:00,27.2,2024/07/05 03:48:00,25.6,77,58,2024/07/05 12:04:00,2.7,170,8.4,280,2024/07/05 13:29:00,0.0,0.0,0.0,--,0.0,--,11.3,83.2,28.34,25.0,7.8,14,2024/07/05 12:00:00,3.8,31.3,31.3,30.8,30.5,31.0,29.8,27.9,4.3,
2024-07-06,6,1007.5,1009.9,1008.8,2024/07/06 22:51:00,1006.0,2024/07/06 03:20:00,29.9,33.0,2024/07/06 13:18:00,27.7,2024/07/06 05:10:00,26.1,80,67,2024/07/06 18:54:00,2.5,220,7.2,280,2024/07/06 11:05:00,0.0,0.0,0.0,--,0.0,--,12.6,92.8,29.33,20.0,8.1,14,2024/07/06 12:00:00,3.8,31.5,31.5,31.2,30.9,31.3,30.1,28.1,3.9,
2024-07-07,7,1008.2,1010.6,1009.3,2024/07/07 10:17:00,1007.0,2024/07/07 16:41:00,30.2,33.2,2024/07/07 13:28:00,27.0,2024/07/07 05:14:00,25.1,75,64,2024/07/07 10:20:00,2.9,240,8.6,230,2024/07/07 14:45:00,0.0,0.0,0.0,--,0.0,--,13.1,96.5,29.34,25.0,8.2,14,2024/07/07 13:00:00,2.8,31.5,31.5,31.1,31.0,31.5,30.3,28.3,2.9,
2024-07-08,8,1007.1,1009.6,1008.1,2024/07/08 10:04:00,1005.5,2024/07/08 16:00:00,29.0,33.4,2024/07/08 11:40:00,25.8,2024/07/08 23:33:00,23.4,72,54,2024/07/08 11:19:00,3.2,260,9.4,250,2024/07/08 14:59:00,T,0.4,T,2024/07/08 16:30:00,T,2024/07/08 16:30:00,9.4,69.3,23.83,24.0,-7.9,13,2024/07/08 12:00:00,4.8,30.6,30.6,30.7,30.7,31.4,30.4,28.5,5.1,
2024-07-09,9,1006.8,1009.3,1008.0,2024/07/09 09:38:00,1005.3,2024/07/09 02:21:00,29.1,32.5,2024/07/09 11:51:00,25.4,2024/07/09 05:04:00,23.6,72,62,2024/07/09 06:58:00,3.9,180,10.4,250,2024/07/09 11:10:00,0.0,0.0,0.0,--,0.0,--,13.0,95.9,29.91,23.0,6.8,14,2024/07/09 13:00:00,4.3,30.4,30.4,30.3,30.2,31.0,30.2,28.6,3.2,
2024-07-10,10,1006.6,1009.1,1008.3,2024/07/10 08:56:00,1005.4,2024/07/10 18:10:00,29.6,32.4,2024/07/10 12:08:00,27.1,2024/07/10 01:12:00,25.5,79,70,2024/07/10 12:17:00,4.2,260,12.6,260,2024/07/10 12:38:00,0.0,0.0,0.0,--,0.0,--,9.9,73.1,25.88,18.3,7.3,14,2024/07/10 12:00:00,7.0,30.9,30.9,30.7,30.5,31.2,30.3,28.7,6.9,
2024-07-11,11,1004.3,1006.8,1005.8,2024/07/11 00:13:00,1003.0,2024/07/11 17:43:00,29.9,32.6,2024/07/11 11:04:00,26.8,2024/07/11 05:32:00,25.2,76,68,2024/07/11 10:58:00,5.8,230,15.1,260,2024/07/11 13:10:00,0.0,0.0,0.0,--,0.0,--,12.7,93.9,28.07,27.5,9.0,14,2024/07/11 12:00:00,7.8,30.8,30.8,30.6,30.5,31.2,30.3,28.8,7.6,
2024-07-12,12,1002.7,1005.1,1003.6,2024/07/12 06:54:00,1001.5,2024/07/12 16:33:00,30.3,32.6,2024/07/12 13:31:00,28.5,2024/07/12 23:45:00,25.7,76,69,2024/07/12 15:01:00,6.2,230,14.8,240,2024/07/12 08:31:00,0.0,0.0,0.0,--,0.0,--,11.5,85.1,28.48,35.0,8.0,14,2024/07/12 12:00:00,6.8,31.1,31.1,30.8,30.6,31.3,30.3,28.9,7.6,
2024-07-13,13,1003.9,1006.3,1005.8,2024/07/13 22:02:00,1001.6,2024/07/13 02:06:00,30.4,32.9,2024/07/13 11:38:00,28.3,2024/07/13 03:06:00,25.5,76,67,2024/07/13 12:15:00,4.5,220,12.1,250,2024/07/13 09:35:00,0.0,0.0,0.0,--,0.0,--,12.2,90.3,28.65,30.0,8.0,14,2024/07/13 12:00:00,6.0,31.5,31.5,31.1,30.9,31.5,30.4,29.0,7.6,
2024-07-14,14,1006.6,1009.0,1007.8,2024/07/14 22:20:00,1005.1,2024/07/14 00:59:00,30.5,34.3,2024/07/14 14:31:00,27.0,2024/07/14 04:26:00,24.7,72,53,2024/07/14 14:31:00,1.9,40,7.4,60,2024/07/14 15:02:00,0.0,0.0,0.0,--,0.0,--,12.2,90.4,28.36,35.0,8.4,14,2024/07/14 12:00:00,5.0,31.5,31.5,31.3,31.1,31.7,30.6,29.0,6.0,
2024-07-15,15,1007.3,1009.7,1009.1,2024/07/15 06:46:00,1004.8,2024/07/15 17:42:00,30.5,33.1,2024/07/15 12:34:00,27.8,2024/07/15 05:18:00,26.2,78,64,2024/07/15 15:21:00,3.1,220,8.0,360,2024/07/15 14:54:00,0.0,0.0,0.0,--,0.0,--,10.7,79.4,25.44,30.0,6.7,13,2024/07/15 13:00:00,7.3,31.9,31.9,31.6,31.4,32.0,30.8,29.2,9.5,
2024-07-16,16,1007.9,1010.3,1009.4,2024/07/16 22:35:00,1006.6,2024/07/16 17:06:00,30.3,32.6,2024/07/16 12:52:00,28.3,2024/07/16 05:49:00,25.9,78,59,2024/07/16 20:52:00,2.5,240,7.5,290,2024/07/16 11:47:00,0.0,0.0,0.0,--,0.0,--,11.2,83.2,28.09,27.5,7.1,13,2024/07/16 12:00:00,3.5,32.1,32.1,31.9,31.7,32.2,31.0,29.3,5.5,
2024-07-17,17,1008.4,1010.9,1009.5,2024/07/17 19:52:00,1006.9,2024/07/17 17:00:00,30.3,33.0,2024/07/17 11:54:00,27.0,2024/07/17 05:03:00,24.9,73,63,2024/07/17 10:50:00,2.3,320,7.2,340,2024/07/17 13:19:00,0.0,0.0,0.0,--,0.0,--,12.0,89.2,27.31,20.0,7.4,13,2024/07/17 13:00:00,2.0,32.0,32.0,31.8,31.6,32.3,31.2,29.4,3.8,
2024-07-18,18,1008.2,1010.6,1009.4,2024/07/18 08:56:00,1007.0,2024/07/18 15:26:00,30.5,33.7,2024/07/18 12:22:00,27.6,2024/07/18 04:48:00,25.6,76,56,2024/07/18 11:02:00,2.7,290,7.2,290,2024/07/18 10:02:00,0.0,0.0,0.0,--,0.0,--,12.8,95.2,28.43,25.0,7.2,14,2024/07/18 13:00:00,2.5,32.3,32.3,32.0,31.8,32.5,31.3,29.5,3.0,
2024-07-19,19,1006.7,1009.2,1008.1,2024/07/19 00:01:00,1005.5,2024/07/19 16:31:00,30.3,32.9,2024/07/19 11:21:00,27.8,2024/07/19 04:41:00,26.4,80,72,2024/07/19 11:21:00,2.3,320,8.1,320,2024/07/19 11:44:00,0.0,0.0,0.0,--,0.0,--,5.5,41.0,17.5,19.5,4.4,11,2024/07/19 12:00:00,5.8,31.7,31.7,31.7,31.7,32.4,31.4,29.6,5.3,
2024-07-20,20,1006.7,1009.1,1007.8,2024/07/20 09:36:00,1005.2,2024/07/20 03:45:00,30.6,33.3,2024/07/20 12:55:00,27.6,2024/07/20 04:46:00,25.9,77,65,2024/07/20 13:26:00,2.0,300,7.3,300,2024/07/20 12:44:00,0.0,0.0,0.0,--,0.0,--,9.8,73.1,25.36,21.8,6.5,13,2024/07/20 13:00:00,7.0,32.0,32.0,31.6,31.5,32.2,31.2,29.7,6.2,
2024-07-21,21,1005.9,1008.3,1007.2,2024/07/21 00:02:00,1003.5,2024/07/21 16:55:00,30.8,34.4,2024/07/21 12:42:00,28.1,2024/07/21 02:38:00,26.2,77,59,2024/07/21 13:00:00,3.7,40,11.2,50,2024/07/21 13:20:00,0.0,0.0,0.0,--,0.0,--,8.0,59.7,22.93,30.0,8.0,13,2024/07/21 13:00:00,6.5,32.1,32.1,31.8,31.7,32.4,31.3,29.8,6.1,
2024-07-22,22,1002.7,1005.1,1006.3,2024/07/22 00:01:00,999.6,2024/07/22 16:11:00,32.1,37.9,2024/07/22 14:18:00,28.3,2024/07/22 01:33:00,24.6,66,40,2024/07/22 14:24:00,4.0,80,13.2,40,2024/07/22 12:10:00,0.0,0.0,0.0,--,0.0,--,11.9,88.9,28.22,32.5,9.0,13,2024/07/22 13:00:00,5.0,32.4,32.4,32.1,31.8,32.5,31.3,29.8,3.4,
2024-07-23,23,996.6,999.0,1000.7,2024/07/23 00:01:00,993.9,2024/07/23 18:35:00,30.9,35.7,2024/07/23 12:51:00,28.2,2024/07/23 21:48:00,25.0,71,53,2024/07/23 12:24:00,7.2,60,16.5,60,2024/07/23 14:40:00,T,1.1,T,2024/07/23 21:19:00,T,2024/07/23 21:19:00,8.1,60.6,22.37,40.0,-6.8,13,2024/07/23 13:00:00,5.8,31.7,31.7,31.9,31.9,32.6,31.5,29.9,5.6,
2024-07-24,24,983.9,986.3,994.0,2024/07/24 00:01:00,974.0,2024/07/24 23:58:00,28.6,31.2,2024/07/24 09:55:00,26.3,2024/07/24 11:47:00,26.5,88,76,2024/07/24 09:40:00,10.8,50,25.8,40,2024/07/24 14:39:00,38.5,9.8,8.0,2024/07/24 11:32:00,16.5,2024/07/24 10:58:00,1.1,8.2,11.84,9.5,-3.4,11,2024/07/24 13:00:00,9.8,28.6,28.6,29.7,30.2,31.6,31.2,30.0,10.0,
2024-07-25,25,977.0,979.4,987.2,2024/07/25 23:48:00,968.4,2024/07/25 03:22:00,27.7,29.7,2024/07/25 14:27:00,25.9,2024/07/25 21:02:00,25.9,90,77,2024/07/25 14:25:00,3.9,180,17.3,40,2024/07/25 02:52:00,42.5,16.0,4.0,2024/07/25 18:57:00,13.0,2024/07/25 18:52:00,0.0,0.0,7.07,19.5,-2.8,5,2024/07/25 14:00:00,10.0,27.8,27.8,28.5,28.9,30.3,30.3,30.0,10.0,
2024-07-26,26,994.0,996.4,1000.1,2024/07/26 21:32:00,986.7,2024/07/26 00:05:00,27.8,31.9,2024/07/26 13:26:00,25.8,2024/07/26 03:31:00,24.6,84,63,2024/07/26 20:51:00,3.9,120,17.4,200,2024/07/26 15:05:00,13.5,8.7,5.0,2024/07/26 15:01:00,5.5,2024/07/26 15:01:00,0.2,1.5,8.71,24.8,-4.2,7,2024/07/26 14:00:00,10.0,27.3,27.3,27.7,28.2,29.5,29.5,29.8,10.0,
2024-07-27,27,1005.0,1007.5,1008.7,2024/07/27 20:34:00,999.9,2024/07/27 00:01:00,29.1,32.5,2024/07/27 11:51:00,26.5,2024/07/27 00:49:00,26.0,84,66,2024/07/27 12:20:00,1.9,300,8.0,270,2024/07/27 15:23:00,T,1.3,T,2024/07/27 14:20:00,T,2024/07/27 14:20:00,1.9,14.3,15.79,20.5,-3.0,13,2024/07/27 13:00:00,9.8,28.6,28.6,28.3,28.4,29.3,29.1,29.5,10.0,
2024-07-28,28,1006.8,1009.3,1008.5,2024/07/28 07:22:00,1004.4,2024/07/28 16:20:00,29.8,33.0,2024/07/28 11:20:00,27.7,2024/07/28 05:35:00,26.1,81,63,2024/07/28 11:21:00,3.0,330,7.4,20,2024/07/28 10:27:00,T,0.2,T,2024/07/28 03:21:00,T,2024/07/28 03:21:00,9.5,71.5,25.63,16.0,7.1,13,2024/07/28 13:00:00,5.3,29.4,29.4,29.2,29.0,29.8,29.2,29.3,4.7,
2024-07-29,29,1004.7,1007.1,1007.4,2024/07/29 00:01:00,1002.6,2024/07/29 16:29:00,29.3,35.1,2024/07/29 12:38:00,27.0,2024/07/29 04:45:00,25.8,83,52,2024/07/29 11:38:00,2.1,160,11.5,100,2024/07/29 11:45:00,6.5,1.2,3.0,2024/07/29 14:36:00,6.5,2024/07/29 14:26:00,5.5,41.5,19.23,15.0,-4.2,15,2024/07/29 12:00:00,7.8,29.2,29.2,29.3,29.3,30.1,29.4,29.2,8.5,
2024-07-30,30,1005.9,1008.3,1008.1,2024/07/30 22:51:00,1004.1,2024/07/30 01:51:00,28.6,31.7,2024/07/30 10:16:00,26.4,2024/07/30 23:43:00,25.5,84,66,2024/07/30 10:08:00,2.5,220,8.8,250,2024/07/30 12:27:00,T,1.4,T,2024/07/30 16:21:00,T,2024/07/30 16:21:00,7.0,52.8,21.53,16.0,-4.4,14,2024/07/30 13:00:00,7.0,29.0,29.0,28.9,29.1,30.0,29.4,29.1,6.8,
2024-07-31,31,1007.0,1009.5,1007.7,2024/07/31 00:01:00,1006.2,2024/07/31 16:41:00,28.9,31.8,2024/07/31 13:36:00,26.1,2024/07/31 01:12:00,25.6,83,67,2024/07/31 10:22:00,3.6,240,11.3,240,2024/07/31 23:53:00,0.5,1.6,0.5,2024/07/31 00:09:00,0.5,2024/07/31 00:09:00,9.6,72.6,25.03,25.0,5.9,15,2024/07/31 12:00:00,5.0,28.8,28.8,28.8,28.9,29.8,29.3,29.1,6.3,
2024-08-01,1,1006.1,1008.6,1007.5,2024/08/01 08:15:00,1004.8,2024/08/01 17:41:00,29.6,31.7,2024/08/01 12:15:00,27.8,2024/08/01 05:28:00,26.0,81,72,2024/08/01 10:24:00,6.1,230,13.4,240,2024/08/01 10:55:00,0.0,0.0,0.0,--,0.0,--,12.8,96.9,28.36,30.0,6.8,14,2024/08/01 12:00:00,1.5,29.0,29.0,28.9,28.9,29.8,29.2,29.0,2.4,
2024-08-02,2,1005.2,1007.6,1006.1,2024/08/02 23:05:00,1003.8,2024/08/02 17:12:00,29.9,32.0,2024/08/02 11:54:00,28.3,2024/08/02 05:34:00,25.2,76,60,2024/08/02 16:55:00,5.7,230,12.6,250,2024/08/02 13:43:00,0.0,0.0,0.0,--,0.0,--,12.8,97.0,28.47,22.5,7.4,14,2024/08/02 13:00:00,0.8,29.1,29.1,28.9,28.9,29.9,29.3,29.0,2.0,
2024-08-03,3,1005.8,1008.2,1007.0,2024/08/03 23:01:00,1004.1,2024/08/03 16:35:00,29.8,32.8,2024/08/03 12:38:00,27.1,2024/08/03 01:17:00,25.5,79,63,2024/08/03 13:58:00,3.4,240,9.3,230,2024/08/03 08:29:00,0.0,0.0,0.0,--,0.0,--,12.6,95.7,28.51,30.0,5.6,14,2024/08/03 13:00:00,0.8,29.4,29.4,29.0,29.0,29.9,29.3,29.0,1.8,
2024-08-04,4,1005.4,1007.8,1006.6,2024/08/04 09:14:00,1003.1,2024/08/04 17:10:00,29.8,32.3,2024/08/04 11:23:00,28.0,2024/08/04 04:39:00,26.3,82,68,2024/08/04 13:13:00,2.8,240,7.9,250,2024/08/04 07:16:00,0.0,0.0,0.0,--,0.0,--,11.7,89.0,27.97,23.0,5.4,13,2024/08/04 13:00:00,1.8,29.8,29.8,29.5,29.4,30.2,29.4,29.0,1.9,
2024-08-05,5,1003.9,1006.3,1005.7,2024/08/05 00:01:00,1001.9,2024/08/05 17:41:00,29.5,32.2,2024/08/05 09:29:00,27.0,2024/08/05 05:19:00,26.0,82,69,2024/08/05 09:18:00,2.6,40,7.1,30,2024/08/05 15:54:00,0.0,0.0,0.0,--,0.0,--,11.8,89.8,26.53,26.5,5.0,13,2024/08/05 12:00:00,3.0,29.8,29.8,29.5,29.5,30.3,29.5,29.0,2.8,
2024-08-06,6,1003.4,1005.8,1004.7,2024/08/06 22:03:00,1001.8,2024/08/06 16:51:00,29.3,32.1,2024/08/06 11:54:00,26.4,2024/08/06 04:21:00,25.3,79,64,2024/08/06 11:08:00,2.9,50,10.5,10,2024/08/06 14:27:00,0.0,0.0,0.0,--,0.0,--,9.4,71.7,23.58,22.5,-6.9,13,2024/08/06 13:00:00,6.3,29.4,29.4,29.2,29.3,30.2,29.6,29.1,6.7,
2024-08-07,7,1003.9,1006.3,1004.8,2024/08/07 06:12:00,1002.8,2024/08/07 15:58:00,29.1,31.8,2024/08/07 13:37:00,26.7,2024/08/07 06:21:00,25.4,81,70,2024/08/07 11:59:00,2.2,220,7.2,320,2024/08/07 13:03:00,T,0.4,T,2024/08/07 06:21:00,T,2024/08/07 06:21:00,8.7,66.4,25.01,20.0,-6.3,14,2024/08/07 13:00:00,6.3,29.5,29.5,29.4,29.4,30.3,29.6,29.1,7.8,
2024-08-08,8,1003.7,1006.2,1005.3,2024/08/08 10:17:00,1002.1,2024/08/08 16:04:00,29.0,32.2,2024/08/08 16:00:00,26.7,2024/08/08 03:57:00,25.4,81,62,2024/08/08 15:49:00,2.6,230,6.9,260,2024/08/08 09:12:00,T,0.1,T,2024/08/08 11:33:00,T,2024/08/08 11:33:00,6.7,51.3,18.11,18.5,-3.8,10,2024/08/08 14:00:00,7.3,29.4,29.4,29.2,29.3,30.2,29.6,29.1,6.7,
2024-08-09,9,1002.4,1004.8,1003.6,2024/08/09 08:24:00,1001.0,2024/08/09 16:28:00,29.6,32.5,2024/08/09 12:28:00,26.7,2024/08/09 04:05:00,25.2,77,67,2024/08/09 16:39:00,3.6,240,11.9,250,2024/08/09 10:26:00,T,0.5,T,2024/08/09 02:41:00,T,2024/08/09 02:41:00,12.0,92.0,26.52,20.5,6.8,13,2024/08/09 12:00:00,6.5,29.4,29.4,29.3,29.3,30.2,29.5,29.2,5.6,
2024-08-10,10,1001.2,1003.6,1002.5,2024/08/10 09:05:00,999.4,2024/08/10 15:27:00,29.3,32.5,2024/08/10 12:23:00,26.8,2024/08/10 03:47:00,24.9,77,66,2024/08/10 13:05:00,3.8,240,11.3,270,2024/08/10 13:33:00,T,0.1,T,2024/08/10 17:50:00,T,2024/08/10 17:50:00,10.7,82.1,26.16,16.0,-7.6,12,2024/08/10 13:00:00,6.8,29.5,29.5,29.2,29.2,30.2,29.5,29.2,6.2,
2024-08-11,11,1000.8,1003.2,1001.9,2024/08/11 08:50:00,999.0,2024/08/11 15:11:00,29.8,33.0,2024/08/11 12:48:00,26.4,2024/08/11 05:37:00,25.2,77,64,2024/08/11 13:20:00,4.2,220,11.2,250,2024/08/11 11:49:00,0.0,0.0,0.0,--,0.0,--,11.4,87.6,27.52,16.0,7.2,13,2024/08/11 13:00:00,5.0,29.7,29.7,29.4,29.4,30.2,29.6,29.2,4.9,
2024-08-12,12,1001.6,1004.0,1004.0,2024/08/12 21:09:00,999.8,2024/08/12 14:43:00,30.0,32.8,2024/08/12 12:43:00,27.0,2024/08/12 04:34:00,25.5,77,68,2024/08/12 12:35:00,4.1,260,11.1,240,2024/08/12 10:26:00,0.0,0.0,0.0,--,0.0,--,12.0,92.4,26.62,18.3,6.7,13,2024/08/12 12:00:00,5.5,30.0,30.0,29.6,29.6,30.4,29.7,29.2,4.8,
2024-08-13,13,1003.6,1006.1,1005.0,2024/08/13 21:27:00,1002.2,2024/08/13 02:59:00,29.8,32.7,2024/08/13 11:03:00,27.3,2024/08/13 05:55:00,25.4,78,66,2024/08/13 09:53:00,3.2,230,12.9,240,2024/08/13 16:13:00,0.0,0.0,0.0,--,0.0,--,10.1,77.9,26.14,18.3,6.4,12,2024/08/13 12:00:00,7.0,30.1,30.1,29.8,29.7,30.5,29.8,29.2,7.2,
2024-08-14,14,1003.9,1006.4,1005.4,2024/08/14 09:13:00,1002.8,2024/08/14 03:32:00,28.8,32.2,2024/08/14 10:04:00,25.8,2024/08/14 15:54:00,25.4,83,68,2024/08/14 10:05:00,2.4,220,7.6,140,2024/08/14 15:08:00,19.5,0.8,9.0,2024/08/14 15:46:00,19.5,2024/08/14 15:12:00,3.1,24.0,18.39,18.5,-4.8,11,2024/08/14 13:00:00,7.8,29.7,29.7,29.5,29.5,30.5,29.8,29.3,9.6,
2024-08-15,15,1003.3,1005.8,1004.5,2024/08/15 08:33:00,1001.7,2024/08/15 16:36:00,27.4,29.5,2024/08/15 15:53:00,25.1,2024/08/15 13:31:00,24.9,86,75,2024/08/15 07:40:00,1.9,180,9.7,230,2024/08/15 13:15:00,17.0,3.6,6.5,2024/08/15 13:21:00,11.0,2024/08/15 13:10:00,3.1,24.0,9.66,19.0,-0.8,4,2024/08/15 13:00:00,9.0,28.1,28.1,28.5,28.7,29.8,29.6,29.3,9.7,
2024-08-16,16,1003.4,1005.9,1004.9,2024/08/16 22:12:00,1002.0,2024/08/16 16:29:00,28.3,30.6,2024/08/16 11:17:00,26.6,2024/08/16 01:17:00,25.5,85,74,2024/08/16 10:21:00,2.0,40,8.9,20,2024/08/16 16:29:00,T,1.4,T,2024/08/16 06:13:00,T,2024/08/16 06:13:00,2.1,16.3,13.22,20.0,-3.0,9,2024/08/16 11:00:00,8.8,28.4,28.4,28.3,28.5,29.5,29.2,29.3,9.9,
2024-08-17,17,1005.7,1008.2,1007.2,2024/08/17 21:14:00,1004.2,2024/08/17 01:31:00,28.1,29.8,2024/08/17 10:43:00,26.5,2024/08/17 05:22:00,25.2,84,75,2024/08/17 09:26:00,4.8,220,11.1,240,2024/08/17 22:21:00,0.0,0.0,0.0,--,0.0,--,1.1,8.5,13.83,18.0,3.8,7,2024/08/17 13:00:00,9.0,28.1,28.1,28.1,28.3,29.4,29.0,29.2,9.9,
2024-08-18,18,1004.9,1007.4,1006.5,2024/08/18 08:14:00,1003.5,2024/08/18 16:31:00,29.1,31.0,2024/08/18 13:48:00,27.5,2024/08/18 03:07:00,25.3,80,74,2024/08/18 16:59:00,4.9,250,13.2,230,2024/08/18 05:39:00,0.0,0.0,0.0,--,0.0,--,4.6,35.8,18.83,21.5,5.8,11,2024/08/18 13:00:00,8.0,28.3,28.3,28.0,28.1,29.2,28.8,29.1,9.1,
2024-08-19,19,1003.3,1005.7,1004.6,2024/08/19 21:34:00,1001.7,2024/08/19 15:52:00,29.4,31.8,2024/08/19 13:29:00,28.0,2024/08/19 02:49:00,24.6,76,66,2024/08/19 22:04:00,6.5,230,14.9,230,2024/08/19 22:24:00,0.0,0.0,0.0,--,0.0,--,5.2,40.5,17.95,22.5,-5.4,11,2024/08/19 12:00:00,9.0,28.1,28.1,27.9,28.1,29.1,28.7,29.0,9.1,
2024-08-20,20,1005.5,1007.9,1008.5,2024/08/20 20:57:00,1003.6,2024/08/20 03:58:00,29.1,33.3,2024/08/20 12:31:00,26.2,2024/08/20 23:54:00,23.5,72,56,2024/08/20 10:21:00,4.5,220,19.0,220,2024/08/20 17:00:00,T,0.4,T,2024/08/20 00:01:00,T,2024/08/20 00:01:00,6.6,51.5,21.84,35.0,-6.3,13,2024/08/20 12:00:00,8.3,28.2,28.2,27.9,28.0,29.0,28.6,28.9,10.0,
2024-08-21,21,1007.2,1009.7,1008.4,2024/08/21 21:10:00,1005.9,2024/08/21 14:48:00,29.3,32.4,2024/08/21 11:53:00,25.4,2024/08/21 01:41:00,24.1,74,59,2024/08/21 08:57:00,5.9,230,16.9,240,2024/08/21 17:03:00,0.0,0.0,0.0,--,0.0,--,11.7,91.5,27.37,37.5,7.9,14,2024/08/21 13:00:00,3.0,28.1,28.1,27.8,27.9,28.9,28.5,28.8,4.8,
2024-08-22,22,1007.6,1010.0,1008.7,2024/08/22 21:54:00,1005.9,2024/08/22 16:09:00,29.7,32.2,2024/08/22 11:48:00,26.3,2024/08/22 02:38:00,24.3,73,58,2024/08/22 08:59:00,5.6,230,14.2,260,2024/08/22 11:16:00,0.0,0.0,0.0,--,0.0,--,12.1,94.8,27.21,35.0,7.4,14,2024/08/22 12:00:00,5.3,28.4,28.4,28.0,28.0,29.0,28.5,28.7,4.4,
2024-08-23,23,1007.8,1010.3,1008.8,2024/08/23 09:33:00,1006.4,2024/08/23 17:10:00,28.7,31.9,2024/08/23 12:01:00,26.8,2024/08/23 22:52:00,25.2,82,71,2024/08/23 12:02:00,3.1,220,10.8,250,2024/08/23 11:18:00,0.0,0.0,0.0,--,0.0,--,5.0,39.3,15.87,26.5,4.7,12,2024/08/23 12:00:00,7.5,28.8,28.8,28.4,28.4,29.2,28.6,28.7,6.3,
2024-08-24,24,1007.3,1009.7,1008.4,2024/08/24 00:01:00,1005.8,2024/08/24 15:05:00,28.8,32.3,2024/08/24 10:15:00,25.9,2024/08/24 05:39:00,24.7,79,62,2024/08/24 09:39:00,2.2,130,6.8,300,2024/08/24 11:38:00,0.0,0.0,0.0,--,0.0,--,9.6,75.5,23.11,18.0,6.1,12,2024/08/24 12:00:00,4.3,29.2,29.2,28.7,28.5,29.3,28.8,28.7,4.5,
2024-08-25,25,1006.1,1008.6,1008.0,2024/08/25 09:41:00,1004.4,2024/08/25 16:28:00,28.7,31.8,2024/08/25 11:08:00,26.0,2024/08/25 06:00:00,24.5,79,64,2024/08/25 11:09:00,2.2,280,7.2,300,2024/08/25 13:15:00,0.0,0.0,0.0,--,0.0,--,12.0,94.6,26.55,18.3,-6.1,13,2024/08/25 12:00:00,4.3,29.5,29.5,29.1,29.0,29.7,29.1,28.7,3.0,
2024-08-26,26,1004.2,1006.7,1005.7,2024/08/26 08:35:00,1002.8,2024/08/26 17:25:00,28.8,32.0,2024/08/26 11:19:00,26.7,2024/08/26 03:49:00,25.2,81,65,2024/08/26 10:53:00,2.2,220,7.1,300,2024/08/26 11:26:00,T,0.8,T,2024/08/26 03:01:00,T,2024/08/26 03:01:00,11.2,88.4,25.57,14.0,6.5,12,2024/08/26 12:00:00,6.5,30.0,30.0,29.6,29.4,30.1,29.4,28.8,5.2,
2024-08-27,27,1002.1,1004.6,1003.9,2024/08/27 10:11:00,999.6,2024/08/27 16:14:00,29.5,32.2,2024/08/27 14:43:00,27.0,2024/08/27 00:40:00,25.3,79,64,2024/08/27 14:44:00,6.2,240,12.6,240,2024/08/27 08:21:00,0.0,0.0,0.0,--,0.0,--,10.7,84.6,26.51,15.0,7.6,12,2024/08/27 12:00:00,4.8,29.8,29.8,29.6,29.5,30.3,29.7,28.9,3.3,
2024-08-28,28,1001.1,1003.5,1003.0,2024/08/28 21:39:00,999.6,2024/08/28 15:05:00,29.4,32.3,2024/08/28 12:51:00,27.5,2024/08/28 05:40:00,25.6,80,68,2024/08/28 07:58:00,4.2,220,11.3,250,2024/08/28 02:15:00,0.0,0.0,0.0,--,0.0,--,6.0,47.6,20.32,19.5,5.7,11,2024/08/28 13:00:00,7.3,30.0,30.0,29.7,29.6,30.4,29.8,29.0,7.1,
2024-08-29,29,1003.6,1006.1,1005.7,2024/08/29 23:09:00,1001.9,2024/08/29 02:54:00,29.6,32.9,2024/08/29 12:06:00,26.8,2024/08/29 04:37:00,25.9,81,67,2024/08/29 12:21:00,2.0,300,7.4,10,2024/08/29 15:04:00,0.0,0.0,0.0,--,0.0,--,9.1,72.3,24.52,12.0,6.8,11,2024/08/29 13:00:00,4.5,30.5,30.5,30.0,29.8,30.6,29.9,29.1,5.1,
2024-08-30,30,1005.8,1008.2,1006.9,2024/08/30 09:31:00,1005.0,2024/08/30 03:24:00,29.6,32.7,2024/08/30 12:39:00,27.3,2024/08/30 05:45:00,25.5,79,64,2024/08/30 15:17:00,2.3,330,6.8,320,2024/08/30 13:40:00,0.0,0.0,0.0,--,0.0,--,10.1,80.4,24.33,12.0,6.2,12,2024/08/30 13:00:00,4.5,30.8,30.8,30.4,30.2,30.9,30.1,29.2,4.1,
2024-08-31,31,1006.3,1008.7,1007.8,2024/08/31 08:54:00,1004.5,2024/08/31 15:09:00,30.0,33.1,2024/08/31 10:09:00,27.0,2024/08/31 01:32:00,26.0,80,65,2024/08/31 10:07:00,3.2,40,11.5,50,2024/08/31 17:08:00,0.0,0.0,0.0,--,0.0,--,9.9,78.9,24.98,15.0,6.7,11,2024/08/31 13:00:00,2.3,30.7,30.7,30.4,30.3,31.1,30.3,29.4,3.3,
2024-09-01,1,1005.0,1007.5,1006.4,2024/09/01 09:34:00,1003.5,2024/09/01 15:05:00,30.5,34.5,2024/09/01 10:55:00,27.2,2024/09/01 05:43:00,26.5,80,57,2024/09/01 11:03:00,3.7,40,12.0,20,2024/09/01 15:05:00,0.0,0.0,0.0,--,0.0,--,10.9,87.1,24.72,13.0,7.0,11,2024/09/01 12:00:00,2.5,30.9,30.9,30.6,30.5,31.2,30.5,29.5,2.6,
2024-09-02,2,1004.9,1007.3,1006.9,2024/09/02 09:39:00,1003.0,2024/09/02 16:51:00,30.3,34.0,2024/09/02 15:39:00,27.1,2024/09/02 05:57:00,24.6,73,50,2024/09/02 15:35:00,3.4,40,12.7,50,2024/09/02 16:00:00,0.0,0.0,0.0,--,0.0,--,11.7,93.6,25.41,14.0,7.9,10,2024/09/02 12:00:00,0.8,30.6,30.6,30.6,30.6,31.3,30.6,29.6,1.0,
2024-09-03,3,1002.9,1005.3,1005.7,2024/09/03 08:15:00,1000.4,2024/09/03 17:00:00,29.8,33.2,2024/09/03 09:48:00,25.3,2024/09/03 02:53:00,23.2,68,52,2024/09/03 16:48:00,5.3,40,18.1,50,2024/09/03 14:20:00,0.0,0.0,0.0,--,0.0,--,10.1,81.0,24.36,25.3,8.4,11,2024/09/03 12:00:00,2.3,29.9,29.9,30.0,30.1,31.1,30.6,29.7,1.3,
2024-09-04,4,999.4,1001.9,1001.4,2024/09/04 06:56:00,997.4,2024/09/04 15:20:00,31.4,36.9,2024/09/04 13:31:00,27.0,2024/09/04 05:15:00,23.4,64,46,2024/09/04 12:54:00,4.3,70,13.8,100,2024/09/04 21:09:00,0.0,0.0,0.0,--,0.0,--,10.2,82.0,24.05,30.0,8.5,12,2024/09/04 13:00:00,2.8,30.6,30.6,30.4,30.3,31.1,30.5,29.8,2.5,
2024-09-05,5,999.9,1002.3,1002.3,2024/09/05 22:12:00,998.3,2024/09/05 01:49:00,31.1,35.2,2024/09/05 12:46:00,27.1,2024/09/05 05:02:00,24.9,70,53,2024/09/05 16:01:00,2.3,90,9.2,100,2024/09/05 00:05:00,0.0,0.0,0.0,--,0.0,--,9.0,72.5,21.6,26.3,5.9,9,2024/09/05 12:00:00,4.8,31.1,31.1,30.7,30.5,31.3,30.6,29.8,3.6,
2024-09-06,6,1003.9,1006.3,1007.1,2024/09/06 22:07:00,1000.9,2024/09/06 02:49:00,30.2,33.0,2024/09/06 15:17:00,27.5,2024/09/06 01:51:00,26.2,79,67,2024/09/06 12:24:00,2.6,220,7.8,230,2024/09/06 23:41:00,T,0.3,T,2024/09/06 21:06:00,T,2024/09/06 21:06:00,10.9,87.9,24.02,21.5,-6.6,11,2024/09/06 12:00:00,2.5,31.3,31.3,30.8,30.7,31.5,30.8,29.9,3.6,
2024-09-07,7,1008.3,1010.8,1010.3,2024/09/07 21:30:00,1006.5,2024/09/07 00:01:00,29.0,32.4,2024/09/07 11:28:00,27.3,2024/09/07 05:34:00,25.5,82,66,2024/09/07 09:14:00,2.3,220,7.9,230,2024/09/07 00:03:00,2.0,1.0,1.5,2024/09/07 16:31:00,2.0,2024/09/07 16:31:00,2.3,18.6,15.27,28.0,-5.0,10,2024/09/07 12:00:00,7.5,30.8,30.8,30.6,30.7,31.6,30.9,29.9,8.7,
2024-09-08,8,1007.4,1009.9,1009.9,2024/09/08 00:01:00,1005.3,2024/09/08 15:36:00,28.4,31.6,2024/09/08 10:37:00,25.2,2024/09/08 05:58:00,25.4,84,71,2024/09/08 15:38:00,3.1,40,11.7,40,2024/09/08 17:38:00,29.0,2.7,8.5,2024/09/08 05:14:00,23.5,2024/09/08 05:05:00,6.9,55.9,19.16,28.8,4.2,11,2024/09/08 11:00:00,6.8,29.2,29.2,29.5,29.8,30.9,30.6,30.0,7.5,
2024-09-09,9,1004.6,1007.1,1006.3,2024/09/09 07:46:00,1002.8,2024/09/09 16:15:00,28.9,32.7,2024/09/09 09:55:00,25.6,2024/09/09 05:29:00,24.6,78,61,2024/09/09 09:42:00,4.7,50,16.8,50,2024/09/09 14:47:00,0.0,0.0,0.0,--,0.0,--,11.2,90.9,25.42,19.3,-8.5,12,2024/09/09 12:00:00,4.8,28.8,28.8,29.0,29.4,30.6,30.2,30.0,3.2,
2024-09-10,10,1004.2,1006.7,1005.4,2024/09/10 09:04:00,1003.3,2024/09/10 02:52:00,27.8,30.7,2024/09/10 11:17:00,25.0,2024/09/10 07:07:00,25.0,85,74,2024/09/10 23:31:00,3.0,140,10.2,20,2024/09/10 14:54:00,23.5,2.2,13.0,2024/09/10 06:43:00,21.5,2024/09/10 06:39:00,3.6,29.2,12.1,10.0,3.5,8,2024/09/10 12:00:00,7.0,28.1,28.1,28.4,28.8,30.0,29.9,29.9,4.8,
2024-09-11,11,1005.6,1008.0,1007.0,2024/09/11 09:39:00,1004.3,2024/09/11 00:25:00,28.8,31.6,2024/09/11 11:36:00,25.2,2024/09/11 05:16:00,25.1,81,70,2024/09/11 16:05:00,2.2,270,7.9,250,2024/09/11 11:08:00,0.0,0.0,0.0,--,0.0,--,11.2,91.3,24.7,10.0,5.0,11,2024/09/11 12:00:00,4.8,28.8,28.8,28.5,28.8,29.8,29.6,29.8,5.0,
2024-09-12,12,1004.5,1006.9,1007.3,2024/09/12 08:27:00,1002.2,2024/09/12 15:02:00,29.8,33.5,2024/09/12 12:06:00,27.0,2024/09/12 05:33:00,24.7,75,57,2024/09/12 16:04:00,4.6,70,15.2,50,2024/09/12 14:16:00,0.0,0.0,0.0,--,0.0,--,7.5,61.2,20.69,14.0,6.4,11,2024/09/12 12:00:00,7.5,29.0,29.0,29.0,29.2,30.2,29.6,29.7,5.6,
2024-09-13,13,1001.7,1004.1,1004.0,2024/09/13 08:21:00,999.6,2024/09/13 16:03:00,29.4,32.8,2024/09/13 10:08:00,26.1,2024/09/13 05:57:00,23.9,72,59,2024/09/13 10:00:00,5.8,60,18.5,50,2024/09/13 14:54:00,0.0,0.0,0.0,--,0.0,--,11.7,95.7,25.6,24.0,-6.8,12,2024/09/13 12:00:00,2.3,28.3,28.3,28.4,28.7,29.9,29.6,29.6,4.0,
2024-09-14,14,998.9,1001.4,1000.6,2024/09/14 00:01:00,997.5,2024/09/14 22:06:00,26.9,29.8,2024/09/14 09:20:00,25.0,2024/09/14 23:51:00,24.1,85,71,2024/09/14 02:03:00,4.7,40,13.9,50,2024/09/14 12:51:00,2.5,4.3,1.0,2024/09/14 20:33:00,1.5,2024/09/14 20:13:00,2.5,20.5,14.49,21.5,-2.6,8,2024/09/14 14:00:00,8.5,27.7,27.7,28.0,28.4,29.7,29.4,29.6,9.3,
2024-09-15,15,999.4,1001.8,1001.4,2024/09/15 22:18:00,997.6,2024/09/15 03:47:00,28.0,31.6,2024/09/15 12:08:00,24.3,2024/09/15 02:00:00,25.3,86,66,2024/09/15 12:10:00,2.1,330,7.0,340,2024/09/15 14:34:00,0.0,0.0,0.0,--,0.0,--,10.9,89.6,25.02,25.0,4.0,12,2024/09/15 13:00:00,6.3,28.2,28.2,28.0,28.2,29.3,29.1,29.5,5.6,
2024-09-16,16,1000.8,1003.2,1002.3,2024/09/16 08:42:00,999.2,2024/09/16 13:54:00,30.0,34.7,2024/09/16 12:49:00,26.0,2024/09/16 04:28:00,25.0,76,54,2024/09/16 12:51:00,4.1,70,16.4,70,2024/09/16 21:57:00,0.0,0.0,0.0,--,0.0,--,8.8,72.5,22.1,24.0,6.4,12,2024/09/16 12:00:00,5.5,28.8,28.8,28.6,28.7,29.7,29.2,29.4,7.8,
2024-09-17,17,1001.9,1004.3,1004.0,2024/09/17 21:25:00,999.6,2024/09/17 14:40:00,31.0,35.1,2024/09/17 12:48:00,28.3,2024/09/17 06:20:00,23.2,64,47,2024/09/17 12:26:00,7.4,60,20.1,80,2024/09/17 15:16:00,0.0,0.0,0.0,--,0.0,--,11.8,97.4,25.89,27.5,8.4,12,2024/09/17 12:00:00,1.0,28.7,28.7,28.6,28.8,29.7,29.3,29.3,2.1,
2024-09-18,18,1001.7,1004.2,1003.6,2024/09/18 00:04:00,1000.2,2024/09/18 14:07:00,28.4,31.5,2024/09/18 10:43:00,26.7,2024/09/18 22:59:00,25.0,82,68,2024/09/18 10:27:00,6.6,60,19.3,40,2024/09/18 11:06:00,16.5,3.8,5.0,2024/09/18 17:51:00,7.5,2024/09/18 17:31:00,6.1,50.4,16.17,23.0,-4.8,12,2024/09/18 12:00:00,6.0,28.0,28.0,28.1,28.5,29.6,29.3,29.3,7.0,
2024-09-19,19,1001.1,1003.5,1002.8,2024/09/19 22:31:00,999.7,2024/09/19 14:47:00,28.4,31.2,2024/09/19 13:37:00,26.3,2024/09/19 04:18:00,26.1,87,73,2024/09/19 17:05:00,2.0,30,6.8,20,2024/09/19 12:17:00,0.0,0.0,0.0,--,0.0,--,7.3,60.4,20.08,27.5,4.7,12,2024/09/19 12:00:00,5.5,28.8,28.8,28.5,28.6,29.5,29.1,29.3,6.3,
2024-09-20,20,1002.8,1005.2,1004.6,2024/09/20 09:31:00,1001.6,2024/09/20 03:18:00,29.2,31.9,2024/09/20 11:56:00,27.0,2024/09/20 05:23:00,25.5,81,67,2024/09/20 11:57:00,2.7,40,11.2,40,2024/09/20 15:59:00,0.0,0.0,0.0,--,0.0,--,5.8,48.1,17.2,25.0,-2.2,11,2024/09/20 13:00:00,7.5,28.9,28.9,28.7,28.8,29.8,29.2,29.3,7.8,
2024-09-21,21,1001.9,1004.4,1003.0,2024/09/21 08:12:00,1000.6,2024/09/21 17:37:00,26.5,28.2,2024/09/21 00:37:00,25.4,2024/09/21 16:06:00,25.8,96,84,2024/09/21 00:50:00,2.7,200,10.9,230,2024/09/21 23:43:00,189.0,14.1,11.0,2024/09/21 18:14:00,45.5,2024/09/21 17:59:00,0.2,1.7,3.09,12.3,/,3,2024/09/21 11:00:00,10.0,27.7,27.7,27.9,28.3,29.4,28.5,28.7,9.9,
2024-09-22,22,1006.1,1008.6,1010.8,2024/09/22 21:22:00,1000.7,2024/09/22 01:13:00,26.5,29.3,2024/09/22 11:24:00,25.3,2024/09/22 20:18:00,25.2,92,81,2024/09/22 11:16:00,3.8,50,14.0,260,2024/09/22 02:13:00,25.0,10.3,5.0,2024/09/22 14:32:00,12.0,2024/09/22 14:17:00,0.0,0.0,5.77,15.3,-1.5,6,2024/09/22 12:00:00,10.0,27.0,27.0,27.0,27.3,28.5,27.6,28.2,10.0,
2024-09-23,23,1010.0,1012.5,1011.9,2024/09/23 21:19:00,1008.2,2024/09/23 14:59:00,26.9,30.0,2024/09/23 12:06:00,24.8,2024/09/23 21:24:00,25.2,91,73,2024/09/23 11:37:00,2.4,120,10.6,230,2024/09/23 21:24:00,23.0,4.1,9.0,2024/09/23 20:39:00,18.5,2024/09/23 20:39:00,0.6,5.0,11.29,24.0,/,9,2024/09/23 12:00:00,9.3,27.2,27.2,27.1,27.2,28.2,27.5,28.1,10.0,
2024-09-24,24,1009.5,1012.0,1010.8,2024/09/24 22:18:00,1007.8,2024/09/24 15:14:00,27.5,29.7,2024/09/24 14:14:00,25.2,2024/09/24 00:02:00,25.3,88,78,2024/09/24 14:16:00,2.4,300,9.2,240,2024/09/24 01:36:00,9.5,3.0,4.0,2024/09/24 22:01:00,7.0,2024/09/24 22:01:00,3.9,32.6,16.31,16.0,-4.0,10,2024/09/24 13:00:00,8.3,27.6,27.6,27.3,27.3,28.3,27.5,28.0,9.5,
2024-09-25,25,1008.8,1011.3,1010.1,2024/09/25 10:05:00,1007.6,2024/09/25 15:16:00,27.4,30.1,2024/09/25 11:46:00,25.3,2024/09/25 00:01:00,25.2,88,76,2024/09/25 16:01:00,2.0,320,7.1,240,2024/09/25 12:04:00,T,0.3,T,2024/09/25 05:37:00,T,2024/09/25 05:37:00,5.2,43.6,18.33,18.0,-3.0,12,2024/09/25 12:00:00,8.5,27.8,27.8,27.5,27.5,28.4,27.7,28.0,9.4,
2024-09-26,26,1008.4,1010.9,1009.8,2024/09/26 08:43:00,1007.1,2024/09/26 14:48:00,27.3,30.0,2024/09/26 13:40:00,26.0,2024/09/26 23:54:00,24.8,86,71,2024/09/26 12:57:00,2.9,60,9.6,20,2024/09/26 10:13:00,6.0,1.2,3.0,2024/09/26 10:01:00,5.5,2024/09/26 10:01:00,4.1,34.5,14.4,14.5,-3.5,12,2024/09/26 13:00:00,7.8,27.8,27.8,27.6,27.7,28.6,27.9,28.1,7.7,
2024-09-27,27,1007.2,1009.7,1008.4,2024/09/27 09:35:00,1005.9,2024/09/27 14:03:00,26.7,29.7,2024/09/27 13:30:00,25.2,2024/09/27 18:59:00,24.6,88,75,2024/09/27 13:21:00,2.6,50,10.9,20,2024/09/27 17:05:00,7.0,1.6,3.5,2024/09/27 09:31:00,6.5,2024/09/27 09:31:00,2.8,23.6,14.82,13.5,-3.2,9,2024/09/27 13:00:00,7.8,27.6,27.6,27.4,27.5,28.5,27.9,28.1,8.7,
2024-09-28,28,1006.6,1009.1,1008.2,2024/09/28 09:09:00,1005.4,2024/09/28 14:49:00,27.1,29.6,2024/09/28 12:12:00,25.5,2024/09/28 04:42:00,24.3,85,73,2024/09/28 12:13:00,7.1,50,18.0,50,2024/09/28 11:52:00,8.0,3.2,2.0,2024/09/28 03:25:00,3.5,2024/09/28 03:25:00,2.7,22.8,13.41,16.0,-3.2,8,2024/09/28 13:00:00,8.3,26.7,26.7,26.9,27.1,28.2,27.7,28.1,7.1,
2024-09-29,29,1004.1,1006.6,1005.9,2024/09/29 00:01:00,1001.8,2024/09/29 16:09:00,28.3,31.0,2024/09/29 14:16:00,25.9,2024/09/29 00:01:00,24.1,78,65,2024/09/29 14:14:00,8.0,60,17.2,80,2024/09/29 12:05:00,T,0.3,T,2024/09/29 12:17:00,T,2024/09/29 12:17:00,7.7,65.1,16.47,30.0,-4.2,9,2024/09/29 11:00:00,6.0,26.6,26.6,26.6,26.9,27.9,27.5,27.9,6.8,
2024-09-30,30,999.6,1002.0,1003.9,2024/09/30 00:01:00,996.0,2024/09/30 16:18:00,28.6,30.9,2024/09/30 14:44:00,26.8,2024/09/30 17:30:00,23.3,73,63,2024/09/30 12:18:00,9.6,60,23.1,90,2024/09/30 16:15:00,0.0,0.0,0.0,--,0.0,--,4.8,40.7,15.16,30.0,5.0,7,2024/09/30 10:00:00,8.5,26.4,26.4,26.5,26.8,27.8,27.5,27.9,9.9,
2024-10-01,1,999.1,1001.6,1002.9,2024/10/01 23:02:00,996.4,2024/10/01 02:48:00,29.0,34.1,2024/10/01 11:04:00,26.2,2024/10/01 05:42:00,24.2,76,49,2024/10/01 10:44:00,4.5,50,21.2,50,2024/10/01 23:14:00,1.5,0.7,1.0,2024/10/01 17:29:00,1.5,2024/10/01 17:15:00,7.1,60.3,20.73,18.0,-4.7,11,2024/10/01 12:00:00,8.3,27.5,27.5,26.9,26.9,27.8,27.4,27.9,9.6,
2024-10-02,2,1004.5,1007.0,1008.8,2024/10/02 20:46:00,1001.4,2024/10/02 01:11:00,25.2,27.6,2024/10/02 01:54:00,22.7,2024/10/02 21:46:00,22.6,86,78,2024/10/02 11:20:00,14.2,50,27.8,40,2024/10/02 09:25:00,5.0,7.1,0.5,2024/10/02 03:31:00,2.5,2024/10/02 19:30:00,1.0,8.5,9.9,14.0,-1.6,9,2024/10/02 12:00:00,9.8,25.2,25.2,26.1,26.6,27.8,27.5,27.9,10.0,
2024-10-03,3,1007.2,1009.7,1010.1,2024/10/03 21:01:00,1005.1,2024/10/03 13:49:00,23.5,25.0,2024/10/03 13:42:00,22.3,2024/10/03 22:00:00,21.4,88,83,2024/10/03 00:56:00,13.9,50,26.1,30,2024/10/03 08:05:00,3.0,9.4,0.5,2024/10/03 04:45:00,0.5,2024/10/03 04:45:00,0.0,0.0,3.23,11.5,-0.6,3,2024/10/03 12:00:00,10.0,23.8,23.8,24.5,25.2,26.7,27.0,27.9,10.0,
2024-10-04,4,1010.1,1012.6,1011.6,2024/10/04 09:59:00,1008.4,2024/10/04 02:48:00,24.0,24.8,2024/10/04 23:49:00,22.4,2024/10/04 00:31:00,22.6,92,89,2024/10/04 15:34:00,9.7,40,22.7,50,2024/10/04 01:52:00,15.5,10.5,2.5,2024/10/04 05:46:00,6.0,2024/10/04 05:21:00,0.0,0.0,3.28,9.0,-0.3,3,2024/10/04 12:00:00,10.0,24.0,24.0,24.1,24.5,25.9,26.4,27.4,10.0,
2024-10-05,5,1010.1,1012.6,1011.6,2024/10/05 09:15:00,1008.8,2024/10/05 03:31:00,26.1,29.2,2024/10/05 13:38:00,23.8,2024/10/05 05:24:00,24.4,91,73,2024/10/05 14:10:00,1.9,200,9.1,30,2024/10/05 00:05:00,1.5,0.9,1.0,2024/10/05 01:56:00,1.5,2024/10/05 01:30:00,4.8,41.1,17.96,21.5,3.4,10,2024/10/05 12:00:00,8.3,25.9,25.8,25.2,25.2,26.1,26.1,26.9,9.3,
2024-10-06,6,1010.3,1012.8,1012.1,2024/10/06 09:01:00,1008.4,2024/10/06 14:57:00,27.4,31.0,2024/10/06 12:27:00,24.5,2024/10/06 01:29:00,24.5,85,69,2024/10/06 12:12:00,3.3,50,11.2,50,2024/10/06 16:16:00,0.0,0.0,0.0,--,0.0,--,7.3,62.7,20.54,27.5,4.8,11,2024/10/06 12:00:00,4.5,26.8,26.8,26.1,26.0,26.8,26.4,27.0,5.0,
2024-10-07,7,1011.1,1013.6,1012.5,2024/10/07 23:32:00,1009.4,2024/10/07 03:24:00,26.6,29.2,2024/10/07 09:32:00,24.7,2024/10/07 22:40:00,23.9,85,74,2024/10/07 12:48:00,6.1,50,16.6,40,2024/10/07 11:17:00,10.0,4.5,3.0,2024/10/07 21:59:00,6.0,2024/10/07 21:52:00,8.3,71.4,19.91,31.3,-5.5,11,2024/10/07 12:00:00,6.5,26.4,26.4,26.2,26.2,27.1,26.6,27.1,6.2,
2024-10-08,8,1012.1,1014.6,1013.4,2024/10/08 20:30:00,1010.9,2024/10/08 03:39:00,23.9,25.0,2024/10/08 00:08:00,22.7,2024/10/08 19:17:00,22.3,91,82,2024/10/08 14:20:00,7.6,50,16.5,50,2024/10/08 09:38:00,15.5,14.8,1.5,2024/10/08 00:14:00,3.0,2024/10/08 06:23:00,0.0,0.0,6.18,12.0,-0.2,6,2024/10/08 13:00:00,10.0,24.7,24.7,25.2,25.5,26.7,26.5,26.9,9.3,
2024-10-09,9,1011.2,1013.7,1012.7,2024/10/09 09:44:00,1009.6,2024/10/09 14:31:00,23.7,25.4,2024/10/09 14:30:00,22.5,2024/10/09 04:58:00,20.5,83,74,2024/10/09 14:30:00,6.7,50,15.0,60,2024/10/09 12:07:00,1.5,2.4,0.5,2024/10/09 04:31:00,1.0,2024/10/09 06:04:00,0.5,4.3,7.55,16.0,2.7,5,2024/10/09 12:00:00,9.0,23.7,23.7,24.3,24.7,26.1,25.9,26.6,8.7,
2024-10-10,10,1011.5,1014.0,1012.9,2024/10/10 09:34:00,1010.4,2024/10/10 02:09:00,23.7,25.6,2024/10/10 10:55:00,22.5,2024/10/10 22:53:00,17.9,70,62,2024/10/10 11:29:00,6.6,50,13.9,50,2024/10/10 13:22:00,0.0,0.0,0.0,--,0.0,--,1.8,15.6,13.58,16.0,5.1,7,2024/10/10 12:00:00,8.0,23.0,23.0,23.8,24.2,25.6,25.7,26.5,7.4,
2024-10-11,11,1011.6,1014.1,1013.0,2024/10/11 20:58:00,1010.3,2024/10/11 02:16:00,24.3,26.8,2024/10/11 11:10:00,22.1,2024/10/11 04:54:00,18.2,69,59,2024/10/11 09:54:00,7.7,60,18.6,60,2024/10/11 13:07:00,0.0,0.0,0.0,--,0.0,--,8.5,73.7,20.35,20.5,5.1,9,2024/10/11 12:00:00,4.5,23.0,23.0,23.3,23.8,25.2,25.5,26.4,4.5,
2024-10-12,12,1012.3,1014.8,1013.8,2024/10/12 08:43:00,1011.0,2024/10/12 14:27:00,25.7,28.7,2024/10/12 13:37:00,22.7,2024/10/12 02:54:00,21.1,76,65,2024/10/12 13:31:00,7.0,50,15.7,50,2024/10/12 12:34:00,0.0,0.0,0.0,--,0.0,--,10.5,91.3,21.36,28.8,4.8,9,2024/10/12 12:00:00,4.8,24.3,24.3,23.9,24.1,25.2,25.3,26.4,4.5,
2024-10-13,13,1011.0,1013.5,1012.4,2024/10/13 08:20:00,1008.8,2024/10/13 14:42:00,27.2,31.1,2024/10/13 14:32:00,24.5,2024/10/13 23:58:00,22.4,75,61,2024/10/13 09:34:00,3.9,60,11.5,40,2024/10/13 10:49:00,0.0,0.0,0.0,--,0.0,--,11.0,95.8,21.6,26.3,4.4,9,2024/10/13 12:00:00,1.0,25.5,25.5,24.9,24.9,25.7,25.4,26.3,2.9,
2024-10-14,14,1010.4,1012.9,1011.8,2024/10/14 08:36:00,1008.5,2024/10/14 14:47:00,26.7,30.5,2024/10/14 10:28:00,22.7,2024/10/14 05:37:00,23.4,82,59,2024/10/14 10:34:00,2.3,40,8.9,30,2024/10/14 11:37:00,0.0,0.0,0.0,--,0.0,--,10.2,89.0,20.92,12.0,4.1,9,2024/10/14 12:00:00,1.5,25.9,25.9,25.3,25.3,26.1,25.7,26.3,2.5,
2024-10-15,15,1010.7,1013.2,1012.3,2024/10/15 21:18:00,1009.2,2024/10/15 15:21:00,26.9,30.9,2024/10/15 11:29:00,24.1,2024/10/15 06:06:00,22.9,79,67,2024/10/15 11:16:00,4.7,40,15.1,50,2024/10/15 15:11:00,0.0,0.0,0.0,--,0.0,--,7.6,66.5,19.17,12.0,4.4,9,2024/10/15 12:00:00,5.0,26.0,26.0,25.6,25.6,26.5,25.9,26.4,5.5,
2024-10-16,16,1012.2,1014.7,1013.6,2024/10/16 08:06:00,1010.9,2024/10/16 01:55:00,26.6,28.9,2024/10/16 10:15:00,25.5,2024/10/16 16:11:00,23.3,82,75,2024/10/16 00:11:00,7.9,50,17.9,40,2024/10/16 13:54:00,T,0.1,T,2024/10/16 15:49:00,T,2024/10/16 15:49:00,5.0,43.8,17.37,14.0,-3.9,9,2024/10/16 12:00:00,7.3,26.0,26.0,25.6,25.6,26.5,26.1,26.5,8.4,
2024-10-17,17,1010.9,1013.4,1012.4,2024/10/17 00:01:00,1009.1,2024/10/17 14:45:00,27.0,29.7,2024/10/17 11:20:00,25.2,2024/10/17 03:38:00,24.3,86,71,2024/10/17 08:34:00,6.0,50,14.0,50,2024/10/17 15:33:00,0.0,0.0,0.0,--,0.0,--,6.9,60.6,18.59,13.5,4.4,8,2024/10/17 12:00:00,5.8,26.4,26.4,25.8,25.8,26.6,26.1,26.5,5.8,
2024-10-18,18,1010.4,1012.9,1011.5,2024/10/18 08:18:00,1009.2,2024/10/18 13:36:00,26.6,30.0,2024/10/18 11:17:00,24.2,2024/10/18 02:59:00,24.3,87,72,2024/10/18 11:47:00,1.9,210,6.6,300,2024/10/18 12:58:00,0.0,0.0,0.0,--,0.0,--,8.7,76.6,19.33,16.5,3.6,9,2024/10/18 12:00:00,3.0,26.5,26.5,26.0,26.0,26.9,26.3,26.6,3.1,
2024-10-19,19,1011.8,1014.3,1015.7,2024/10/19 22:25:00,1009.8,2024/10/19 13:55:00,26.8,31.1,2024/10/19 10:54:00,24.2,2024/10/19 06:27:00,24.2,86,72,2024/10/19 09:11:00,6.6,50,21.7,40,2024/10/19 18:58:00,T,0.4,T,2024/10/19 18:30:00,T,2024/10/19 18:30:00,8.4,74.1,19.45,27.5,-4.3,9,2024/10/19 12:00:00,5.0,26.4,26.4,26.1,26.2,27.0,26.4,26.6,3.7,
2024-10-20,20,1014.8,1017.3,1016.6,2024/10/20 09:08:00,1013.8,2024/10/20 14:04:00,24.6,25.6,2024/10/20 12:54:00,23.6,2024/10/20 06:39:00,21.4,83,77,2024/10/20 13:20:00,10.2,50,20.3,50,2024/10/20 11:00:00,0.5,2.5,0.5,2024/10/20 06:29:00,0.5,2024/10/20 06:29:00,0.0,0.0,6.26,20.0,-2.5,4,2024/10/20 12:00:00,10.0,24.6,24.6,25.1,25.4,26.7,26.4,26.7,7.9,
2024-10-21,21,1011.8,1014.3,1013.9,2024/10/21 00:01:00,1009.8,2024/10/21 14:55:00,25.8,28.2,2024/10/21 13:16:00,24.3,2024/10/21 02:51:00,22.6,83,75,2024/10/21 11:32:00,9.6,50,18.5,40,2024/10/21 11:43:00,T,0.1,T,2024/10/21 02:34:00,T,2024/10/21 02:34:00,8.6,76.1,19.46,23.8,4.6,9,2024/10/21 12:00:00,5.3,25.4,25.4,25.1,25.2,26.2,26.1,26.7,4.4,
2024-10-22,22,1010.8,1013.3,1012.1,2024/10/22 20:27:00,1009.5,2024/10/22 13:28:00,25.5,27.9,2024/10/22 11:33:00,23.7,2024/10/22 23:56:00,21.8,80,69,2024/10/22 12:55:00,10.3,50,20.8,60,2024/10/22 13:12:00,T,0.8,T,2024/10/22 19:01:00,T,2024/10/22 19:01:00,7.2,63.9,18.27,25.0,-3.2,9,2024/10/22 12:00:00,6.3,25.1,25.1,25.1,25.2,26.3,26.0,26.6,5.4,
2024-10-23,23,1010.7,1013.2,1012.8,2024/10/23 08:23:00,1009.3,2024/10/23 23:27:00,22.3,23.8,2024/10/23 00:05:00,21.3,2024/10/23 23:58:00,19.4,83,73,2024/10/23 22:57:00,10.9,60,21.8,70,2024/10/23 16:44:00,6.0,10.3,0.5,2024/10/23 00:21:00,1.5,2024/10/23 00:21:00,0.0,0.0,2.38,12.0,-0.7,2,2024/10/23 12:00:00,9.8,22.5,22.5,23.6,24.2,25.7,25.8,26.6,10.0,
2024-10-24,24,1007.3,1009.8,1009.5,2024/10/24 00:02:00,1005.7,2024/10/24 14:04:00,21.9,22.6,2024/10/24 23:55:00,21.2,2024/10/24 00:19:00,20.0,89,75,2024/10/24 02:27:00,11.2,50,23.0,50,2024/10/24 18:16:00,11.0,18.0,0.5,2024/10/24 06:31:00,2.0,2024/10/24 22:16:00,0.0,0.0,2.45,7.0,-0.6,2,2024/10/24 13:00:00,10.0,22.1,22.1,22.7,23.2,24.7,25.2,26.5,10.0,
2024-10-25,25,1002.8,1005.3,1006.3,2024/10/25 00:01:00,999.4,2024/10/25 14:33:00,25.1,29.1,2024/10/25 17:01:00,22.3,2024/10/25 01:28:00,23.1,89,72,2024/10/25 17:01:00,9.0,50,23.2,50,2024/10/25 11:55:00,6.0,5.9,0.5,2024/10/25 00:41:00,2.5,2024/10/25 00:41:00,2.2,19.6,10.44,13.0,-0.1,6,2024/10/25 11:00:00,9.3,23.9,23.9,23.3,23.4,24.5,24.8,26.3,9.0,
2024-10-26,26,1005.1,1007.6,1007.2,2024/10/26 22:20:00,1002.4,2024/10/26 01:12:00,26.4,28.8,2024/10/26 10:48:00,23.8,2024/10/26 05:59:00,24.6,90,79,2024/10/26 14:53:00,1.7,240,7.0,250,2024/10/26 12:37:00,T,0.2,T,2024/10/26 15:50:00,T,2024/10/26 15:50:00,0.8,7.1,11.46,8.0,-2.6,7,2024/10/26 11:00:00,9.3,25.7,25.7,24.8,24.6,25.4,25.0,26.1,9.6,
2024-10-27,27,1006.2,1008.7,1007.4,2024/10/27 22:53:00,1004.4,2024/10/27 14:45:00,26.7,30.3,2024/10/27 09:36:00,24.8,2024/10/27 23:55:00,24.4,88,70,2024/10/27 09:36:00,5.2,40,16.4,50,2024/10/27 23:59:59,0.0,0.0,0.0,--,0.0,--,6.4,57.3,16.19,14.0,-4.4,8,2024/10/27 12:00:00,5.8,26.2,26.2,25.6,25.5,26.1,25.5,26.0,6.2,
2024-10-28,28,1008.3,1010.8,1010.0,2024/10/28 09:11:00,1006.4,2024/10/28 04:05:00,23.6,24.8,2024/10/28 00:01:00,22.6,2024/10/28 20:29:00,20.5,83,72,2024/10/28 23:43:00,9.3,50,19.1,40,2024/10/28 20:10:00,0.5,4.5,0.5,2024/10/28 05:35:00,0.5,2024/10/28 05:35:00,0.0,0.0,4.17,14.0,-1.8,2,2024/10/28 12:00:00,9.8,23.6,23.6,24.4,24.7,25.9,25.6,26.0,8.3,
2024-10-29,29,1009.3,1011.8,1010.7,2024/10/29 09:09:00,1007.7,2024/10/29 14:14:00,22.8,23.8,2024/10/29 00:20:00,22.0,2024/10/29 04:05:00,19.2,80,69,2024/10/29 20:37:00,9.5,50,19.8,40,2024/10/29 17:36:00,1.0,7.5,0.5,2024/10/29 04:20:00,0.5,2024/10/29 04:20:00,0.2,1.8,3.06,11.5,-2.6,2,2024/10/29 10:00:00,9.5,22.5,22.5,23.2,23.7,25.0,25.2,26.1,9.5,
2024-10-30,30,1007.4,1009.9,1010.5,2024/10/30 06:59:00,1002.4,2024/10/30 23:46:00,23.0,24.3,2024/10/30 23:59:00,21.6,2024/10/30 05:20:00,20.9,88,71,2024/10/30 00:01:00,10.5,50,23.3,50,2024/10/30 23:39:00,5.0,12.1,1.0,2024/10/30 13:35:00,2.0,2024/10/30 13:10:00,0.0,0.0,3.8,7.3,/,3,2024/10/30 11:00:00,9.8,22.6,22.6,22.7,23.0,24.4,24.7,26.0,10.0,
2024-10-31,31,992.0,994.5,1002.7,2024/10/31 00:01:00,981.1,2024/10/31 17:31:00,25.9,28.9,2024/10/31 19:50:00,24.0,2024/10/31 03:23:00,23.6,87,68,2024/10/31 19:50:00,12.3,50,33.2,50,2024/10/31 15:09:00,87.5,13.3,5.0,2024/10/31 07:17:00,22.5,2024/10/31 06:43:00,0.2,1.8,5.0,13.3,/,5,2024/10/31 13:00:00,9.8,24.3,24.3,23.7,23.6,24.6,24.4,25.2,10.0,
2024-12-01,1,1012.4,1015.0,1014.9,2024/12/01 09:01:00,1010.7,2024/12/01 13:49:00,18.4,22.9,2024/12/01 11:17:00,14.1,2024/12/01 02:21:00,14.5,79,52,2024/12/01 10:27:00,2.2,170,6.7,340,2024/12/01 14:10:00,0.0,0.0,0.0,--,0.0,--,9.5,89.5,16.12,13.5,2.5,6,2024/12/01 12:00:00,1.3,17.8,17.8,18.2,18.5,19.7,20.1,22.2,4.1,
2024-12-02,2,1012.3,1014.9,1014.4,2024/12/02 09:14:00,1010.1,2024/12/02 15:40:00,20.3,25.8,2024/12/02 14:10:00,15.9,2024/12/02 06:52:00,16.3,78,57,2024/12/02 14:01:00,2.6,40,7.6,30,2024/12/02 13:00:00,0.0,0.0,0.0,--,0.0,--,10.0,94.3,16.55,16.0,1.7,6,2024/12/02 12:00:00,1.3,18.7,18.7,18.8,19.0,20.1,20.2,22.1,2.6,
2024-12-03,3,1012.8,1015.3,1014.5,2024/12/03 23:42:00,1011.4,2024/12/03 03:55:00,21.8,25.7,2024/12/03 09:53:00,16.5,2024/12/03 06:29:00,16.2,71,56,2024/12/03 09:50:00,6.0,60,16.0,60,2024/12/03 13:30:00,0.0,0.0,0.0,--,0.0,--,10.3,97.2,16.48,36.3,6.3,6,2024/12/03 12:00:00,0.8,19.6,19.6,19.4,19.5,20.5,20.4,22.0,2.9,
2024-12-04,4,1014.1,1016.7,1015.7,2024/12/04 08:09:00,1012.5,2024/12/04 14:03:00,20.8,23.8,2024/12/04 10:46:00,19.3,2024/12/04 21:22:00,14.3,67,51,2024/12/04 10:47:00,8.5,60,19.4,50,2024/12/04 13:15:00,0.0,0.0,0.0,--,0.0,--,5.8,54.8,13.84,28.8,4.8,6,2024/12/04 13:00:00,7.5,19.1,19.1,19.4,19.6,20.7,20.7,22.1,8.1,
2024-12-05,5,1014.1,1016.7,1016.1,2024/12/05 09:17:00,1012.1,2024/12/05 15:10:00,20.2,22.5,2024/12/05 11:59:00,18.6,2024/12/05 06:12:00,14.8,71,63,2024/12/05 11:22:00,7.5,60,16.2,70,2024/12/05 10:50:00,0.0,0.0,0.0,--,0.0,--,8.5,80.3,14.93,30.0,3.0,6,2024/12/05 12:00:00,3.3,19.0,19.0,19.3,19.5,20.7,20.7,22.1,5.7,
2024-12-06,6,1014.0,1016.6,1015.5,2024/12/06 09:10:00,1011.9,2024/12/06 13:12:00,20.7,23.7,2024/12/06 12:58:00,18.1,2024/12/06 04:59:00,15.5,72,63,2024/12/06 13:02:00,7.5,50,16.4,60,2024/12/06 11:37:00,0.0,0.0,0.0,--,0.0,--,9.8,92.7,16.01,27.5,-5.0,6,2024/12/06 12:00:00,1.8,19.2,19.2,19.4,19.5,20.7,20.7,22.1,4.3,
2024-12-07,7,1016.3,1018.9,1019.2,2024/12/07 22:45:00,1014.1,2024/12/07 13:28:00,18.8,20.3,2024/12/07 10:11:00,15.7,2024/12/07 22:55:00,15.9,83,77,2024/12/07 16:00:00,9.5,50,19.6,40,2024/12/07 22:00:00,0.5,8.5,0.5,2024/12/07 22:41:00,0.5,2024/12/07 22:41:00,0.0,0.0,2.98,18.0,-1.1,2,2024/12/07 12:00:00,10.0,18.8,18.8,19.4,19.7,20.8,20.8,22.1,9.3,
2024-12-08,8,1019.8,1022.4,1021.3,2024/12/08 08:40:00,1018.2,2024/12/08 14:13:00,15.9,17.4,2024/12/08 10:05:00,15.2,2024/12/08 16:49:00,12.1,78,70,2024/12/08 10:09:00,10.0,50,21.6,60,2024/12/08 12:15:00,3.5,7.8,0.5,2024/12/08 00:27:00,1.5,2024/12/08 02:54:00,0.0,0.0,3.4,17.0,-2.6,3,2024/12/08 11:00:00,10.0,16.3,16.3,17.8,18.5,20.2,20.6,22.1,9.8,
2024-12-09,9,1017.1,1019.7,1019.6,2024/12/09 07:43:00,1014.3,2024/12/09 14:28:00,18.1,21.6,2024/12/09 13:21:00,15.4,2024/12/09 00:57:00,12.7,71,58,2024/12/09 13:26:00,7.0,60,15.5,50,2024/12/09 13:09:00,T,0.5,T,2024/12/09 00:42:00,T,2024/12/09 00:42:00,4.0,37.9,12.63,26.3,3.0,6,2024/12/09 12:00:00,7.3,17.1,17.1,17.5,17.9,19.4,20.1,22.1,7.8,
2024-12-10,10,1014.8,1017.4,1016.6,2024/12/10 08:14:00,1013.3,2024/12/10 15:04:00,19.0,22.6,2024/12/10 11:30:00,16.3,2024/12/10 04:35:00,16.2,84,70,2024/12/10 11:30:00,4.7,50,14.8,60,2024/12/10 15:19:00,0.0,0.0,0.0,--,0.0,--,6.1,57.8,12.49,21.5,-2.4,5,2024/12/10 12:00:00,6.0,18.3,18.3,18.3,18.5,19.7,20.0,21.9,6.1,
2024-12-11,11,1015.2,1017.8,1017.2,2024/12/11 23:46:00,1013.2,2024/12/11 13:47:00,19.1,22.0,2024/12/11 10:43:00,16.6,2024/12/11 05:18:00,16.5,85,78,2024/12/11 10:50:00,5.1,50,16.2,30,2024/12/11 21:12:00,T,0.7,T,2024/12/11 07:26:00,T,2024/12/11 07:26:00,2.0,19.0,8.92,16.0,-1.8,4,2024/12/11 11:00:00,8.5,18.9,18.9,19.0,19.1,20.2,20.1,21.7,7.8,
2024-12-12,12,1016.9,1019.5,1019.7,2024/12/12 08:07:00,1014.6,2024/12/12 14:52:00,17.8,19.9,2024/12/12 13:12:00,16.3,2024/12/12 06:58:00,14.5,81,72,2024/12/12 13:13:00,8.9,50,18.6,50,2024/12/12 13:57:00,0.5,7.3,0.5,2024/12/12 02:08:00,0.5,2024/12/12 02:08:00,1.1,10.4,7.04,12.5,-1.6,4,2024/12/12 12:00:00,9.0,17.6,17.6,18.3,18.7,20.0,20.2,21.7,9.9,
2024-12-13,13,1018.8,1021.4,1022.4,2024/12/13 23:52:00,1016.1,2024/12/13 03:23:00,16.3,18.4,2024/12/13 04:28:00,13.9,2024/12/13 23:08:00,14.3,88,79,2024/12/13 05:18:00,6.6,40,16.1,30,2024/12/13 16:45:00,6.0,15.8,0.5,2024/12/13 07:33:00,1.0,2024/12/13 09:40:00,0.0,0.0,2.18,6.0,-0.2,1,2024/12/13 12:00:00,10.0,17.2,17.2,18.1,18.6,19.8,20.1,21.7,10.0,
2024-12-14,14,1024.1,1026.7,1026.3,2024/12/14 09:20:00,1022.2,2024/12/14 00:14:00,13.5,14.3,2024/12/14 00:19:00,12.6,2024/12/14 05:50:00,8.4,71,64,2024/12/14 23:52:00,7.7,50,17.8,50,2024/12/14 00:31:00,T,4.1,T,2024/12/14 00:04:00,T,2024/12/14 00:04:00,0.0,0.0,1.13,7.0,-1.9,1,2024/12/14 12:00:00,10.0,14.4,14.4,16.2,17.0,18.8,19.7,21.6,10.0,
2024-12-15,15,1022.9,1025.5,1024.9,2024/12/15 08:48:00,1021.5,2024/12/15 15:10:00,13.9,14.4,2024/12/15 00:29:00,13.3,2024/12/15 15:11:00,7.7,66,61,2024/12/15 23:34:00,7.9,50,16.2,40,2024/12/15 10:28:00,0.0,0.0,0.0,--,0.0,--,0.0,0.0,2.84,13.5,2.8,2,2024/12/15 13:00:00,10.0,14.2,14.2,15.4,16.2,17.9,18.9,21.4,9.9,
2024-12-16,16,1020.5,1023.1,1022.3,2024/12/16 00:07:00,1018.5,2024/12/16 15:53:00,14.9,16.7,2024/12/16 12:44:00,13.6,2024/12/16 03:11:00,8.7,66,57,2024/12/16 09:39:00,7.0,60,17.0,50,2024/12/16 19:42:00,T,0.3,T,2024/12/16 09:37:00,T,2024/12/16 09:37:00,0.4,3.8,8.07,15.0,-2.6,4,2024/12/16 13:00:00,8.8,14.5,14.5,15.3,15.9,17.5,18.5,21.1,9.5,
2024-12-17,17,1018.7,1021.3,1020.3,2024/12/17 07:59:00,1016.6,2024/12/17 12:45:00,17.2,19.7,2024/12/17 11:57:00,14.6,2024/12/17 00:23:00,12.1,72,64,2024/12/17 10:36:00,7.9,50,16.8,50,2024/12/17 12:38:00,0.0,0.0,0.0,--,0.0,--,5.5,52.2,13.51,23.0,3.3,6,2024/12/17 12:00:00,5.8,16.1,16.1,16.1,16.3,17.7,18.3,20.9,7.4,
2024-12-18,18,1021.0,1023.6,1023.1,2024/12/18 20:01:00,1018.8,2024/12/18 00:01:00,15.5,17.3,2024/12/18 12:19:00,13.7,2024/12/18 22:29:00,7.5,59,48,2024/12/18 21:13:00,8.8,50,20.1,70,2024/12/18 19:16:00,0.0,0.0,0.0,--,0.0,--,0.0,0.0,5.86,21.5,4.8,4,2024/12/18 13:00:00,10.0,15.2,15.2,16.0,16.5,17.9,18.3,20.7,10.0,
2024-12-19,19,1020.4,1023.0,1023.0,2024/12/19 09:34:00,1018.0,2024/12/19 23:50:00,13.4,14.2,2024/12/19 21:33:00,12.7,2024/12/19 13:36:00,8.2,72,50,2024/12/19 03:07:00,8.4,60,21.2,50,2024/12/19 05:27:00,T,7.5,T,2024/12/19 09:30:00,T,2024/12/19 09:30:00,0.0,0.0,3.2,30.0,-0.1,2,2024/12/19 11:00:00,10.0,13.8,13.8,14.9,15.5,17.2,18.1,20.6,10.0,
2024-12-20,20,1017.0,1019.6,1019.4,2024/12/20 09:11:00,1014.5,2024/12/20 14:38:00,16.2,17.9,2024/12/20 12:34:00,13.3,2024/12/20 00:25:00,12.3,78,69,2024/12/20 13:01:00,7.4,50,15.5,50,2024/12/20 14:52:00,0.5,0.5,0.5,2024/12/20 05:33:00,0.5,2024/12/20 05:33:00,0.4,3.8,8.09,27.5,-1.9,4,2024/12/20 13:00:00,9.3,15.4,15.4,15.6,15.9,17.2,17.8,20.4,9.3,
2024-12-21,21,1018.7,1021.3,1021.9,2024/12/21 20:26:00,1015.6,2024/12/21 03:10:00,15.4,17.1,2024/12/21 00:01:00,13.9,2024/12/21 20:56:00,10.9,75,60,2024/12/21 20:46:00,8.9,50,18.6,50,2024/12/21 23:42:00,T,2.5,T,2024/12/21 04:27:00,T,2024/12/21 04:27:00,0.0,0.0,2.24,19.3,-4.8,1,2024/12/21 11:00:00,10.0,15.3,15.3,16.1,16.4,17.6,17.9,20.2,10.0,
2024-12-22,22,1021.4,1024.0,1025.0,2024/12/22 09:09:00,1018.8,2024/12/22 23:50:00,13.6,15.1,2024/12/22 17:50:00,12.0,2024/12/22 09:42:00,7.5,67,60,2024/12/22 16:04:00,9.3,50,20.8,60,2024/12/22 00:18:00,0.0,0.0,0.0,--,0.0,--,0.7,6.6,2.92,14.0,2.0,1,2024/12/22 13:00:00,9.5,13.6,13.6,14.8,15.4,17.0,17.8,20.1,9.7,
2024-12-23,23,1018.9,1021.5,1020.3,2024/12/23 08:45:00,1016.9,2024/12/23 14:04:00,15.9,18.4,2024/12/23 11:37:00,14.6,2024/12/23 02:20:00,11.8,77,63,2024/12/23 09:12:00,7.4,60,17.0,50,2024/12/23 13:23:00,9.0,10.5,0.5,2024/12/23 15:13:00,2.0,2024/12/23 20:05:00,0.2,1.9,4.8,21.3,-1.0,3,2024/12/23 12:00:00,9.5,15.2,15.2,15.2,15.5,16.8,17.4,20.0,9.9,
2024-12-24,24,1018.5,1021.1,1020.9,2024/12/24 09:03:00,1016.3,2024/12/24 15:47:00,16.8,18.6,2024/12/24 11:14:00,14.9,2024/12/24 00:17:00,14.0,84,71,2024/12/24 11:18:00,10.2,50,23.0,40,2024/12/24 14:22:00,1.0,2.9,0.5,2024/12/24 00:26:00,0.5,2024/12/24 00:26:00,0.5,4.7,8.93,16.0,-1.3,4,2024/12/24 12:00:00,8.5,15.5,15.5,15.7,15.9,17.1,17.5,19.8,9.6,
2024-12-25,25,1018.8,1021.4,1020.9,2024/12/25 08:45:00,1016.6,2024/12/25 14:08:00,17.8,18.5,2024/12/25 14:17:00,16.8,2024/12/25 10:20:00,16.7,93,90,2024/12/25 13:37:00,6.9,40,15.8,50,2024/12/25 00:49:00,2.0,8.5,0.5,2024/12/25 07:56:00,0.5,2024/12/25 07:56:00,0.0,0.0,2.52,8.5,-0.1,1,2024/12/25 13:00:00,10.0,17.1,17.1,16.8,16.8,17.7,17.7,19.7,9.9,
2024-12-26,26,1021.1,1023.7,1022.6,2024/12/26 09:24:00,1019.7,2024/12/26 14:56:00,17.3,19.5,2024/12/26 13:13:00,16.6,2024/12/26 02:16:00,14.2,82,71,2024/12/26 18:36:00,8.6,50,18.6,50,2024/12/26 20:10:00,1.5,4.4,0.5,2024/12/26 00:16:00,1.0,2024/12/26 00:16:00,0.5,4.7,6.05,11.0,-2.2,4,2024/12/26 13:00:00,10.0,16.7,16.7,16.9,17.0,18.0,18.0,19.7,9.9,
2024-12-27,27,1021.6,1024.2,1024.1,2024/12/27 23:58:00,1019.4,2024/12/27 14:02:00,17.0,19.1,2024/12/27 12:27:00,14.7,2024/12/27 23:59:59,12.2,73,67,2024/12/27 10:51:00,9.4,50,18.7,60,2024/12/27 00:17:00,T,2.2,T,2024/12/27 04:13:00,T,2024/12/27 04:13:00,0.0,0.0,6.8,11.5,-3.3,4,2024/12/27 13:00:00,10.0,16.1,16.1,16.3,16.6,17.8,18.0,19.7,10.0,
2024-12-28,28,1024.5,1027.1,1026.1,2024/12/28 09:03:00,1022.8,2024/12/28 15:01:00,13.2,15.5,2024/12/28 10:21:00,11.6,2024/12/28 20:35:00,6.1,62,54,2024/12/28 09:05:00,8.8,50,17.5,20,2024/12/28 11:32:00,0.5,1.4,0.5,2024/12/28 00:27:00,0.5,2024/12/28 00:27:00,2.4,22.7,8.43,13.0,3.9,3,2024/12/28 12:00:00,9.5,13.6,13.6,15.1,15.8,17.4,17.9,19.7,8.5,
2024-12-29,29,1020.4,1023.0,1023.9,2024/12/29 00:26:00,1017.4,2024/12/29 15:33:00,15.8,19.6,2024/12/29 14:14:00,12.0,2024/12/29 02:50:00,7.6,59,48,2024/12/29 10:10:00,6.4,60,15.7,70,2024/12/29 10:18:00,0.0,0.0,0.0,--,0.0,--,7.9,74.8,15.39,19.0,3.4,6,2024/12/29 12:00:00,3.0,14.2,14.2,14.4,14.9,16.5,17.3,19.6,6.1,
2024-12-30,30,1019.0,1021.6,1021.0,2024/12/30 09:39:00,1017.8,2024/12/30 15:17:00,16.1,17.3,2024/12/30 13:28:00,14.8,2024/12/30 17:35:00,13.0,82,67,2024/12/30 00:01:00,2.7,50,7.6,10,2024/12/30 11:00:00,0.0,0.0,0.0,--,0.0,--,0.0,0.0,5.64,12.0,1.8,3,2024/12/30 14:00:00,8.5,15.9,15.9,15.7,15.9,17.0,17.2,19.5,9.7,
2024-12-31,31,1018.2,1020.8,1019.7,2024/12/31 08:59:00,1016.5,2024/12/31 14:45:00,16.3,19.0,2024/12/31 09:37:00,14.3,2024/12/31 02:31:00,9.9,67,50,2024/12/31 12:36:00,7.2,50,18.2,50,2024/12/31 11:32:00,0.0,0.0,0.0,--,0.0,--,6.6,62.5,12.95,14.0,4.6,5,2024/12/31 13:00:00,4.5,15.6,15.6,15.9,16.2,17.3,17.4,19.4,6.8,
2025-01-01,1,1015.9,1018.5,1017.4,2025/01/01 00:01:00,1013.9,2025/01/01 15:34:00,16.5,18.1,2025/01/01 10:32:00,14.9,2025/01/01 02:56:00,12.3,77,61,2025/01/01 02:30:00,4.5,60,14.2,70,2025/01/01 08:33:00,3.0,8.2,0.5,2025/01/01 20:11:00,1.5,2025/01/01 20:11:00,0.0,0.0,4.27,15.5,/,2,2025/01/01 13:00:00,9.8,15.8,15.8,15.6,15.9,17.1,17.4,19.3,9.6,
2025-01-02,2,1016.6,1019.2,1018.8,2025/01/02 08:40:00,1014.4,2025/01/02 14:29:00,17.0,19.0,2025/01/02 15:33:00,15.1,2025/01/02 02:35:00,13.3,79,68,2025/01/02 13:26:00,7.5,50,17.6,60,2025/01/02 20:13:00,4.5,4.5,1.5,2025/01/02 00:41:00,3.0,2025/01/02 00:41:00,0.2,1.9,6.68,25.0,-3.2,3,2025/01/02 14:00:00,9.3,15.9,15.9,16.1,16.3,17.4,17.5,19.3,10.0,
2025-01-03,3,1018.7,1021.3,1020.0,2025/01/03 09:17:00,1017.3,2025/01/03 03:00:00,16.2,17.5,2025/01/03 14:01:00,15.2,2025/01/03 21:00:00,9.9,66,59,2025/01/03 11:10:00,9.0,50,18.3,40,2025/01/03 10:49:00,T,0.4,T,2025/01/03 00:06:00,T,2025/01/03 00:06:00,0.1,0.9,5.08,23.8,2.7,3,2025/01/03 14:00:00,9.5,15.2,15.2,15.7,16.1,17.4,17.6,19.3,8.8,
2025-01-04,4,1016.8,1019.4,1019.5,2025/01/04 08:38:00,1014.9,2025/01/04 22:47:00,17.7,20.9,2025/01/04 12:45:00,15.2,2025/01/04 02:24:00,10.7,64,52,2025/01/04 12:17:00,7.9,60,17.9,70,2025/01/04 09:19:00,0.0,0.0,0.0,--,0.0,--,9.9,93.5,16.68,31.3,3.6,6,2025/01/04 13:00:00,1.8,15.7,15.7,15.5,15.8,17.0,17.4,19.2,3.0,
2025-01-05,5,1016.7,1019.3,1018.0,2025/01/05 08:09:00,1015.4,2025/01/05 14:39:00,16.6,19.1,2025/01/05 10:49:00,15.4,2025/01/05 04:01:00,13.8,83,75,2025/01/05 00:03:00,3.2,50,11.3,350,2025/01/05 12:34:00,0.0,0.0,0.0,--,0.0,--,0.3,2.8,6.24,15.0,2.4,3,2025/01/05 13:00:00,8.8,16.3,16.3,16.2,16.3,17.4,17.4,19.2,9.8,
2025-01-06,6,1018.1,1020.7,1019.9,2025/01/06 09:55:00,1016.2,2025/01/06 15:07:00,16.1,18.5,2025/01/06 11:36:00,13.9,2025/01/06 23:13:00,8.9,63,51,2025/01/06 13:41:00,7.6,50,17.1,60,2025/01/06 15:03:00,0.0,0.0,0.0,--,0.0,--,9.5,89.5,15.76,14.0,5.0,5,2025/01/06 13:00:00,1.0,15.4,15.4,15.9,16.2,17.4,17.5,19.2,3.4,
2025-01-07,7,1018.1,1020.7,1019.7,2025/01/07 19:32:00,1016.4,2025/01/07 13:12:00,15.6,19.2,2025/01/07 12:20:00,13.4,2025/01/07 05:35:00,7.3,58,47,2025/01/07 12:07:00,7.8,60,18.0,40,2025/01/07 14:57:00,0.0,0.0,0.0,--,0.0,--,6.5,61.2,13.06,16.0,-4.2,5,2025/01/07 13:00:00,4.8,14.6,14.6,15.1,15.5,16.9,17.4,19.2,6.9,
2025-01-08,8,1018.0,1020.6,1019.9,2025/01/08 23:20:00,1016.2,2025/01/08 13:21:00,16.3,18.9,2025/01/08 12:34:00,15.0,2025/01/08 01:24:00,11.5,73,63,2025/01/08 00:01:00,6.7,50,14.2,40,2025/01/08 14:29:00,T,0.3,T,2025/01/08 06:55:00,T,2025/01/08 06:55:00,2.4,22.6,11.02,18.0,3.3,5,2025/01/08 12:00:00,8.8,15.5,15.5,15.5,15.7,17.0,17.2,19.1,9.8,
2025-01-09,9,1021.9,1024.5,1026.8,2025/01/09 23:40:00,1019.4,2025/01/09 03:05:00,14.8,17.3,2025/01/09 11:37:00,12.7,2025/01/09 23:42:00,7.9,63,54,2025/01/09 12:02:00,9.8,50,21.0,60,2025/01/09 11:44:00,0.0,0.0,0.0,--,0.0,--,1.4,13.2,9.43,15.0,4.5,5,2025/01/09 12:00:00,9.5,14.6,14.6,15.5,15.8,17.1,17.3,19.1,9.9,
2025-01-10,10,1027.3,1030.0,1029.5,2025/01/10 09:15:00,1025.8,2025/01/10 15:34:00,11.9,13.0,2025/01/10 21:23:00,11.0,2025/01/10 06:02:00,5.8,66,57,2025/01/10 01:28:00,9.8,50,20.2,40,2025/01/10 05:30:00,T,0.6,T,2025/01/10 11:01:00,T,2025/01/10 11:01:00,0.0,0.0,1.7,16.0,-3.1,1,2025/01/10 15:00:00,9.5,12.5,12.5,14.0,14.7,16.3,17.0,19.0,9.8,
2025-01-11,11,1025.9,1028.6,1027.7,2025/01/11 09:08:00,1024.3,2025/01/11 15:16:00,12.9,15.1,2025/01/11 11:01:00,11.9,2025/01/11 14:43:00,6.8,67,50,2025/01/11 23:18:00,7.8,60,17.6,60,2025/01/11 03:32:00,T,2.0,T,2025/01/11 11:49:00,T,2025/01/11 11:49:00,0.0,0.0,5.29,17.0,-2.0,4,2025/01/11 11:00:00,9.5,12.8,12.8,13.8,14.2,15.8,16.5,18.9,10.0,
2025-01-12,12,1024.5,1027.1,1026.8,2025/01/12 09:07:00,1021.9,2025/01/12 15:07:00,13.4,17.4,2025/01/12 13:18:00,9.9,2025/01/12 02:50:00,2.8,50,17,2025/01/12 13:19:00,5.3,60,12.1,40,2025/01/12 09:30:00,0.0,0.0,0.0,--,0.0,--,10.0,93.7,17.87,21.5,4.3,7,2025/01/12 13:00:00,0.8,13.2,13.2,13.8,14.3,15.7,16.3,18.8,4.0,
2025-01-13,13,1020.9,1023.5,1023.7,2025/01/13 00:01:00,1018.9,2025/01/13 14:54:00,15.6,20.7,2025/01/13 13:50:00,11.7,2025/01/13 00:01:00,5.3,51,36,2025/01/13 13:56:00,5.8,70,13.5,60,2025/01/13 09:41:00,0.0,0.0,0.0,--,0.0,--,10.3,96.4,17.73,30.0,3.4,7,2025/01/13 13:00:00,0.0,14.0,14.0,14.0,14.3,15.7,16.2,18.6,3.0,
2025-01-14,14,1019.9,1022.5,1021.5,2025/01/14 09:17:00,1018.0,2025/01/14 14:47:00,16.2,20.1,2025/01/14 10:27:00,12.0,2025/01/14 01:32:00,10.8,71,47,2025/01/14 08:42:00,2.1,130,6.1,300,2025/01/14 12:15:00,0.0,0.0,0.0,--,0.0,--,9.5,88.8,16.7,22.5,-2.3,7,2025/01/14 13:00:00,1.0,14.9,14.9,14.7,14.9,16.0,16.2,18.5,5.2,
2025-01-15,15,1023.7,1026.3,1026.2,2025/01/15 20:50:00,1020.1,2025/01/15 00:24:00,14.0,16.6,2025/01/15 00:02:00,11.8,2025/01/15 23:53:00,9.5,75,62,2025/01/15 21:48:00,8.2,60,21.5,60,2025/01/15 08:39:00,1.0,4.4,0.5,2025/01/15 05:43:00,1.0,2025/01/15 05:43:00,0.0,0.0,1.62,11.0,0.3,1,2025/01/15 11:00:00,10.0,13.8,13.8,15.1,15.4,16.6,16.6,18.4,8.9,
2025-01-16,16,1023.5,1026.1,1025.5,2025/01/16 00:10:00,1021.9,2025/01/16 13:26:00,12.8,15.4,2025/01/16 11:24:00,11.2,2025/01/16 16:06:00,6.4,65,55,2025/01/16 23:56:00,8.2,50,16.9,50,2025/01/16 15:46:00,T,0.8,T,2025/01/16 15:06:00,T,2025/01/16 15:06:00,2.9,27.1,9.22,17.0,-3.5,5,2025/01/16 12:00:00,8.5,12.7,12.7,13.8,14.3,15.8,16.4,18.4,7.9,
2025-01-17,17,1021.0,1023.6,1023.5,2025/01/17 06:25:00,1018.3,2025/01/17 23:41:00,13.9,16.3,2025/01/17 12:26:00,12.3,2025/01/17 06:59:00,5.2,56,48,2025/01/17 08:25:00,8.3,50,19.0,50,2025/01/17 12:55:00,0.0,0.0,0.0,--,0.0,--,9.7,90.6,17.41,33.8,3.8,6,2025/01/17 13:00:00,2.0,13.1,13.1,13.8,14.2,15.6,16.1,18.4,4.2,
2025-01-18,18,1016.3,1018.9,1018.4,2025/01/18 07:21:00,1013.6,2025/01/18 15:16:00,16.6,21.6,2025/01/18 11:53:00,13.0,2025/01/18 04:21:00,10.1,66,47,2025/01/18 11:44:00,4.0,60,12.7,80,2025/01/18 09:53:00,T,2.9,T,2025/01/18 19:54:00,T,2025/01/18 19:54:00,4.3,40.1,12.25,33.8,-1.2,6,2025/01/18 12:00:00,6.8,14.6,14.6,14.4,14.5,15.7,16.0,18.3,7.8,
2025-01-19,19,1014.5,1017.1,1016.4,2025/01/19 09:27:00,1012.6,2025/01/19 15:27:00,15.0,17.2,2025/01/19 14:21:00,12.7,2025/01/19 23:10:00,11.8,82,69,2025/01/19 20:10:00,4.2,50,10.6,40,2025/01/19 15:17:00,5.0,5.0,1.0,2025/01/19 00:52:00,2.5,2025/01/19 00:19:00,2.6,24.2,7.96,21.8,2.2,3,2025/01/19 15:00:00,7.3,14.7,14.7,15.2,15.3,16.4,16.3,18.2,7.8,
2025-01-20,20,1013.9,1016.5,1015.8,2025/01/20 22:19:00,1012.5,2025/01/20 07:56:00,15.8,19.9,2025/01/20 11:22:00,12.4,2025/01/20 01:07:00,8.5,62,46,2025/01/20 12:32:00,6.4,60,16.8,50,2025/01/20 13:43:00,0.0,0.0,0.0,--,0.0,--,7.7,71.5,15.73,21.0,4.2,6,2025/01/20 13:00:00,3.3,14.3,14.3,14.7,15.0,16.2,16.4,18.2,5.2,
2025-01-21,21,1014.5,1017.1,1016.0,2025/01/21 08:46:00,1011.7,2025/01/21 14:38:00,18.3,22.9,2025/01/21 13:48:00,15.1,2025/01/21 02:18:00,10.2,60,44,2025/01/21 13:23:00,6.2,60,15.5,60,2025/01/21 10:03:00,0.0,0.0,0.0,--,0.0,--,9.8,90.8,16.77,14.0,4.5,6,2025/01/21 13:00:00,0.8,15.5,15.5,15.1,15.2,16.3,16.4,18.2,3.6,
2025-01-22,22,1015.1,1017.7,1016.5,2025/01/22 09:52:00,1013.1,2025/01/22 03:54:00,17.7,20.4,2025/01/22 09:41:00,16.0,2025/01/22 19:45:00,13.9,79,62,2025/01/22 01:02:00,2.2,120,8.8,90,2025/01/22 00:13:00,T,1.3,T,2025/01/22 11:24:00,T,2025/01/22 11:24:00,0.0,0.0,6.06,8.5,-0.6,3,2025/01/22 14:00:00,10.0,16.3,16.3,16.1,16.0,16.9,16.7,18.2,10.0,
2025-01-23,23,1015.3,1017.9,1017.5,2025/01/23 09:43:00,1013.7,2025/01/23 14:25:00,16.4,18.7,2025/01/23 14:39:00,15.7,2025/01/23 03:06:00,14.2,87,72,2025/01/23 14:28:00,3.6,50,9.7,50,2025/01/23 23:13:00,T,0.5,T,2025/01/23 02:20:00,T,2025/01/23 02:20:00,0.5,4.6,5.87,13.5,-0.6,3,2025/01/23 13:00:00,8.5,16.1,16.1,16.3,16.4,17.3,17.0,18.3,8.6,
2025-01-24,24,1013.3,1015.9,1014.4,2025/01/24 00:01:00,1011.7,2025/01/24 14:16:00,17.5,18.8,2025/01/24 11:36:00,16.7,2025/01/24 00:01:00,15.4,88,83,2025/01/24 20:20:00,7.2,40,15.3,30,2025/01/24 15:01:00,T,0.8,T,2025/01/24 00:01:00,T,2025/01/24 00:01:00,0.5,4.6,7.85,10.0,-1.8,5,2025/01/24 12:00:00,9.0,16.6,16.6,16.5,16.6,17.5,17.2,18.4,6.9,
2025-01-25,25,1014.7,1017.3,1016.6,2025/01/25 09:50:00,1013.1,2025/01/25 02:24:00,17.3,18.3,2025/01/25 14:38:00,16.4,2025/01/25 06:21:00,13.9,81,73,2025/01/25 20:18:00,7.5,50,15.5,50,2025/01/25 03:46:00,T,1.3,T,2025/01/25 07:01:00,T,2025/01/25 07:01:00,0.0,0.0,4.31,12.0,-2.5,2,2025/01/25 12:00:00,9.8,16.4,16.4,16.6,16.7,17.6,17.4,18.5,8.7,
2025-01-26,26,1016.6,1019.2,1019.2,2025/01/26 21:38:00,1014.4,2025/01/26 14:58:00,15.3,17.8,2025/01/26 08:56:00,12.7,2025/01/26 22:47:00,12.0,81,71,2025/01/26 09:07:00,7.7,30,17.7,20,2025/01/26 17:33:00,5.0,6.2,0.5,2025/01/26 16:55:00,1.5,2025/01/26 19:19:00,0.0,0.0,3.18,11.0,/,2,2025/01/26 12:00:00,9.8,15.4,15.4,16.1,16.3,17.4,17.4,18.5,9.1,
2025-01-27,27,1020.5,1023.2,1022.5,2025/01/27 23:46:00,1018.2,2025/01/27 00:06:00,11.2,13.9,2025/01/27 12:50:00,8.9,2025/01/27 22:32:00,5.4,68,50,2025/01/27 14:29:00,6.6,40,15.6,20,2025/01/27 02:23:00,2.0,5.6,0.5,2025/01/27 03:25:00,1.5,2025/01/27 03:25:00,4.0,36.7,9.93,15.0,2.4,6,2025/01/27 14:00:00,7.0,12.4,12.4,14.2,14.9,16.5,17.0,18.6,7.8,
2025-01-28,28,1023.2,1025.8,1025.4,2025/01/28 23:14:00,1020.9,2025/01/28 14:02:00,12.0,16.4,2025/01/28 11:19:00,8.4,2025/01/28 03:08:00,4.1,59,45,2025/01/28 13:46:00,5.8,70,16.3,70,2025/01/28 13:45:00,0.0,0.0,0.0,--,0.0,--,9.6,88.0,18.3,20.0,4.3,7,2025/01/28 12:00:00,2.8,12.3,12.3,13.2,13.8,15.5,16.3,18.5,5.4,
2025-01-29,29,1022.2,1024.9,1025.2,2025/01/29 00:01:00,1019.9,2025/01/29 23:37:00,14.1,18.7,2025/01/29 13:25:00,10.4,2025/01/29 01:28:00,4.3,52,40,2025/01/29 10:21:00,7.2,60,16.0,60,2025/01/29 08:11:00,0.0,0.0,0.0,--,0.0,--,9.4,86.1,19.08,30.0,4.3,7,2025/01/29 13:00:00,2.8,13.0,13.0,13.3,13.7,15.3,15.9,18.3,3.7,
2025-01-30,30,1018.0,1020.6,1020.9,2025/01/30 07:58:00,1015.0,2025/01/30 15:07:00,16.2,21.6,2025/01/30 12:35:00,10.3,2025/01/30 04:12:00,8.3,61,40,2025/01/30 11:31:00,2.9,40,9.8,20,2025/01/30 13:22:00,0.0,0.0,0.0,--,0.0,--,9.5,86.8,18.22,26.5,4.1,7,2025/01/30 13:00:00,0.8,14.1,14.1,14.0,14.2,15.5,15.8,18.1,6.1,
2025-01-31,31,1014.4,1017.0,1016.6,2025/01/31 00:01:00,1012.7,2025/01/31 18:32:00,15.9,18.6,2025/01/31 10:29:00,12.0,2025/01/31 02:42:00,13.1,84,66,2025/01/31 10:25:00,2.2,240,7.3,240,2025/01/31 13:01:00,1.5,2.7,0.5,2025/01/31 19:13:00,1.0,2025/01/31 23:38:00,0.1,0.9,8.02,16.5,-0.1,4,2025/01/31 12:00:00,9.8,15.0,15.0,14.8,14.9,16.0,16.0,18.0,9.6,
2025-02-01,1,1011.7,1014.3,1013.6,2025/02/01 23:12:00,1009.3,2025/02/01 14:59:00,17.3,20.6,2025/02/01 11:46:00,14.4,2025/02/01 23:19:00,15.8,91,81,2025/02/01 12:56:00,5.5,50,16.6,100,2025/02/01 20:22:00,4.5,6.1,1.0,2025/02/01 21:18:00,1.5,2025/02/01 18:54:00,3.3,30.1,12.19,23.0,-1.2,7,2025/02/01 13:00:00,7.3,16.6,16.6,16.2,16.1,16.8,16.4,18.0,9.3,
2025-02-02,2,1013.2,1015.8,1014.7,2025/02/02 23:23:00,1010.9,2025/02/02 14:16:00,14.8,15.6,2025/02/02 11:58:00,14.1,2025/02/02 04:02:00,13.5,92,87,2025/02/02 09:40:00,7.1,40,14.4,40,2025/02/02 15:48:00,2.0,6.8,0.5,2025/02/02 00:47:00,1.0,2025/02/02 03:18:00,0.0,0.0,2.66,16.0,-0.7,2,2025/02/02 12:00:00,10.0,15.1,15.1,15.6,15.8,16.9,16.8,18.0,9.9,
2025-02-03,3,1018.3,1020.9,1021.8,2025/02/03 23:48:00,1014.3,2025/02/03 02:31:00,12.1,14.6,2025/02/03 00:02:00,10.4,2025/02/03 15:13:00,10.2,88,73,2025/02/03 23:59:00,8.6,40,18.5,10,2025/02/03 14:10:00,6.0,13.4,0.5,2025/02/03 02:24:00,1.5,2025/02/03 07:19:00,0.0,0.0,1.12,9.5,-2.1,1,2025/02/03 12:00:00,10.0,13.4,13.4,14.5,15.0,16.4,16.6,18.1,10.0,
2025-02-04,4,1020.7,1023.3,1022.7,2025/02/04 01:14:00,1018.3,2025/02/04 14:15:00,12.3,15.2,2025/02/04 10:52:00,10.2,2025/02/04 21:50:00,4.4,59,48,2025/02/04 10:44:00,8.1,50,18.0,40,2025/02/04 00:41:00,T,1.0,T,2025/02/04 00:01:00,T,2025/02/04 00:01:00,9.7,88.2,18.9,15.0,2.1,7,2025/02/04 13:00:00,1.0,12.2,12.2,13.2,13.8,15.4,16.1,18.1,6.5,
2025-02-05,5,1017.0,1019.6,1019.5,2025/02/05 00:07:00,1014.3,2025/02/05 14:58:00,15.1,19.8,2025/02/05 13:43:00,11.9,2025/02/05 00:01:00,6.0,55,41,2025/02/05 13:50:00,5.5,60,14.2,50,2025/02/05 10:18:00,0.0,0.0,0.0,--,0.0,--,4.8,43.4,14.42,32.5,3.8,7,2025/02/05 13:00:00,6.0,13.3,13.3,13.3,13.6,15.1,15.7,18.0,8.6,
2025-02-06,6,1016.1,1018.7,1018.1,2025/02/06 09:07:00,1013.4,2025/02/06 14:05:00,16.2,19.0,2025/02/06 13:07:00,14.6,2025/02/06 02:01:00,11.9,76,63,2025/02/06 13:15:00,3.9,60,13.0,60,2025/02/06 23:03:00,0.0,0.0,0.0,--,0.0,--,0.0,0.0,5.46,32.5,-1.2,5,2025/02/06 12:00:00,10.0,14.8,14.8,14.5,14.6,15.6,15.7,17.8,10.0,
2025-02-07,7,1020.7,1023.3,1024.2,2025/02/07 22:10:00,1017.2,2025/02/07 00:09:00,12.7,15.6,2025/02/07 00:02:00,10.4,2025/02/07 23:52:00,9.8,83,62,2025/02/07 17:48:00,9.5,50,21.4,50,2025/02/07 15:24:00,3.0,14.1,0.5,2025/02/07 02:13:00,1.0,2025/02/07 03:38:00,0.0,0.0,2.03,16.0,-2.5,2,2025/02/07 12:00:00,10.0,13.1,13.1,14.2,14.7,15.9,16.0,17.7,10.0,
2025-02-08,8,1024.4,1027.1,1026.5,2025/02/08 09:35:00,1023.4,2025/02/08 02:10:00,10.1,10.9,2025/02/08 03:14:00,9.5,2025/02/08 16:10:00,3.6,64,56,2025/02/08 13:04:00,9.7,60,20.2,60,2025/02/08 10:08:00,T,0.3,T,2025/02/08 00:01:00,T,2025/02/08 00:01:00,0.0,0.0,2.25,17.0,-2.5,2,2025/02/08 13:00:00,10.0,10.3,10.3,12.2,13.0,14.8,15.6,17.7,9.2,
2025-02-09,9,1022.7,1025.4,1024.9,2025/02/09 06:44:00,1019.7,2025/02/09 15:04:00,11.4,14.2,2025/02/09 10:42:00,9.3,2025/02/09 04:10:00,6.5,72,62,2025/02/09 00:04:00,7.5,60,17.2,50,2025/02/09 16:58:00,T,3.4,T,2025/02/09 02:15:00,T,2025/02/09 02:15:00,0.8,7.2,6.64,17.0,-2.9,5,2025/02/09 11:00:00,9.0,11.2,11.2,11.9,12.5,14.0,14.9,17.6,8.8,
2025-02-10,10,1019.4,1022.0,1021.5,2025/02/10 07:19:00,1016.8,2025/02/10 15:48:00,16.1,20.3,2025/02/10 11:47:00,11.9,2025/02/10 00:01:00,9.1,64,51,2025/02/10 11:16:00,5.2,60,12.5,40,2025/02/10 15:16:00,0.0,0.0,0.0,--,0.0,--,9.3,83.4,19.15,20.5,3.2,8,2025/02/10 13:00:00,3.3,14.1,14.1,13.1,13.2,14.3,14.7,17.4,5.5,
2025-02-11,11,1016.9,1019.5,1018.7,2025/02/11 00:01:00,1014.6,2025/02/11 15:39:00,16.1,20.8,2025/02/11 14:27:00,10.5,2025/02/11 04:29:00,13.0,83,57,2025/02/11 09:13:00,2.1,220,6.4,350,2025/02/11 15:57:00,0.0,0.0,0.0,--,0.0,--,10.0,89.5,19.51,18.3,-3.1,8,2025/02/11 13:00:00,4.0,15.5,15.5,14.4,14.4,15.3,15.2,17.2,5.4,
2025-02-12,12,1016.5,1019.1,1018.6,2025/02/12 23:55:00,1013.9,2025/02/12 15:07:00,16.7,22.7,2025/02/12 12:23:00,15.2,2025/02/12 04:09:00,15.3,92,61,2025/02/12 12:39:00,2.4,60,15.7,60,2025/02/12 23:57:00,17.0,12.8,1.5,2025/02/12 19:31:00,5.0,2025/02/12 19:02:00,0.0,0.0,5.93,7.0,/,4,2025/02/12 12:00:00,10.0,16.3,16.3,15.8,15.7,16.4,15.9,17.2,10.0,
2025-02-13,13,1018.4,1021.0,1021.3,2025/02/13 07:15:00,1016.6,2025/02/13 15:37:00,14.3,16.2,2025/02/13 00:01:00,12.5,2025/02/13 07:34:00,12.2,88,78,2025/02/13 12:03:00,10.3,50,20.2,60,2025/02/13 06:50:00,27.5,10.6,1.5,2025/02/13 05:42:00,6.5,2025/02/13 05:23:00,0.0,0.0,3.85,12.5,-1.9,3,2025/02/13 13:00:00,10.0,13.9,13.9,14.8,15.1,16.3,16.2,17.3,10.0,
2025-02-14,14,1014.8,1017.4,1017.3,2025/02/14 00:13:00,1012.7,2025/02/14 16:43:00,16.8,19.8,2025/02/14 09:55:00,14.2,2025/02/14 23:22:00,14.3,86,70,2025/02/14 09:56:00,5.9,50,14.9,40,2025/02/14 12:59:00,0.0,0.0,0.0,--,0.0,--,1.1,9.8,10.21,16.0,1.0,6,2025/02/14 11:00:00,8.8,15.5,15.5,15.1,15.1,16.0,16.0,17.4,8.3,
2025-02-15,15,1012.7,1015.3,1014.3,2025/02/15 00:07:00,1010.3,2025/02/15 14:07:00,16.1,18.4,2025/02/15 14:16:00,14.3,2025/02/15 00:06:00,15.4,96,84,2025/02/15 14:17:00,2.1,40,7.4,340,2025/02/15 15:52:00,0.0,0.0,0.0,--,0.0,--,0.7,6.2,9.91,5.7,-1.8,6,2025/02/15 14:00:00,9.7,16.7,16.7,15.9,15.9,16.6,16.3,17.4,5.8,
2025-02-16,16,1015.9,1018.5,1019.2,2025/02/16 21:46:00,1013.2,2025/02/16 02:45:00,17.2,20.3,2025/02/16 12:23:00,15.4,2025/02/16 23:37:00,14.6,86,74,2025/02/16 13:19:00,5.4,50,14.9,60,2025/02/16 16:23:00,T,0.4,T,2025/02/16 08:11:00,T,2025/02/16 08:11:00,1.8,15.9,11.41,12.6,3.3,6,2025/02/16 13:00:00,8.3,16.8,16.8,16.5,16.4,17.2,16.7,17.5,6.1,
2025-02-17,17,1018.4,1021.0,1020.0,2025/02/17 23:34:00,1015.9,2025/02/17 16:06:00,17.5,20.1,2025/02/17 11:52:00,15.4,2025/02/17 00:01:00,9.6,60,48,2025/02/17 08:09:00,8.5,60,21.1,50,2025/02/17 11:21:00,0.0,0.0,0.0,--,0.0,--,9.9,87.5,18.76,12.0,-3.8,7,2025/02/17 13:00:00,2.0,15.6,15.6,15.7,16.0,17.0,16.9,17.6,4.4,
2025-02-18,18,1020.4,1023.0,1022.5,2025/02/18 09:27:00,1018.8,2025/02/18 14:16:00,15.1,17.4,2025/02/18 14:21:00,14.3,2025/02/18 08:16:00,12.0,82,69,2025/02/18 14:23:00,9.2,50,18.0,50,2025/02/18 18:13:00,T,1.0,T,2025/02/18 08:06:00,T,2025/02/18 08:06:00,0.2,1.8,6.85,19.5,-2.4,5,2025/02/18 12:00:00,10.0,15.1,15.1,15.4,15.7,16.8,16.8,17.7,9.0,
2025-02-19,19,1019.2,1021.8,1021.6,2025/02/19 09:26:00,1017.3,2025/02/19 16:13:00,16.8,20.4,2025/02/19 13:48:00,14.3,2025/02/19 00:01:00,11.9,73,61,2025/02/19 13:49:00,6.9,60,16.1,60,2025/02/19 05:33:00,0.0,0.0,0.0,--,0.0,--,2.4,21.1,10.88,32.5,2.0,8,2025/02/19 13:00:00,8.0,15.5,15.5,15.2,15.4,16.5,16.6,17.7,9.2,
2025-02-20,20,1019.3,1021.9,1021.3,2025/02/20 08:29:00,1016.9,2025/02/20 15:38:00,16.8,19.8,2025/02/20 11:52:00,15.1,2025/02/20 04:34:00,14.9,88,77,2025/02/20 10:05:00,4.5,40,14.9,40,2025/02/20 19:37:00,T,2.2,T,2025/02/20 18:33:00,T,2025/02/20 18:33:00,0.9,7.9,11.24,15.5,-1.1,6,2025/02/20 13:00:00,9.8,16.6,16.6,16.1,16.1,17.0,16.7,17.8,9.5,
2025-02-21,21,1022.2,1024.8,1023.7,2025/02/21 22:32:00,1020.4,2025/02/21 01:39:00,14.4,15.9,2025/02/21 13:27:00,13.3,2025/02/21 06:26:00,12.9,91,82,2025/02/21 13:59:00,8.5,50,18.1,50,2025/02/21 17:36:00,1.5,6.4,0.5,2025/02/21 01:41:00,0.5,2025/02/21 01:41:00,0.0,0.0,5.76,21.3,-1.9,4,2025/02/21 12:00:00,10.0,15.2,15.2,15.6,16.0,17.1,16.9,17.8,9.2,
2025-02-22,22,1021.3,1023.9,1023.4,2025/02/22 22:42:00,1018.8,2025/02/22 15:23:00,15.9,19.6,2025/02/22 10:41:00,14.2,2025/02/22 00:07:00,13.0,83,64,2025/02/22 10:09:00,9.2,50,18.6,50,2025/02/22 12:09:00,T,1.0,T,2025/02/22 21:13:00,T,2025/02/22 21:13:00,2.8,24.5,11.76,27.5,-1.0,6,2025/02/22 13:00:00,9.0,15.5,15.5,15.3,15.5,16.6,16.7,17.8,9.0,
2025-02-23,23,1025.2,1027.8,1028.2,2025/02/23 22:38:00,1022.1,2025/02/23 03:33:00,14.2,15.6,2025/02/23 11:05:00,12.6,2025/02/23 21:51:00,12.8,91,82,2025/02/23 19:24:00,8.1,50,18.3,50,2025/02/23 17:57:00,14.5,11.6,1.5,2025/02/23 06:08:00,4.0,2025/02/23 05:38:00,0.0,0.0,4.92,15.5,-1.5,3,2025/02/23 12:00:00,10.0,14.8,14.8,15.1,15.5,16.6,16.6,17.8,10.0,
2025-02-24,24,1027.3,1029.9,1030.1,2025/02/24 09:05:00,1025.2,2025/02/24 17:00:00,13.1,15.2,2025/02/24 11:50:00,11.8,2025/02/24 06:07:00,9.2,78,65,2025/02/24 12:34:00,9.4,60,19.0,40,2025/02/24 08:05:00,2.0,6.2,0.5,2025/02/24 00:12:00,1.0,2025/02/24 00:12:00,2.7,23.5,11.42,11.5,3.3,7,2025/02/24 12:00:00,8.3,12.9,13.4,14.4,14.9,16.2,16.3,17.8,8.9,
2025-02-25,25,1023.2,1025.8,1025.6,2025/02/25 00:01:00,1020.7,2025/02/25 14:06:00,15.7,20.2,2025/02/25 12:32:00,13.3,2025/02/25 00:57:00,11.4,76,57,2025/02/25 11:13:00,3.3,60,14.8,70,2025/02/25 00:51:00,0.0,0.0,0.0,--,0.0,--,7.1,61.8,18.47,12.5,-2.6,9,2025/02/25 13:00:00,8.0,15.0,15.4,15.8,15.8,16.1,16.2,17.9,8.3,
2025-02-26,26,1020.7,1023.3,1024.1,2025/02/26 09:23:00,1018.3,2025/02/26 23:55:00,16.2,17.4,2025/02/26 13:35:00,14.9,2025/02/26 03:47:00,15.2,94,91,2025/02/26 15:24:00,4.5,40,12.0,20,2025/02/26 09:18:00,1.0,3.1,0.5,2025/02/26 06:11:00,0.5,2025/02/26 05:42:00,0.0,0.0,4.27,11.0,-0.3,3,2025/02/26 14:00:00,10.0,16.2,16.4,16.7,16.7,16.9,16.9,18.1,10.0,
2025-02-27,27,1017.4,1020.0,1020.2,2025/02/27 10:26:00,1015.5,2025/02/27 16:13:00,15.4,17.3,2025/02/27 15:50:00,13.9,2025/02/27 08:02:00,14.4,94,82,2025/02/27 12:48:00,1.9,10,6.4,30,2025/02/27 00:33:00,T,0.2,T,2025/02/27 02:02:00,T,2025/02/27 02:02:00,0.0,0.0,6.84,3.0,0.8,6,2025/02/27 13:00:00,10.0,16.1,16.8,17.1,17.1,17.2,17.2,18.1,8.7,
2025-02-28,28,1015.6,1018.2,1017.5,2025/02/28 08:33:00,1014.0,2025/02/28 18:16:00,17.8,22.6,2025/02/28 16:37:00,13.3,2025/02/28 05:51:00,15.2,86,65,2025/02/28 16:30:00,1.7,50,6.3,330,2025/02/28 11:56:00,0.0,0.0,0.0,--,0.0,--,10.8,93.4,21.7,8.8,3.1,9,2025/02/28 13:00:00,0.0,17.0,17.2,17.6,17.5,17.3,17.3,18.2,2.4,
2025-03-01,1,1013.5,1016.0,1016.8,2025/03/01 09:23:00,1011.1,2025/03/01 18:43:00,20.2,25.9,2025/03/01 15:09:00,15.2,2025/03/01 04:37:00,16.8,82,57,2025/03/01 11:55:00,1.9,40,6.8,40,2025/03/01 14:12:00,0.0,0.0,0.0,--,0.0,--,6.9,59.5,19.03,13.0,3.7,9,2025/03/01 12:00:00,6.8,18.3,18.4,18.7,18.6,18.1,17.7,18.2,7.4,
2025-03-02,2,1010.7,1013.3,1013.7,2025/03/02 08:27:00,1008.7,2025/03/02 15:16:00,21.9,26.4,2025/03/02 12:24:00,17.7,2025/03/02 06:09:00,18.9,84,63,2025/03/02 13:34:00,1.8,240,6.0,270,2025/03/02 14:24:00,0.0,0.0,0.0,--,0.0,--,4.0,34.4,16.06,16.5,2.2,8,2025/03/02 12:00:00,8.0,20.0,19.9,20.1,19.9,19.1,18.4,18.4,9.5,
2025-03-03,3,1009.0,1011.5,1011.6,2025/03/03 23:34:00,1007.1,2025/03/03 15:04:00,21.3,24.9,2025/03/03 15:37:00,16.2,2025/03/03 22:32:00,20.3,95,84,2025/03/03 15:44:00,1.9,350,10.8,20,2025/03/03 22:01:00,5.0,3.0,3.0,2025/03/03 22:21:00,4.0,2025/03/03 22:06:00,0.0,0.0,4.62,3.9,-0.8,3,2025/03/03 13:00:00,10.0,20.7,20.6,20.7,20.5,19.8,19.1,18.6,10.0,
2025-03-04,4,1009.6,1012.2,1013.2,2025/03/04 23:36:00,1006.2,2025/03/04 15:48:00,18.8,21.2,2025/03/04 05:33:00,15.5,2025/03/04 23:57:00,17.7,94,81,2025/03/04 05:27:00,5.4,50,18.2,10,2025/03/04 17:09:00,34.5,10.9,5.5,2025/03/04 16:38:00,16.0,2025/03/04 16:38:00,0.8,6.9,7.46,13.1,-0.9,6,2025/03/04 14:00:00,9.8,19.2,19.6,20.0,20.0,20.0,19.5,19.0,10.0,
2025-03-05,5,1013.6,1016.2,1015.7,2025/03/05 08:41:00,1010.8,2025/03/05 02:22:00,15.2,16.4,2025/03/05 22:29:00,14.1,2025/03/05 13:33:00,14.3,95,91,2025/03/05 14:22:00,8.9,50,18.2,60,2025/03/05 22:24:00,11.0,10.8,1.0,2025/03/05 00:49:00,2.5,2025/03/05 00:14:00,0.0,0.0,2.52,12.0,-0.2,2,2025/03/05 12:00:00,10.0,16.1,17.4,17.9,18.3,19.1,19.3,19.3,9.9,
2025-03-06,6,1019.4,1022.0,1022.5,2025/03/06 21:56:00,1013.6,2025/03/06 00:30:00,13.0,16.1,2025/03/06 00:01:00,11.7,2025/03/06 06:41:00,11.3,90,77,2025/03/06 23:35:00,10.6,40,20.9,20,2025/03/06 04:13:00,11.5,13.6,1.0,2025/03/06 03:20:00,4.0,2025/03/06 05:45:00,0.0,0.0,2.97,11.0,-1.2,2,2025/03/06 13:00:00,10.0,13.8,15.5,16.1,16.6,17.9,18.6,18.8,9.4,
2025-03-07,7,1018.6,1021.2,1021.4,2025/03/07 00:14:00,1015.5,2025/03/07 14:28:00,14.2,16.7,2025/03/07 12:14:00,12.6,2025/03/07 20:41:00,10.6,79,67,2025/03/07 09:44:00,8.6,60,17.7,60,2025/03/07 00:43:00,3.0,4.9,1.0,2025/03/07 19:10:00,2.0,2025/03/07 19:10:00,0.2,1.7,7.22,16.0,-1.4,5,2025/03/07 12:00:00,10.0,13.7,14.8,15.4,15.6,16.8,17.7,18.3,9.9,
2025-03-08,8,1019.6,1022.2,1021.0,2025/03/08 08:32:00,1018.2,2025/03/08 15:06:00,14.5,15.6,2025/03/08 20:14:00,13.2,2025/03/08 00:05:00,10.4,76,70,2025/03/08 17:18:00,7.1,40,15.4,50,2025/03/08 14:09:00,T,0.2,T,2025/03/08 04:20:00,T,2025/03/08 04:20:00,0.0,0.0,5.36,20.5,3.1,3,2025/03/08 13:00:00,10.0,13.8,14.7,15.2,15.4,16.4,17.3,18.0,9.2,
2025-03-09,9,1020.3,1022.9,1021.9,2025/03/09 10:22:00,1017.9,2025/03/09 15:41:00,17.2,19.4,2025/03/09 13:49:00,15.4,2025/03/09 00:01:00,13.5,79,69,2025/03/09 13:29:00,7.5,50,16.7,70,2025/03/09 13:59:00,0.0,0.0,0.0,--,0.0,--,5.9,50.1,17.73,23.8,3.3,8,2025/03/09 14:00:00,6.5,15.6,16.0,16.3,16.3,16.5,17.0,18.0,7.3,
2025-03-10,10,1018.6,1021.2,1020.6,2025/03/10 09:59:00,1017.2,2025/03/10 16:34:00,16.1,17.8,2025/03/10 12:52:00,14.9,2025/03/10 23:12:00,14.8,93,84,2025/03/10 12:47:00,3.8,20,14.3,30,2025/03/10 04:34:00,0.0,0.0,0.0,--,0.0,--,0.0,0.0,8.02,11.0,-1.5,6,2025/03/10 13:00:00,10.0,16.5,16.9,17.2,17.2,17.3,17.4,18.0,7.3,
2025-03-11,11,1015.2,1017.7,1018.4,2025/03/11 10:25:00,1011.4,2025/03/11 15:10:00,17.7,25.9,2025/03/11 14:25:00,15.1,2025/03/11 00:19:00,16.4,93,62,2025/03/11 14:24:00,2.5,40,8.7,30,2025/03/11 10:46:00,T,0.3,T,2025/03/11 04:11:00,T,2025/03/11 04:11:00,5.6,47.3,16.31,6.6,2.1,9,2025/03/11 13:00:00,7.3,17.8,18.0,18.4,18.3,17.8,17.6,18.1,7.0,
2025-03-12,12,1011.9,1014.4,1014.5,2025/03/12 08:32:00,1009.6,2025/03/12 15:45:00,20.7,27.6,2025/03/12 12:29:00,16.6,2025/03/12 01:30:00,18.4,87,57,2025/03/12 12:21:00,1.7,290,7.4,230,2025/03/12 12:25:00,0.0,0.0,0.0,--,0.0,--,8.3,70.2,21.29,10.3,-1.7,10,2025/03/12 13:00:00,7.0,19.8,19.8,20.1,19.9,18.9,18.3,18.3,7.7,
2025-03-13,13,1012.6,1015.2,1015.4,2025/03/13 10:46:00,1010.7,2025/03/13 02:51:00,18.9,21.8,2025/03/13 00:21:00,16.4,2025/03/13 18:23:00,18.2,96,87,2025/03/13 00:21:00,3.3,50,10.8,50,2025/03/13 18:27:00,29.0,6.4,5.5,2025/03/13 09:03:00,10.5,2025/03/13 08:35:00,0.0,0.0,4.16,4.3,-1.8,5,2025/03/13 12:00:00,9.5,19.4,19.9,20.2,20.2,19.8,19.1,18.6,9.8,
2025-03-14,14,1013.5,1016.1,1016.5,2025/03/14 09:19:00,1011.8,2025/03/14 16:14:00,16.7,20.6,2025/03/14 14:27:00,15.3,2025/03/14 07:26:00,16.3,97,87,2025/03/14 14:32:00,4.5,40,12.2,40,2025/03/14 09:52:00,5.0,2.5,2.5,2025/03/14 10:44:00,3.0,2025/03/14 10:36:00,0.3,2.5,5.05,8.3,-1.0,5,2025/03/14 15:00:00,10.0,17.7,18.4,18.8,18.9,19.2,19.0,18.9,9.9,
2025-03-15,15,1012.9,1015.5,1016.4,2025/03/15 23:56:00,1010.6,2025/03/15 15:31:00,16.0,18.9,2025/03/15 09:49:00,13.6,2025/03/15 22:00:00,15.0,94,83,2025/03/15 19:22:00,4.7,50,14.8,60,2025/03/15 20:42:00,45.5,6.4,7.5,2025/03/15 03:40:00,12.5,2025/03/15 10:18:00,0.0,0.0,3.44,11.5,-1.6,2,2025/03/15 14:00:00,10.0,16.9,17.7,18.2,18.3,18.8,18.6,18.7,10.0,
2025-03-16,16,1018.7,1021.3,1020.7,2025/03/16 20:58:00,1015.9,2025/03/16 02:37:00,13.5,15.4,2025/03/16 14:34:00,12.7,2025/03/16 21:11:00,8.1,71,56,2025/03/16 14:50:00,7.3,50,15.3,50,2025/03/16 17:02:00,7.5,3.9,2.5,2025/03/16 00:40:00,5.5,2025/03/16 00:21:00,1.1,9.2,9.59,18.0,3.4,7,2025/03/16 13:00:00,9.5,13.5,15.3,16.1,16.5,17.8,17.7,18.2,9.5,
2025-03-17,17,1019.2,1021.8,1022.1,2025/03/17 09:07:00,1017.4,2025/03/17 16:01:00,12.6,13.7,2025/03/17 00:58:00,12.0,2025/03/17 12:43:00,5.9,64,59,2025/03/17 15:08:00,7.7,50,18.9,60,2025/03/17 02:14:00,0.0,0.0,0.0,--,0.0,--,0.0,0.0,4.88,12.0,2.2,3,2025/03/17 15:00:00,10.0,11.9,13.5,14.3,14.7,16.5,17.1,17.9,10.0,
2025-03-18,18,1020.4,1023.0,1021.9,2025/03/18 11:05:00,1018.6,2025/03/18 00:27:00,14.3,16.4,2025/03/18 11:06:00,12.5,2025/03/18 21:03:00,5.7,57,41,2025/03/18 13:07:00,4.9,60,13.6,60,2025/03/18 16:00:00,0.0,0.0,0.0,--,0.0,--,2.3,19.2,9.05,19.0,3.1,5,2025/03/18 11:00:00,7.5,12.7,13.9,14.5,14.6,15.8,16.7,17.7,7.6,
2025-03-19,19,1022.3,1024.9,1024.2,2025/03/19 09:32:00,1020.8,2025/03/19 14:45:00,15.3,18.7,2025/03/19 12:23:00,12.6,2025/03/19 00:24:00,7.5,60,50,2025/03/19 02:39:00,7.3,60,18.7,40,2025/03/19 13:19:00,0.0,0.0,0.0,--,0.0,--,9.5,78.9,23.29,13.0,5.1,10,2025/03/19 12:00:00,3.8,13.3,14.3,14.9,14.9,15.7,16.5,17.7,5.0,
2025-03-20,20,1022.2,1024.8,1024.3,2025/03/20 08:02:00,1020.5,2025/03/20 17:23:00,15.6,19.4,2025/03/20 11:52:00,12.3,2025/03/20 04:54:00,7.6,59,39,2025/03/20 09:41:00,5.5,60,16.8,40,2025/03/20 12:43:00,0.0,0.0,0.0,--,0.0,--,11.3,93.7,25.54,19.3,5.1,10,2025/03/20 13:00:00,0.3,13.8,14.8,15.5,15.6,16.1,16.6,17.7,2.3,
2025-03-21,21,1020.0,1022.6,1022.5,2025/03/21 08:28:00,1017.7,2025/03/21 15:30:00,16.6,22.0,2025/03/21 10:14:00,10.4,2025/03/21 05:37:00,7.6,58,23,2025/03/21 10:11:00,3.9,40,13.5,40,2025/03/21 13:16:00,0.0,0.0,0.0,--,0.0,--,11.3,93.5,25.72,32.5,5.2,10,2025/03/21 13:00:00,0.0,14.5,15.3,16.0,16.0,16.4,16.7,17.7,2.4,
2025-03-22,22,1017.8,1020.3,1020.4,2025/03/22 07:28:00,1015.8,2025/03/22 17:05:00,16.5,21.8,2025/03/22 13:57:00,9.9,2025/03/22 04:26:00,10.5,69,41,2025/03/22 14:52:00,2.1,40,7.9,40,2025/03/22 16:22:00,0.0,0.0,0.0,--,0.0,--,11.6,96.1,26.26,30.0,3.8,10,2025/03/22 13:00:00,0.0,15.3,16.0,16.6,16.7,16.8,16.9,17.8,2.5,
2025-03-23,23,1014.7,1017.3,1017.6,2025/03/23 07:54:00,1012.4,2025/03/23 15:06:00,19.0,23.0,2025/03/23 12:41:00,13.7,2025/03/23 00:29:00,13.4,70,42,2025/03/23 14:29:00,2.2,220,5.4,310,2025/03/23 14:49:00,0.0,0.0,0.0,--,0.0,--,11.2,92.3,24.57,23.0,4.8,9,2025/03/23 13:00:00,0.0,17.2,17.5,18.0,17.9,17.6,17.3,17.8,2.3,
2025-03-24,24,1010.2,1012.8,1012.7,2025/03/24 00:01:00,1008.3,2025/03/24 15:59:00,21.1,24.4,2025/03/24 12:22:00,16.6,2025/03/24 00:19:00,16.0,73,54,2025/03/24 09:30:00,4.2,250,11.0,260,2025/03/24 13:58:00,0.0,0.0,0.0,--,0.0,--,10.9,89.6,23.78,19.3,3.3,9,2025/03/24 13:00:00,0.0,18.7,18.7,19.1,19.0,18.4,17.8,18.0,2.3,
2025-03-25,25,1006.6,1009.1,1009.0,2025/03/25 00:01:00,1004.3,2025/03/25 17:12:00,22.5,25.2,2025/03/25 12:01:00,19.4,2025/03/25 05:17:00,18.9,80,70,2025/03/25 08:55:00,4.5,200,12.3,250,2025/03/25 13:46:00,0.0,0.0,0.0,--,0.0,--,11.1,91.1,24.04,19.3,3.5,10,2025/03/25 12:00:00,1.0,20.3,20.1,20.4,20.3,19.3,18.5,18.3,2.9,
2025-03-26,26,1004.7,1007.2,1006.5,2025/03/26 09:50:00,1002.7,2025/03/26 15:50:00,23.8,26.2,2025/03/26 11:14:00,20.6,2025/03/26 05:58:00,20.9,84,75,2025/03/26 08:14:00,5.9,230,14.4,220,2025/03/26 09:23:00,0.0,0.0,0.0,--,0.0,--,5.7,46.7,19.04,15.0,3.4,9,2025/03/26 12:00:00,7.8,21.5,21.3,21.5,21.2,20.2,19.2,18.6,5.3,
2025-03-27,27,1003.2,1005.7,1005.2,2025/03/27 23:30:00,1000.9,2025/03/27 15:30:00,25.3,27.3,2025/03/27 12:06:00,24.1,2025/03/27 04:44:00,21.9,82,75,2025/03/27 20:33:00,9.9,250,20.4,240,2025/03/27 17:17:00,0.0,0.0,0.0,--,0.0,--,7.4,60.5,23.03,14.0,-8.0,11,2025/03/27 13:00:00,6.0,22.8,22.7,23.0,22.7,21.2,20.0,18.9,8.2,
2025-03-28,28,1012.2,1014.8,1016.9,2025/03/28 23:59:00,1004.9,2025/03/28 00:22:00,17.5,25.8,2025/03/28 00:38:00,14.7,2025/03/28 23:46:00,14.9,85,69,2025/03/28 00:29:00,9.5,50,21.3,60,2025/03/28 20:33:00,T,8.3,T,2025/03/28 05:02:00,T,2025/03/28 05:02:00,0.0,0.0,2.38,10.0,-1.4,2,2025/03/28 13:00:00,10.0,18.3,20.2,20.9,21.2,21.4,20.6,19.4,9.3,
2025-03-29,29,1017.6,1020.2,1019.5,2025/03/29 23:48:00,1016.2,2025/03/29 04:13:00,14.4,15.6,2025/03/29 10:16:00,13.2,2025/03/29 04:58:00,11.7,84,76,2025/03/29 17:27:00,10.7,50,20.8,60,2025/03/29 19:19:00,0.5,8.7,0.5,2025/03/29 03:26:00,0.5,2025/03/29 03:26:00,0.0,0.0,2.2,19.0,-0.8,1,2025/03/29 11:00:00,10.0,15.1,16.7,17.6,17.9,19.4,19.8,19.7,9.3,
2025-03-30,30,1019.4,1022.0,1020.8,2025/03/30 10:09:00,1018.0,2025/03/30 23:50:00,13.1,14.1,2025/03/30 00:01:00,12.3,2025/03/30 16:15:00,12.0,93,88,2025/03/30 18:17:00,10.6,50,21.9,40,2025/03/30 13:55:00,34.5,23.9,2.0,2025/03/30 04:29:00,6.5,2025/03/30 03:46:00,0.0,0.0,1.47,6.8,/,1,2025/03/30 13:00:00,10.0,14.0,15.3,16.0,16.4,18.0,18.8,19.6,10.0,
2025-03-31,31,1016.5,1019.1,1018.3,2025/03/31 00:02:00,1014.3,2025/03/31 16:21:00,14.4,15.6,2025/03/31 09:30:00,13.5,2025/03/31 20:16:00,13.4,94,90,2025/03/31 18:09:00,8.3,50,18.3,40,2025/03/31 04:59:00,40.5,22.3,2.0,2025/03/31 04:15:00,7.0,2025/03/31 19:15:00,0.0,0.0,0.93,6.5,/,1,2025/03/31 11:00:00,10.0,14.6,15.2,15.7,15.9,17.1,17.6,18.2,10.0,
2025-04-01,1,1015.8,1018.4,1016.9,2025/04/01 08:14:00,1013.7,2025/04/01 03:18:00,14.3,15.3,2025/04/01 23:58:00,13.7,2025/04/01 01:23:00,12.2,88,69,2025/04/01 23:54:00,5.8,50,14.9,40,2025/04/01 06:30:00,11.0,13.2,1.0,2025/04/01 00:30:00,2.0,2025/04/01 05:49:00,0.0,0.0,2.09,10.8,-0.6,1,2025/04/01 12:00:00,10.0,14.3,15.0,15.5,15.7,16.8,17.0,17.6,10.0,
2025-04-02,2,1016.7,1019.3,1018.8,2025/04/02 10:04:00,1015.3,2025/04/02 23:58:00,15.8,18.4,2025/04/02 12:49:00,14.0,2025/04/02 03:30:00,9.2,65,52,2025/04/02 13:19:00,6.3,50,13.0,50,2025/04/02 07:52:00,0.0,0.0,0.0,--,0.0,--,4.7,38.0,17.31,17.0,4.1,9,2025/04/02 13:00:00,6.8,14.1,15.2,15.9,16.0,16.6,16.9,17.6,7.7,
2025-04-03,3,1015.3,1017.9,1016.8,2025/04/03 09:43:00,1014.4,2025/04/03 03:23:00,19.5,23.5,2025/04/03 12:35:00,15.8,2025/04/03 00:01:00,11.4,60,39,2025/04/03 11:29:00,6.6,60,16.3,50,2025/04/03 13:06:00,0.0,0.0,0.0,--,0.0,--,7.1,57.2,21.55,18.0,5.0,10,2025/04/03 13:00:00,6.5,16.0,16.5,17.1,17.0,17.0,17.1,17.8,6.5,
2025-04-04,4,1013.3,1015.9,1015.4,2025/04/04 00:03:00,1011.0,2025/04/04 15:18:00,21.4,27.1,2025/04/04 15:27:00,15.7,2025/04/04 05:01:00,14.2,64,46,2025/04/04 15:33:00,2.9,110,7.7,100,2025/04/04 17:25:00,0.0,0.0,0.0,--,0.0,--,7.0,56.5,21.87,17.0,-3.9,9,2025/04/04 13:00:00,5.8,18.0,18.2,18.6,18.3,17.8,17.6,18.1,7.0,
2025-04-05,5,1013.2,1015.8,1015.3,2025/04/05 09:26:00,1011.7,2025/04/05 02:48:00,18.0,20.7,2025/04/05 00:24:00,16.2,2025/04/05 23:06:00,16.3,90,70,2025/04/05 00:23:00,2.9,210,8.6,310,2025/04/05 07:59:00,9.0,10.9,1.5,2025/04/05 07:56:00,2.5,2025/04/05 07:56:00,0.0,0.0,1.99,10.5,0.0,2,2025/04/05 13:00:00,10.0,18.0,18.5,18.9,18.9,18.8,18.4,18.5,10.0,
2025-04-06,6,1013.6,1016.2,1015.1,2025/04/06 10:18:00,1012.2,2025/04/06 02:05:00,18.6,21.7,2025/04/06 15:12:00,16.1,2025/04/06 04:08:00,15.6,83,56,2025/04/06 23:47:00,3.9,70,11.6,60,2025/04/06 23:53:00,3.0,3.0,0.5,2025/04/06 00:13:00,1.5,2025/04/06 04:01:00,1.2,9.6,8.6,19.0,4.0,4,2025/04/06 15:00:00,8.8,17.5,18.0,18.4,18.4,18.5,18.4,18.7,9.4,
2025-04-07,7,1013.5,1016.0,1015.5,2025/04/07 09:39:00,1011.7,2025/04/07 15:26:00,22.5,27.1,2025/04/07 13:12:00,19.6,2025/04/07 00:02:00,15.4,65,51,2025/04/07 12:41:00,3.9,70,12.9,80,2025/04/07 01:20:00,T,0.1,T,2025/04/07 09:01:00,T,2025/04/07 09:01:00,2.8,22.4,13.44,21.3,-2.5,8,2025/04/07 13:00:00,7.5,18.5,18.8,19.1,18.8,18.6,18.5,18.6,8.3,
2025-04-08,8,1013.5,1016.0,1016.1,2025/04/08 08:14:00,1011.6,2025/04/08 16:28:00,21.6,24.0,2025/04/08 10:29:00,20.4,2025/04/08 05:05:00,19.8,90,75,2025/04/08 10:33:00,1.9,310,6.7,280,2025/04/08 04:10:00,0.0,0.0,0.0,--,0.0,--,3.4,27.1,16.32,12.0,2.6,7,2025/04/08 11:00:00,8.5,20.4,20.5,20.6,20.5,19.6,19.0,18.8,9.4,
2025-04-09,9,1009.8,1012.3,1012.4,2025/04/09 00:29:00,1007.1,2025/04/09 15:53:00,23.0,25.8,2025/04/09 12:52:00,20.1,2025/04/09 06:03:00,20.3,85,67,2025/04/09 12:46:00,2.0,290,10.7,330,2025/04/09 23:30:00,T,0.5,T,2025/04/09 22:01:00,T,2025/04/09 22:01:00,6.0,47.8,20.07,10.0,-3.1,9,2025/04/09 13:00:00,6.0,21.5,21.5,21.7,21.5,20.4,19.5,19.0,9.2,
2025-04-10,10,1006.7,1009.2,1008.1,2025/04/10 00:05:00,1004.9,2025/04/10 05:53:00,20.8,22.7,2025/04/10 09:18:00,19.0,2025/04/10 23:49:00,19.8,94,85,2025/04/10 15:32:00,2.1,120,16.1,250,2025/04/10 09:19:00,53.5,10.7,6.5,2025/04/10 07:55:00,22.5,2025/04/10 07:54:00,0.2,1.6,4.66,8.3,-1.3,3,2025/04/10 15:00:00,10.0,20.9,21.2,21.5,21.5,21.0,20.1,19.3,8.3,
2025-04-11,11,1007.4,1009.9,1009.3,2025/04/11 07:39:00,1006.2,2025/04/11 15:02:00,23.4,27.0,2025/04/11 09:48:00,18.1,2025/04/11 04:02:00,20.8,86,68,2025/04/11 09:48:00,1.5,300,5.9,340,2025/04/11 10:36:00,T,0.2,T,2025/04/11 21:10:00,T,2025/04/11 21:10:00,10.8,85.9,24.27,11.0,-4.1,10,2025/04/11 12:00:00,1.8,21.5,21.5,21.8,21.5,20.7,20.2,19.5,5.5,
2025-04-12,12,1004.9,1007.4,1011.7,2025/04/12 23:29:00,1001.5,2025/04/12 15:42:00,25.6,29.1,2025/04/12 15:26:00,18.3,2025/04/12 23:20:00,21.3,78,61,2025/04/12 15:33:00,8.1,230,21.6,320,2025/04/12 21:06:00,72.5,4.7,16.0,2025/04/12 20:59:00,49.5,2025/04/12 20:58:00,1.6,12.7,11.66,18.0,/,8,2025/04/12 13:00:00,10.0,22.9,22.9,23.0,22.7,21.8,20.6,19.6,9.8,
2025-04-13,13,1011.9,1014.5,1014.8,2025/04/13 09:16:00,1009.4,2025/04/13 23:40:00,17.7,20.5,2025/04/13 13:08:00,15.6,2025/04/13 04:04:00,8.1,56,29,2025/04/13 10:52:00,4.6,50,14.4,50,2025/04/13 02:39:00,11.0,4.0,1.5,2025/04/13 00:18:00,5.0,2025/04/13 01:39:00,1.8,14.2,13.37,14.5,3.4,10,2025/04/13 13:00:00,9.0,17.4,19.4,20.4,20.7,21.3,20.7,20.0,10.0,
2025-04-14,14,1008.1,1010.6,1010.0,2025/04/14 08:03:00,1005.6,2025/04/14 18:40:00,21.9,25.3,2025/04/14 14:07:00,16.4,2025/04/14 05:45:00,15.0,65,49,2025/04/14 16:13:00,5.9,240,14.3,240,2025/04/14 11:08:00,0.0,0.0,0.0,--,0.0,--,11.6,91.5,27.29,17.0,5.8,11,2025/04/14 12:00:00,3.3,19.4,19.6,20.1,20.1,20.3,20.1,20.0,4.0,
2025-04-15,15,1010.6,1013.1,1012.5,2025/04/15 09:07:00,1009.2,2025/04/15 01:31:00,22.4,26.6,2025/04/15 13:30:00,17.6,2025/04/15 05:32:00,15.3,65,37,2025/04/15 15:18:00,3.8,40,10.6,250,2025/04/15 00:25:00,0.0,0.0,0.0,--,0.0,--,11.4,89.8,26.89,15.0,6.3,10,2025/04/15 13:00:00,1.5,20.3,20.9,21.2,21.1,20.7,20.3,20.1,3.4,
2025-04-16,16,1010.0,1012.5,1011.5,2025/04/16 09:25:00,1008.3,2025/04/16 16:15:00,22.1,26.1,2025/04/16 12:12:00,16.4,2025/04/16 03:11:00,16.6,72,52,2025/04/16 10:00:00,2.9,250,7.7,240,2025/04/16 17:06:00,0.0,0.0,0.0,--,0.0,--,11.6,91.2,27.04,15.0,5.5,10,2025/04/16 13:00:00,1.0,20.7,21.0,21.4,21.3,21.0,20.5,20.2,2.8,
2025-04-17,17,1008.0,1010.5,1010.3,2025/04/17 08:04:00,1006.2,2025/04/17 16:08:00,23.9,27.0,2025/04/17 15:45:00,19.8,2025/04/17 02:44:00,18.9,74,61,2025/04/17 10:45:00,1.5,160,5.5,330,2025/04/17 13:27:00,0.0,0.0,0.0,--,0.0,--,4.8,37.7,20.63,15.0,2.9,9,2025/04/17 12:00:00,8.5,21.9,22.0,22.3,22.1,21.5,20.8,20.3,9.2,
2025-04-18,18,1008.0,1010.5,1009.8,2025/04/18 10:10:00,1005.9,2025/04/18 02:17:00,25.0,26.9,2025/04/18 09:13:00,23.4,2025/04/18 04:17:00,21.6,82,67,2025/04/18 16:43:00,1.5,300,6.0,300,2025/04/18 10:48:00,T,0.2,T,2025/04/18 15:42:00,T,2025/04/18 15:42:00,0.6,4.7,11.06,14.0,-2.8,5,2025/04/18 14:00:00,9.8,23.3,23.2,23.3,23.1,22.3,21.2,20.4,9.5,
2025-04-19,19,1007.3,1009.8,1010.1,2025/04/19 22:58:00,1004.9,2025/04/19 15:50:00,25.9,28.3,2025/04/19 10:29:00,22.4,2025/04/19 22:43:00,23.1,85,72,2025/04/19 08:43:00,5.2,240,19.6,310,2025/04/19 22:27:00,12.0,1.9,8.5,2025/04/19 22:22:00,11.0,2025/04/19 22:22:00,6.3,49.4,22.1,16.0,-5.3,12,2025/04/19 12:00:00,7.3,24.4,24.1,24.2,23.9,22.7,21.7,20.6,9.0,
2025-04-20,20,1009.0,1011.5,1010.9,2025/04/20 15:58:00,1004.0,2025/04/20 02:19:00,24.2,26.8,2025/04/20 12:27:00,22.3,2025/04/20 01:00:00,22.9,92,84,2025/04/20 02:22:00,3.9,240,11.2,290,2025/04/20 15:07:00,8.5,3.6,1.5,2025/04/20 14:58:00,3.5,2025/04/20 14:52:00,0.0,0.0,8.81,15.0,-0.5,7,2025/04/20 13:00:00,10.0,23.8,23.9,24.0,23.9,23.2,22.3,20.9,9.3,
2025-04-21,21,1009.5,1012.0,1011.8,2025/04/21 07:55:00,1007.4,2025/04/21 23:56:00,25.0,28.6,2025/04/21 11:47:00,21.9,2025/04/21 03:03:00,23.1,89,71,2025/04/21 10:29:00,2.0,250,7.6,230,2025/04/21 11:51:00,T,0.2,T,2025/04/21 07:37:00,T,2025/04/21 07:37:00,5.8,45.2,20.93,12.5,4.5,12,2025/04/21 12:00:00,7.5,24.1,24.1,24.3,24.1,23.2,22.4,21.1,7.6,
2025-04-22,22,1005.7,1008.2,1007.8,2025/04/22 09:07:00,1003.2,2025/04/22 16:16:00,26.6,28.2,2025/04/22 12:27:00,23.2,2025/04/22 03:19:00,23.3,82,72,2025/04/22 07:21:00,8.3,240,18.6,230,2025/04/22 14:04:00,0.0,0.0,0.0,--,0.0,--,11.8,91.7,27.1,18.0,-5.1,12,2025/04/22 12:00:00,4.0,24.5,24.6,24.7,24.5,23.7,22.7,21.4,3.9,
2025-04-23,23,1006.9,1009.4,1009.8,2025/04/23 08:30:00,1004.6,2025/04/23 04:14:00,24.2,27.4,2025/04/23 13:40:00,21.7,2025/04/23 09:05:00,21.9,87,76,2025/04/23 11:37:00,5.0,240,17.9,310,2025/04/23 06:40:00,22.0,3.8,9.0,2025/04/23 08:21:00,14.5,2025/04/23 08:18:00,0.5,3.9,8.39,20.3,-2.2,8,2025/04/23 14:00:00,9.3,23.7,24.1,24.4,24.2,23.9,23.0,21.6,9.4,
2025-04-24,24,1007.6,1010.1,1009.2,2025/04/24 09:21:00,1005.5,2025/04/24 15:44:00,22.9,24.7,2025/04/24 22:34:00,21.6,2025/04/24 02:25:00,21.6,92,88,2025/04/24 08:45:00,2.0,60,6.1,60,2025/04/24 01:23:00,T,2.4,T,2025/04/24 01:10:00,T,2025/04/24 01:10:00,0.0,0.0,3.18,12.0,/,2,2025/04/24 12:00:00,10.0,22.9,23.3,23.7,23.7,23.5,22.9,21.8,9.5,
2025-04-25,25,1011.1,1013.7,1013.8,2025/04/25 21:54:00,1007.4,2025/04/25 02:59:00,20.9,24.5,2025/04/25 00:38:00,19.0,2025/04/25 19:13:00,19.5,92,83,2025/04/25 22:26:00,6.1,60,14.3,40,2025/04/25 15:19:00,18.0,14.8,2.5,2025/04/25 07:34:00,8.5,2025/04/25 06:52:00,0.0,0.0,2.49,6.8,-0.2,2,2025/04/25 12:00:00,10.0,21.5,22.4,23.0,23.0,23.2,22.8,22.0,10.0,
2025-04-26,26,1013.4,1015.9,1014.8,2025/04/26 11:04:00,1011.6,2025/04/26 04:19:00,19.9,20.8,2025/04/26 10:03:00,18.9,2025/04/26 03:54:00,18.3,90,83,2025/04/26 00:36:00,6.0,60,12.8,60,2025/04/26 01:58:00,3.5,7.9,0.5,2025/04/26 03:45:00,2.0,2025/04/26 13:26:00,0.0,0.0,3.45,13.5,-0.4,2,2025/04/26 11:00:00,10.0,20.2,21.0,21.6,21.7,22.3,22.2,22.0,10.0,
2025-04-27,27,1010.5,1013.0,1012.9,2025/04/27 00:01:00,1008.3,2025/04/27 16:25:00,22.5,26.0,2025/04/27 12:09:00,19.3,2025/04/27 05:14:00,20.8,90,82,2025/04/27 08:49:00,2.2,330,8.6,330,2025/04/27 12:46:00,0.0,0.0,0.0,--,0.0,--,3.5,27.0,16.21,14.0,-0.4,9,2025/04/27 13:00:00,7.5,21.8,21.9,22.2,22.1,22.0,21.9,21.9,7.5,
2025-04-28,28,1010.0,1012.5,1011.9,2025/04/28 21:59:00,1007.4,2025/04/28 02:28:00,22.7,25.3,2025/04/28 14:04:00,21.2,2025/04/28 23:38:00,18.6,79,46,2025/04/28 23:53:00,4.0,320,11.7,60,2025/04/28 16:26:00,13.0,4.7,2.0,2025/04/28 05:10:00,6.0,2025/04/28 06:08:00,2.0,15.4,11.76,13.0,3.9,7,2025/04/28 14:00:00,8.8,22.0,22.4,22.8,22.8,22.5,22.1,21.9,8.5,
2025-04-29,29,1011.2,1013.7,1012.7,2025/04/29 08:05:00,1009.3,2025/04/29 16:14:00,22.0,25.0,2025/04/29 10:11:00,18.9,2025/04/29 23:55:00,15.2,66,46,2025/04/29 00:02:00,5.4,60,13.9,50,2025/04/29 13:08:00,0.0,0.0,0.0,--,0.0,--,12.2,93.7,28.17,17.0,5.3,11,2025/04/29 12:00:00,2.3,20.8,21.7,22.3,22.4,22.4,22.0,21.9,2.6,
2025-04-30,30,1010.5,1013.0,1012.3,2025/04/30 09:19:00,1008.7,2025/04/30 16:42:00,22.9,26.7,2025/04/30 11:51:00,17.0,2025/04/30 04:40:00,19.3,81,68,2025/04/30 09:58:00,1.7,200,6.9,230,2025/04/30 10:22:00,0.0,0.0,0.0,--,0.0,--,10.6,81.3,26.34,14.0,3.9,10,2025/04/30 12:00:00,3.0,21.9,22.1,22.4,22.5,22.3,21.9,21.8,3.4,
2025-05-01,1,1009.8,1012.3,1011.2,2025/05/01 22:31:00,1007.7,2025/05/01 16:08:00,24.5,26.8,2025/05/01 16:07:00,21.8,2025/05/01 23:57:00,20.9,81,67,2025/05/01 15:51:00,4.6,260,12.0,250,2025/05/01 09:32:00,0.0,0.0,0.0,--,0.0,--,1.7,13.0,11.62,16.0,2.5,6,2025/05/01 12:00:00,9.5,22.8,23.0,23.3,23.1,22.8,22.2,21.8,10.0,
2025-05-02,2,1008.5,1011.0,1010.6,2025/05/02 00:01:00,1006.2,2025/05/02 15:34:00,25.9,31.1,2025/05/02 12:54:00,20.3,2025/05/02 05:47:00,20.6,75,46,2025/05/02 17:05:00,3.2,80,11.4,70,2025/05/02 08:32:00,0.0,0.0,0.0,--,0.0,--,11.9,91.0,28.3,19.0,5.7,11,2025/05/02 12:00:00,1.5,23.4,23.5,23.7,23.5,22.9,22.4,21.8,3.6,
2025-05-03,3,1008.2,1010.7,1010.5,2025/05/03 08:16:00,1006.1,2025/05/03 16:52:00,25.8,28.8,2025/05/03 15:06:00,23.5,2025/05/03 04:09:00,21.7,79,54,2025/05/03 14:53:00,2.1,240,8.1,240,2025/05/03 02:16:00,0.0,0.0,0.0,--,0.0,--,1.4,10.7,14.49,15.0,-2.1,6,2025/05/03 14:00:00,8.3,24.2,24.2,24.4,24.3,23.6,22.8,22.0,9.5,
2025-05-04,4,1007.6,1010.1,1008.8,2025/05/04 09:47:00,1006.2,2025/05/04 16:48:00,24.9,26.8,2025/05/04 07:59:00,23.6,2025/05/04 05:10:00,22.2,85,74,2025/05/04 00:01:00,4.5,50,16.0,50,2025/05/04 10:48:00,T,0.8,T,2025/05/04 00:19:00,T,2025/05/04 00:19:00,1.9,14.5,17.43,13.0,-2.8,9,2025/05/04 12:00:00,8.8,24.1,24.4,24.6,24.5,23.9,23.1,22.2,9.9,
2025-05-05,5,1005.1,1007.6,1007.7,2025/05/05 00:01:00,1002.9,2025/05/05 18:14:00,25.2,26.7,2025/05/05 14:55:00,23.8,2025/05/05 03:17:00,23.4,90,81,2025/05/05 12:53:00,3.9,250,12.4,230,2025/05/05 19:23:00,T,0.5,T,2025/05/05 00:01:00,T,2025/05/05 00:01:00,0.6,4.6,12.29,12.5,2.5,7,2025/05/05 13:00:00,9.8,24.4,24.4,24.6,24.5,24.0,23.3,22.3,9.0,
2025-05-06,6,1005.5,1008.0,1007.2,2025/05/06 20:49:00,1003.9,2025/05/06 03:19:00,26.7,28.3,2025/05/06 12:49:00,25.9,2025/05/06 02:06:00,23.3,82,70,2025/05/06 17:32:00,4.7,250,12.3,240,2025/05/06 02:45:00,T,0.1,T,2025/05/06 23:23:00,T,2025/05/06 23:23:00,3.8,28.9,18.71,13.0,-3.6,9,2025/05/06 14:00:00,7.8,25.0,25.2,25.4,25.1,24.3,23.5,22.5,9.3,
2025-05-07,7,1007.4,1009.9,1009.2,2025/05/07 09:29:00,1004.8,2025/05/07 03:45:00,21.3,26.1,2025/05/07 00:43:00,19.0,2025/05/07 11:28:00,19.1,88,70,2025/05/07 01:43:00,4.7,100,13.1,60,2025/05/07 08:54:00,54.5,11.7,4.5,2025/05/07 13:03:00,17.5,2025/05/07 13:42:00,0.0,0.0,3.33,11.0,/,2,2025/05/07 10:00:00,10.0,21.5,22.8,23.7,23.8,24.3,23.8,22.8,10.0,
2025-05-08,8,1007.0,1009.5,1008.4,2025/05/08 07:46:00,1005.3,2025/05/08 16:13:00,25.7,29.7,2025/05/08 12:25:00,21.9,2025/05/08 04:57:00,21.8,79,63,2025/05/08 10:50:00,2.1,130,6.4,280,2025/05/08 13:33:00,T,0.2,T,2025/05/08 03:17:00,T,2025/05/08 03:17:00,5.7,43.2,22.41,23.8,3.3,12,2025/05/08 12:00:00,8.3,23.7,23.6,23.8,23.6,23.3,23.1,22.8,9.1,
2025-05-09,9,1005.8,1008.3,1007.5,2025/05/09 19:57:00,1004.1,2025/05/09 15:41:00,27.2,30.6,2025/05/09 13:58:00,23.5,2025/05/09 03:25:00,24.7,87,71,2025/05/09 11:37:00,4.5,240,14.9,250,2025/05/09 13:34:00,0.5,1.3,0.5,2025/05/09 20:51:00,0.5,2025/05/09 20:51:00,5.2,39.4,19.11,14.5,-4.6,11,2025/05/09 12:00:00,8.5,25.6,25.4,25.5,25.2,24.4,23.6,22.8,10.0,
2025-05-10,10,1007.1,1009.6,1008.8,2025/05/10 10:45:00,1005.7,2025/05/10 03:47:00,24.8,27.3,2025/05/10 15:33:00,22.1,2025/05/10 08:09:00,21.7,84,60,2025/05/10 21:39:00,3.3,80,11.5,90,2025/05/10 20:45:00,75.0,5.1,11.5,2025/05/10 07:54:00,44.0,2025/05/10 07:44:00,0.9,6.8,8.65,11.0,-0.2,7,2025/05/10 13:00:00,9.8,24.0,24.8,25.2,25.1,24.9,24.1,23.0,9.9,
2025-05-11,11,1007.9,1010.4,1009.8,2025/05/11 20:58:00,1005.3,2025/05/11 03:54:00,20.8,24.6,2025/05/11 01:26:00,19.2,2025/05/11 18:51:00,18.8,89,69,2025/05/11 03:41:00,4.3,70,13.4,60,2025/05/11 02:08:00,35.0,14.4,2.0,2025/05/11 07:50:00,8.0,2025/05/11 07:50:00,0.0,0.0,3.05,5.0,-0.7,3,2025/05/11 12:00:00,10.0,21.6,22.6,23.4,23.5,24.1,23.8,23.1,10.0,
2025-05-12,12,1008.1,1010.6,1009.7,2025/05/12 22:08:00,1006.8,2025/05/12 15:52:00,23.4,27.2,2025/05/12 12:12:00,19.7,2025/05/12 00:02:00,14.3,57,43,2025/05/12 09:33:00,4.7,70,14.8,70,2025/05/12 09:36:00,0.0,0.0,0.0,--,0.0,--,4.1,30.9,18.97,19.0,4.1,10,2025/05/12 13:00:00,8.3,20.1,21.3,22.2,22.3,22.9,22.8,22.9,9.7,
2025-05-13,13,1010.4,1012.9,1011.8,2025/05/13 22:32:00,1008.7,2025/05/13 01:41:00,24.6,28.4,2025/05/13 15:34:00,20.6,2025/05/13 05:23:00,19.2,72,49,2025/05/13 16:27:00,1.9,150,6.4,110,2025/05/13 00:18:00,0.0,0.0,0.0,--,0.0,--,11.2,84.5,28.14,12.5,4.1,11,2025/05/13 12:00:00,4.3,22.9,23.1,23.4,23.3,23.0,22.9,22.8,4.7,
2025-05-14,14,1011.3,1013.8,1012.9,2025/05/14 08:45:00,1009.9,2025/05/14 16:27:00,25.3,29.1,2025/05/14 13:29:00,20.6,2025/05/14 04:55:00,21.5,80,52,2025/05/14 15:48:00,2.1,40,7.8,40,2025/05/14 15:18:00,0.0,0.0,0.0,--,0.0,--,12.4,93.2,28.87,18.0,6.1,12,2025/05/14 12:00:00,1.3,24.1,24.3,24.7,24.5,23.9,23.4,22.9,2.4,
2025-05-15,15,1010.8,1013.3,1012.3,2025/05/15 08:48:00,1009.4,2025/05/15 16:16:00,26.3,29.9,2025/05/15 12:12:00,21.6,2025/05/15 05:22:00,22.4,80,57,2025/05/15 12:20:00,1.8,40,6.2,330,2025/05/15 12:59:00,0.0,0.0,0.0,--,0.0,--,12.6,94.6,28.87,19.0,6.7,12,2025/05/15 12:00:00,1.5,25.1,25.4,25.7,25.5,24.7,24.0,23.0,2.6,
2025-05-16,16,1009.6,1012.1,1011.1,2025/05/16 00:01:00,1008.2,2025/05/16 16:00:00,27.2,29.7,2025/05/16 12:10:00,23.5,2025/05/16 05:22:00,22.6,77,59,2025/05/16 08:13:00,2.0,280,6.1,280,2025/05/16 12:50:00,0.0,0.0,0.0,--,0.0,--,11.8,88.4,27.33,19.0,6.1,12,2025/05/16 12:00:00,5.0,25.8,26.1,26.3,26.1,25.3,24.5,23.1,4.7,
2025-05-17,17,1009.0,1011.5,1010.3,2025/05/17 10:07:00,1007.1,2025/05/17 16:14:00,27.7,30.2,2025/05/17 11:55:00,25.1,2025/05/17 03:02:00,25.1,86,78,2025/05/17 07:46:00,2.6,260,9.3,260,2025/05/17 11:01:00,0.0,0.0,0.0,--,0.0,--,9.0,67.4,26.04,18.0,5.2,12,2025/05/17 12:00:00,5.0,26.9,26.8,27.0,26.8,25.9,25.0,23.4,5.3,
2025-05-18,18,1008.3,1010.8,1009.4,2025/05/18 22:03:00,1006.6,2025/05/18 15:53:00,27.8,30.3,2025/05/18 10:49:00,26.0,2025/05/18 03:51:00,25.1,85,76,2025/05/18 16:46:00,2.2,280,10.6,250,2025/05/18 10:18:00,0.0,0.0,0.0,--,0.0,--,6.9,51.6,23.81,19.0,-5.4,12,2025/05/18 11:00:00,6.8,27.2,27.3,27.5,27.3,26.4,25.5,23.7,8.1,
2025-05-19,19,1007.2,1009.7,1008.5,2025/05/19 00:01:00,1005.8,2025/05/19 15:22:00,27.6,29.5,2025/05/19 11:45:00,26.4,2025/05/19 23:00:00,24.7,84,74,2025/05/19 11:36:00,2.4,230,7.9,290,2025/05/19 10:48:00,T,0.3,T,2025/05/19 02:17:00,T,2025/05/19 02:17:00,2.0,14.9,16.64,18.3,4.2,7,2025/05/19 12:00:00,8.8,27.2,27.3,27.7,27.5,26.8,25.9,24.0,9.3,
2025-05-20,20,1007.6,1010.1,1009.2,2025/05/20 08:40:00,1006.2,2025/05/20 15:43:00,27.8,30.3,2025/05/20 13:21:00,25.7,2025/05/20 05:18:00,24.2,81,68,2025/05/20 12:40:00,3.1,250,10.0,250,2025/05/20 09:56:00,0.0,0.0,0.0,--,0.0,--,5.5,41.0,21.41,25.0,-4.8,10,2025/05/20 11:00:00,6.3,26.9,27.1,27.4,27.3,26.8,26.0,24.3,8.8,
2025-05-21,21,1006.8,1009.3,1008.5,2025/05/21 09:18:00,1005.1,2025/05/21 16:28:00,28.0,30.4,2025/05/21 13:34:00,25.7,2025/05/21 02:44:00,25.4,86,78,2025/05/21 15:56:00,5.1,250,13.2,280,2025/05/21 14:15:00,T,0.2,T,2025/05/21 05:42:00,T,2025/05/21 05:42:00,3.4,25.3,18.79,25.0,5.1,12,2025/05/21 12:00:00,7.8,27.2,27.2,27.5,27.3,26.8,26.2,24.5,9.7,
2025-05-22,22,1005.2,1007.7,1006.9,2025/05/22 08:33:00,1003.0,2025/05/22 15:07:00,28.1,31.3,2025/05/22 12:13:00,25.9,2025/05/22 05:40:00,25.0,84,70,2025/05/22 08:41:00,3.4,240,9.3,250,2025/05/22 09:59:00,T,0.2,T,2025/05/22 18:26:00,T,2025/05/22 18:26:00,4.4,32.8,20.11,30.0,-4.7,12,2025/05/22 13:00:00,8.8,27.3,27.4,27.7,27.5,27.0,26.3,24.7,8.9,
2025-05-23,23,1003.2,1005.6,1004.7,2025/05/23 21:40:00,1001.5,2025/05/23 16:09:00,28.7,30.7,2025/05/23 10:55:00,25.7,2025/05/23 01:55:00,24.7,80,68,2025/05/23 09:23:00,6.5,240,16.9,240,2025/05/23 13:01:00,0.0,0.0,0.0,--,0.0,--,7.2,53.5,22.99,28.8,-4.2,11,2025/05/23 11:00:00,7.5,26.9,27.2,27.6,27.5,27.1,26.5,24.9,9.0,
2025-05-24,24,1007.5,1010.0,1012.2,2025/05/24 22:43:00,1003.1,2025/05/24 01:57:00,24.3,28.9,2025/05/24 02:35:00,19.9,2025/05/24 23:49:00,22.4,89,74,2025/05/24 02:40:00,6.7,50,17.1,50,2025/05/24 09:05:00,103.5,14.7,17.0,2025/05/24 09:01:00,55.0,2025/05/24 08:45:00,0.0,0.0,2.89,11.5,/,2,2025/05/24 14:00:00,10.0,25.0,25.9,26.6,26.5,26.9,26.3,25.1,10.0,
2025-05-25,25,1012.8,1015.3,1014.3,2025/05/25 22:24:00,1010.3,2025/05/25 03:30:00,20.3,21.3,2025/05/25 06:21:00,18.6,2025/05/25 12:19:00,17.5,84,74,2025/05/25 21:52:00,4.9,70,14.0,50,2025/05/25 09:49:00,4.0,9.2,0.5,2025/05/25 08:12:00,2.0,2025/05/25 11:43:00,0.0,0.0,3.71,10.5,-0.2,3,2025/05/25 13:00:00,10.0,21.4,22.7,23.7,23.9,25.3,25.0,24.9,10.0,
2025-05-26,26,1013.3,1015.8,1014.9,2025/05/26 10:47:00,1012.0,2025/05/26 02:57:00,19.5,21.5,2025/05/26 01:05:00,17.8,2025/05/26 07:10:00,17.6,89,68,2025/05/26 01:04:00,4.8,60,13.3,60,2025/05/26 04:12:00,13.5,12.0,1.5,2025/05/26 15:58:00,4.0,2025/05/26 15:17:00,0.0,0.0,4.64,10.0,/,3,2025/05/26 12:00:00,10.0,20.6,21.6,22.4,22.6,24.0,24.0,24.4,9.7,
2025-05-27,27,1011.4,1013.9,1013.3,2025/05/27 06:13:00,1009.7,2025/05/27 15:21:00,24.2,28.2,2025/05/27 11:32:00,20.0,2025/05/27 04:40:00,21.1,83,68,2025/05/27 11:08:00,5.4,50,15.8,50,2025/05/27 14:33:00,0.0,0.0,0.0,--,0.0,--,8.3,61.5,25.08,25.5,-4.8,11,2025/05/27 13:00:00,8.5,22.7,22.8,23.3,23.2,23.5,23.6,24.0,9.5,
2025-05-28,28,1008.4,1010.9,1011.1,2025/05/28 00:07:00,1007.0,2025/05/28 17:15:00,24.6,28.6,2025/05/28 11:05:00,22.6,2025/05/28 23:48:00,22.0,86,66,2025/05/28 11:08:00,1.9,90,7.0,100,2025/05/28 09:25:00,6.0,10.8,0.5,2025/05/28 01:32:00,2.5,2025/05/28 21:53:00,0.1,0.7,9.7,27.8,/,6,2025/05/28 11:00:00,9.8,23.9,24.1,24.5,24.4,24.3,24.2,24.3,10.0,
2025-05-29,29,1008.3,1010.8,1010.0,2025/05/29 22:08:00,1006.7,2025/05/29 02:05:00,22.1,23.7,2025/05/29 09:13:00,21.1,2025/05/29 22:53:00,21.2,95,90,2025/05/29 16:59:00,3.5,40,13.3,50,2025/05/29 11:52:00,52.0,15.5,3.5,2025/05/29 08:36:00,10.0,2025/05/29 07:59:00,0.0,0.0,3.05,9.3,/,2,2025/05/29 11:00:00,10.0,23.1,23.6,24.1,24.1,24.4,24.3,24.2,10.0,
2025-05-30,30,1008.9,1011.4,1011.0,2025/05/30 08:13:00,1006.9,2025/05/30 17:01:00,23.3,26.4,2025/05/30 13:57:00,20.8,2025/05/30 23:20:00,18.9,77,61,2025/05/30 17:39:00,5.0,50,16.2,60,2025/05/30 14:50:00,T,0.4,T,2025/05/30 00:28:00,T,2025/05/30 00:28:00,9.7,71.7,25.9,22.5,/,12,2025/05/30 12:00:00,2.8,22.5,23.2,23.8,23.8,24.0,23.9,24.0,6.0,
2025-05-31,31,1005.9,1008.4,1008.1,2025/05/31 06:54:00,1003.2,2025/05/31 17:59:00,25.8,29.8,2025/05/31 10:58:00,20.7,2025/05/31 00:01:00,21.1,75,58,2025/05/31 10:39:00,1.8,40,6.4,340,2025/05/31 12:55:00,0.0,0.0,0.0,--,0.0,--,9.1,67.2,25.84,19.0,/,12,2025/05/31 12:00:00,7.0,24.0,24.2,24.4,24.3,24.2,24.0,24.0,6.9,
2025-06-01,1,1001.8,1004.3,1003.8,2025/06/01 00:01:00,999.8,2025/06/01 16:28:00,27.2,30.5,2025/06/01 11:15:00,24.2,2025/06/01 03:26:00,23.7,82,58,2025/06/01 12:21:00,1.7,230,5.3,290,2025/06/01 13:52:00,T,0.2,T,2025/06/01 22:09:00,T,2025/06/01 22:09:00,7.9,58.3,23.78,14.0,/,12,2025/06/01 12:00:00,8.8,25.9,25.7,25.9,25.8,25.1,24.5,24.0,9.3,
2025-06-02,2,999.0,1001.4,1000.8,2025/06/02 00:01:00,997.1,2025/06/02 17:17:00,28.5,30.2,2025/06/02 13:01:00,26.5,2025/06/02 02:13:00,25.9,86,78,2025/06/02 12:54:00,8.3,240,19.3,240,2025/06/02 19:36:00,0.0,0.0,0.0,--,0.0,--,10.8,79.6,28.16,18.0,/,14,2025/06/02 12:00:00,4.5,26.8,26.7,26.9,26.7,25.9,25.1,24.1,7.2,
2025-06-03,3,1001.7,1004.2,1005.1,2025/06/03 22:30:00,998.0,2025/06/03 01:18:00,25.6,29.2,2025/06/03 07:46:00,22.8,2025/06/03 19:48:00,23.7,90,81,2025/06/03 07:41:00,5.9,240,16.3,230,2025/06/03 00:39:00,11.5,6.7,1.0,2025/06/03 10:25:00,5.0,2025/06/03 11:59:00,0.9,6.6,4.34,11.5,/,1,2025/06/03 15:00:00,9.8,25.6,26.1,26.5,26.4,26.2,25.6,24.4,10.0,
2025-06-04,4,1006.0,1008.5,1007.8,2025/06/04 21:30:00,1004.2,2025/06/04 01:10:00,23.4,24.0,2025/06/04 21:44:00,22.7,2025/06/04 05:44:00,22.2,93,88,2025/06/04 21:47:00,4.3,50,11.5,60,2025/06/04 13:33:00,9.5,9.1,1.0,2025/06/04 05:26:00,2.5,2025/06/04 05:08:00,0.0,0.0,6.0,11.5,/,4,2025/06/04 11:00:00,10.0,24.0,24.6,25.1,25.1,25.5,25.3,24.6,10.0,
2025-06-05,5,1006.9,1009.4,1008.2,2025/06/05 08:19:00,1005.6,2025/06/05 01:57:00,25.1,28.9,2025/06/05 12:15:00,22.9,2025/06/05 04:23:00,22.9,88,75,2025/06/05 11:47:00,2.9,80,7.9,100,2025/06/05 10:07:00,3.0,2.1,1.0,2025/06/05 03:13:00,1.5,2025/06/05 07:30:00,1.6,11.8,14.52,22.3,/,12,2025/06/05 12:00:00,9.5,24.5,24.8,25.3,25.1,25.1,25.0,24.6,9.7,
2025-06-06,6,1006.0,1008.5,1007.4,2025/06/06 09:29:00,1004.6,2025/06/06 15:27:00,26.8,29.4,2025/06/06 11:51:00,24.4,2025/06/06 00:26:00,24.9,89,77,2025/06/06 15:28:00,1.4,110,5.9,330,2025/06/06 13:12:00,3.5,1.3,2.5,2025/06/06 05:57:00,3.5,2025/06/06 05:49:00,3.9,28.7,21.34,32.5,/,14,2025/06/06 12:00:00,7.5,26.0,25.9,26.2,26.0,25.5,25.1,24.6,9.0,
2025-06-07,7,1005.1,1007.6,1006.1,2025/06/07 00:01:00,1003.9,2025/06/07 16:37:00,28.2,30.6,2025/06/07 12:12:00,25.5,2025/06/07 04:37:00,26.0,88,79,2025/06/07 09:27:00,2.4,240,8.3,280,2025/06/07 11:09:00,0.0,0.0,0.0,--,0.0,--,9.9,72.8,27.13,26.3,/,14,2025/06/07 12:00:00,4.0,26.9,26.9,27.1,26.9,26.1,25.4,24.6,5.2,
2025-06-08,8,1003.9,1006.4,1005.1,2025/06/08 00:01:00,1002.1,2025/06/08 15:32:00,28.4,30.6,2025/06/08 15:14:00,26.6,2025/06/08 00:48:00,26.0,87,77,2025/06/08 15:17:00,3.5,240,10.9,240,2025/06/08 08:51:00,0.0,0.0,0.0,--,0.0,--,7.8,57.3,24.88,40.0,/,13,2025/06/08 13:00:00,6.0,27.4,27.4,27.6,27.4,26.7,26.0,24.7,8.8,
2025-06-09,9,1003.3,1005.7,1004.4,2025/06/09 21:34:00,1001.6,2025/06/09 17:45:00,29.0,30.9,2025/06/09 17:14:00,27.0,2025/06/09 00:53:00,26.2,85,71,2025/06/09 17:12:00,2.0,240,7.2,290,2025/06/09 12:42:00,0.0,0.0,0.0,--,0.0,--,10.1,74.2,26.77,30.0,/,13,2025/06/09 12:00:00,6.0,27.9,27.9,28.1,27.8,27.1,26.3,24.9,9.3,
2025-06-10,10,1002.8,1005.3,1004.4,2025/06/10 22:10:00,1001.1,2025/06/10 16:21:00,28.6,31.6,2025/06/10 11:02:00,25.8,2025/06/10 05:07:00,26.1,87,66,2025/06/10 11:08:00,2.1,320,7.5,340,2025/06/10 12:58:00,0.0,0.0,0.0,--,0.0,--,11.1,81.5,27.82,28.0,/,13,2025/06/10 13:00:00,5.3,27.9,28.1,28.3,28.1,27.4,26.7,25.1,4.9,
2025-06-11,11,1003.5,1005.9,1004.7,2025/06/11 23:36:00,1002.1,2025/06/11 16:36:00,28.8,31.5,2025/06/11 10:50:00,27.2,2025/06/11 05:23:00,26.6,88,75,2025/06/11 08:48:00,2.5,220,8.8,20,2025/06/11 15:53:00,0.0,0.0,0.0,--,0.0,--,7.9,58.0,24.74,16.0,/,12,2025/06/11 13:00:00,6.5,28.4,28.4,28.7,28.4,27.7,27.0,25.4,3.9,
2025-06-12,12,1002.8,1005.2,1005.0,2025/06/12 04:21:00,999.3,2025/06/12 16:22:00,27.7,30.7,2025/06/12 07:30:00,25.7,2025/06/12 22:30:00,24.8,85,64,2025/06/12 09:24:00,3.2,80,15.8,70,2025/06/12 15:13:00,4.0,6.1,1.5,2025/06/12 21:57:00,2.5,2025/06/12 21:46:00,1.2,8.8,8.5,26.5,/,6,2025/06/12 12:00:00,8.5,27.2,27.8,28.2,28.0,27.8,27.3,25.6,9.0,
2025-06-13,13,1004.4,1006.9,1006.2,2025/06/13 21:04:00,1002.5,2025/06/13 01:54:00,27.6,29.8,2025/06/13 13:48:00,25.5,2025/06/13 02:11:00,24.1,81,70,2025/06/13 13:49:00,5.5,220,16.9,220,2025/06/13 12:36:00,0.5,2.2,0.5,2025/06/13 12:20:00,0.5,2025/06/13 11:36:00,1.6,11.7,14.91,21.5,/,10,2025/06/13 14:00:00,9.0,26.7,27.1,27.5,27.3,27.4,27.0,25.8,10.0,
2025-06-14,14,1005.8,1008.3,1007.0,2025/06/14 22:07:00,1004.3,2025/06/14 17:08:00,29.1,31.0,2025/06/14 10:56:00,27.3,2025/06/14 23:22:00,24.7,77,70,2025/06/14 00:23:00,6.7,240,15.9,260,2025/06/14 13:58:00,T,0.3,T,2025/06/14 14:11:00,T,2025/06/14 14:08:00,1.5,11.0,16.6,26.3,/,13,2025/06/14 11:00:00,8.8,26.8,27.0,27.3,27.2,27.1,26.8,25.9,9.9,
2025-06-15,15,1003.6,1006.0,1005.9,2025/06/15 00:01:00,1001.0,2025/06/15 16:45:00,29.5,31.7,2025/06/15 11:45:00,26.1,2025/06/15 03:09:00,24.4,74,65,2025/06/15 15:42:00,7.0,250,20.1,250,2025/06/15 13:19:00,0.0,0.0,0.0,--,0.0,--,12.3,90.1,29.2,31.3,/,14,2025/06/15 12:00:00,5.0,27.1,27.3,27.7,27.4,27.2,26.8,25.9,4.7,
2025-06-16,16,1005.1,1007.5,1007.6,2025/06/16 20:48:00,1002.6,2025/06/16 02:26:00,29.3,31.1,2025/06/16 12:28:00,27.4,2025/06/16 05:34:00,24.8,77,61,2025/06/16 01:26:00,8.8,240,18.5,230,2025/06/16 05:27:00,0.0,0.0,0.0,--,0.0,--,6.8,49.8,24.43,25.3,/,13,2025/06/16 12:00:00,9.0,27.3,27.4,27.8,27.6,27.3,26.9,25.9,10.0,
2025-06-17,17,1008.3,1010.8,1010.1,2025/06/17 10:31:00,1005.8,2025/06/17 00:17:00,27.5,29.4,2025/06/17 08:00:00,24.5,2025/06/17 12:35:00,24.5,84,75,2025/06/17 07:35:00,4.7,240,15.6,260,2025/06/17 12:05:00,1.0,0.7,1.0,2025/06/17 12:31:00,1.0,2025/06/17 12:31:00,2.1,15.4,12.29,24.0,/,6,2025/06/17 15:00:00,9.5,26.8,27.3,27.8,27.6,27.5,27.1,26.0,10.0,
2025-06-18,18,1009.2,1011.7,1010.1,2025/06/18 07:08:00,1008.2,2025/06/18 14:28:00,28.2,31.2,2025/06/18 15:43:00,25.4,2025/06/18 00:24:00,24.4,80,63,2025/06/18 15:54:00,2.0,180,8.3,140,2025/06/18 15:45:00,0.0,0.0,0.0,--,0.0,--,10.4,76.2,27.06,22.5,/,13,2025/06/18 12:00:00,5.5,27.6,27.7,27.9,27.7,27.3,27.0,26.0,7.9,
2025-06-19,19,1009.1,1011.6,1010.4,2025/06/19 22:08:00,1008.2,2025/06/19 16:25:00,28.8,32.6,2025/06/19 11:26:00,25.1,2025/06/19 05:19:00,23.9,75,58,2025/06/19 11:20:00,2.6,30,10.3,20,2025/06/19 14:49:00,0.0,0.0,0.0,--,0.0,--,9.6,70.3,26.58,30.0,/,13,2025/06/19 13:00:00,6.5,27.7,27.9,28.3,28.1,27.7,27.2,26.0,8.4,
2025-06-20,20,1008.4,1010.9,1010.0,2025/06/20 22:23:00,1006.9,2025/06/20 16:23:00,29.0,31.3,2025/06/20 13:36:00,26.4,2025/06/20 03:02:00,25.1,80,66,2025/06/20 16:42:00,2.1,330,6.5,320,2025/06/20 10:48:00,T,0.2,T,2025/06/20 23:45:00,T,2025/06/20 23:45:00,11.5,84.2,27.95,25.0,/,13,2025/06/20 13:00:00,7.0,28.5,28.5,28.9,28.6,28.0,27.4,26.1,8.8,
2025-06-21,21,1007.5,1010.0,1009.5,2025/06/21 00:01:00,1005.6,2025/06/21 17:53:00,28.8,31.4,2025/06/21 11:54:00,26.6,2025/06/21 04:39:00,25.6,83,71,2025/06/21 13:31:00,3.8,220,10.7,260,2025/06/21 11:22:00,0.0,0.0,0.0,--,0.0,--,12.0,87.9,28.71,30.0,/,13,2025/06/21 12:00:00,3.8,28.5,28.8,29.2,28.9,28.4,27.7,26.3,5.0,
2025-06-22,22,1006.2,1008.6,1007.8,2025/06/22 07:23:00,1004.5,2025/06/22 16:16:00,29.1,31.3,2025/06/22 11:04:00,26.7,2025/06/22 23:49:00,24.9,78,68,2025/06/22 13:10:00,5.6,220,13.4,260,2025/06/22 12:47:00,0.0,0.0,0.0,--,0.0,--,11.4,83.5,28.71,35.0,/,13,2025/06/22 13:00:00,7.8,28.5,28.8,29.3,29.1,28.5,27.9,26.4,9.1,
2025-06-23,23,1004.5,1006.9,1005.7,2025/06/23 00:05:00,1002.6,2025/06/23 16:27:00,28.9,31.4,2025/06/23 12:14:00,26.3,2025/06/23 05:32:00,24.5,78,68,2025/06/23 07:29:00,4.9,210,14.3,240,2025/06/23 12:43:00,0.0,0.0,0.0,--,0.0,--,8.9,65.2,24.19,32.5,/,13,2025/06/23 12:00:00,6.8,28.2,28.6,29.1,28.9,28.6,28.0,26.6,7.5,
2025-06-24,24,1005.8,1008.2,1007.8,2025/06/24 22:16:00,1004.1,2025/06/24 02:56:00,29.0,32.0,2025/06/24 14:26:00,26.5,2025/06/24 04:28:00,24.6,77,64,2025/06/24 14:26:00,3.6,240,10.5,220,2025/06/24 09:12:00,0.0,0.0,0.0,--,0.0,--,10.9,79.9,24.84,32.5,/,10,2025/06/24 11:00:00,6.5,28.4,28.6,29.1,28.9,28.5,28.0,26.7,8.5,
2025-06-25,25,1008.0,1010.4,1009.7,2025/06/25 21:52:00,1006.5,2025/06/25 16:05:00,29.2,32.1,2025/06/25 12:57:00,26.5,2025/06/25 05:28:00,25.3,80,67,2025/06/25 12:27:00,2.3,220,7.3,280,2025/06/25 13:10:00,0.0,0.0,0.0,--,0.0,--,12.0,87.9,27.7,32.5,/,12,2025/06/25 13:00:00,6.0,29.0,29.2,29.5,29.2,28.7,28.1,26.8,8.3,
2025-06-26,26,1008.1,1010.6,1009.5,2025/06/26 22:14:00,1006.3,2025/06/26 17:18:00,29.4,32.0,2025/06/26 14:06:00,26.3,2025/06/26 04:43:00,25.1,78,62,2025/06/26 17:53:00,1.5,330,5.9,330,2025/06/26 11:31:00,0.0,0.0,0.0,--,0.0,--,10.3,75.5,25.5,35.0,/,12,2025/06/26 12:00:00,6.5,29.2,29.5,29.9,29.6,29.0,28.3,26.9,5.1,
2025-06-27,27,1007.0,1009.5,1008.1,2025/06/27 09:02:00,1005.7,2025/06/27 18:04:00,28.3,32.0,2025/06/27 11:01:00,25.4,2025/06/27 23:49:00,23.6,76,61,2025/06/27 11:04:00,1.9,130,6.8,140,2025/06/27 16:24:00,T,0.6,T,2025/06/27 16:35:00,T,2025/06/27 16:35:00,8.6,63.1,22.05,26.5,/,12,2025/06/27 12:00:00,4.8,28.7,29.3,29.8,29.6,29.2,28.5,27.0,3.5,
2025-06-28,28,1005.5,1007.9,1007.7,2025/06/28 00:01:00,1003.4,2025/06/28 16:51:00,28.8,32.1,2025/06/28 13:05:00,24.7,2025/06/28 05:01:00,23.9,75,62,2025/06/28 09:22:00,2.1,40,7.3,20,2025/06/28 14:45:00,0.0,0.0,0.0,--,0.0,--,10.3,75.6,26.3,21.8,/,12,2025/06/28 13:00:00,6.3,28.8,28.9,29.4,29.2,29.0,28.5,27.1,4.7,
2025-06-29,29,1003.7,1006.2,1005.1,2025/06/29 00:01:00,1001.7,2025/06/29 15:45:00,28.2,31.7,2025/06/29 12:57:00,25.2,2025/06/29 20:00:00,25.7,87,71,2025/06/29 10:40:00,2.3,320,9.3,200,2025/06/29 18:48:00,7.5,1.7,4.5,2025/06/29 19:15:00,5.5,2025/06/29 19:09:00,2.7,19.8,14.13,14.5,/,9,2025/06/29 13:00:00,9.0,28.7,29.1,29.6,29.4,29.2,28.6,27.3,8.7,
2025-06-30,30,1004.8,1007.3,1006.5,2025/06/30 22:26:00,1003.7,2025/06/30 16:05:00,28.9,31.9,2025/06/30 11:39:00,25.2,2025/06/30 01:15:00,25.3,81,69,2025/06/30 09:14:00,2.1,330,6.6,330,2025/06/30 12:08:00,0.0,0.0,0.0,--,0.0,--,11.8,86.6,28.14,19.5,/,12,2025/06/30 12:00:00,5.8,28.5,29.1,29.5,29.3,29.0,28.5,27.3,1.3,
2025-07-01,1,1006.8,1009.2,1007.7,2025/07/01 23:39:00,1005.7,2025/07/01 16:36:00,30.0,33.1,2025/07/01 12:58:00,27.0,2025/07/01 04:27:00,26.2,81,64,2025/07/01 10:58:00,2.0,320,7.4,310,2025/07/01 14:28:00,0.0,0.0,0.0,--,0.0,--,11.5,84.4,27.27,15.0,/,12,2025/07/01 12:00:00,5.5,29.7,30.0,30.4,30.3,29.5,28.8,27.4,1.5,
2025-07-02,2,1005.9,1008.3,1007.8,2025/07/02 07:35:00,1003.8,2025/07/02 16:48:00,31.4,35.8,2025/07/02 13:28:00,27.9,2025/07/02 04:47:00,24.7,69,52,2025/07/02 09:20:00,3.8,80,12.5,40,2025/07/02 16:30:00,0.0,0.0,0.0,--,0.0,--,12.6,92.5,29.52,22.5,/,13,2025/07/02 12:00:00,3.5,30.5,30.6,31.0,31.0,30.0,29.2,27.5,1.6,
2025-07-03,3,1004.2,1006.6,1006.2,2025/07/03 07:29:00,1002.4,2025/07/03 16:42:00,31.0,36.0,2025/07/03 14:22:00,27.2,2025/07/03 05:27:00,23.6,65,44,2025/07/03 15:22:00,4.0,80,11.8,40,2025/07/03 13:06:00,0.0,0.0,0.0,--,0.0,--,12.5,91.9,28.41,18.0,/,12,2025/07/03 13:00:00,2.5,30.3,30.6,31.2,31.1,30.3,29.5,27.7,2.3,
2025-07-04,4,1003.2,1005.6,1004.7,2025/07/04 20:57:00,1001.8,2025/07/04 15:11:00,30.1,33.7,2025/07/04 11:08:00,27.2,2025/07/04 05:23:00,24.0,70,54,2025/07/04 11:09:00,2.7,210,10.2,210,2025/07/04 20:32:00,0.0,0.0,0.0,--,0.0,--,10.6,77.9,27.33,16.0,/,12,2025/07/04 12:00:00,6.3,30.5,30.8,31.4,31.4,30.6,29.7,27.9,4.8,
2025-07-05,5,1003.2,1005.7,1004.7,2025/07/05 08:25:00,1001.6,2025/07/05 17:09:00,29.2,32.1,2025/07/05 12:42:00,26.1,2025/07/05 22:58:00,24.6,76,66,2025/07/05 12:23:00,2.6,330,12.8,230,2025/07/05 21:27:00,T,0.1,T,2025/07/05 21:08:00,T,2025/07/05 21:08:00,3.4,25.0,15.87,20.0,/,12,2025/07/05 13:00:00,8.3,30.3,30.7,31.3,31.3,30.8,29.9,28.1,6.9,
2025-07-06,6,998.6,1001.1,1002.5,2025/07/06 00:01:00,992.2,2025/07/06 23:59:00,28.7,31.8,2025/07/06 10:59:00,26.3,2025/07/06 01:06:00,24.0,76,58,2025/07/06 19:19:00,2.9,70,17.3,100,2025/07/06 20:38:00,0.0,0.0,0.0,--,0.0,--,2.8,20.6,16.27,23.8,/,9,2025/07/06 12:00:00,9.0,29.7,30.1,30.8,30.8,30.5,29.9,28.3,9.3,
2025-07-07,7,996.3,998.7,999.1,2025/07/07 22:25:00,990.2,2025/07/07 02:36:00,27.4,29.8,2025/07/07 19:29:00,24.1,2025/07/07 08:18:00,24.6,85,71,2025/07/07 00:01:00,8.4,230,21.3,230,2025/07/07 07:19:00,56.0,7.5,6.5,2025/07/07 08:13:00,17.5,2025/07/07 07:28:00,0.0,0.0,3.31,16.9,/,2,2025/07/07 15:00:00,10.0,26.8,27.5,28.4,28.8,29.7,29.6,28.4,10.0,
2025-07-08,8,997.4,999.8,1000.3,2025/07/08 22:42:00,994.8,2025/07/08 17:16:00,29.5,32.2,2025/07/08 15:58:00,24.2,2025/07/08 22:52:00,24.4,75,60,2025/07/08 15:24:00,8.8,230,20.0,300,2025/07/08 21:55:00,26.5,3.3,10.5,2025/07/08 22:10:00,19.5,2025/07/08 21:45:00,0.5,3.7,14.55,22.5,/,7,2025/07/08 12:00:00,9.0,27.1,27.7,28.2,28.3,28.6,28.7,28.3,10.0,
2025-07-09,9,998.4,1000.9,999.6,2025/07/09 02:16:00,997.4,2025/07/09 05:39:00,23.8,25.5,2025/07/09 11:46:00,22.7,2025/07/09 03:03:00,22.8,94,87,2025/07/09 11:57:00,3.1,180,15.0,220,2025/07/09 01:44:00,124.5,20.9,7.0,2025/07/09 16:51:00,23.5,2025/07/09 16:02:00,0.0,0.0,3.01,5.4,-1.0,3,2025/07/09 12:00:00,10.0,25.0,25.5,26.3,26.5,27.9,27.7,27.7,10.0,
2025-07-10,10,998.0,1000.5,999.8,2025/07/10 22:34:00,996.5,2025/07/10 03:24:00,25.3,27.3,2025/07/10 13:23:00,23.6,2025/07/10 03:41:00,23.9,92,82,2025/07/10 11:27:00,1.3,130,4.4,140,2025/07/10 02:58:00,2.0,8.6,1.0,2025/07/10 04:23:00,2.0,2025/07/10 04:04:00,0.0,0.0,6.93,20.0,-1.6,4,2025/07/10 13:00:00,10.0,25.7,25.9,26.4,26.4,27.0,27.1,27.2,10.0,
2025-07-11,11,1001.6,1004.1,1004.3,2025/07/11 22:30:00,998.6,2025/07/11 03:16:00,25.8,27.4,2025/07/11 14:49:00,24.3,2025/07/11 05:25:00,24.6,93,85,2025/07/11 15:02:00,1.4,50,4.8,50,2025/07/11 16:59:00,3.0,6.4,0.5,2025/07/11 01:43:00,1.5,2025/07/11 09:30:00,0.0,0.0,5.91,21.3,-0.3,3,2025/07/11 13:00:00,10.0,26.1,26.4,26.8,26.8,27.1,27.2,27.2,10.0,
2025-07-12,12,1004.7,1007.1,1005.8,2025/07/12 10:55:00,1003.0,2025/07/12 02:21:00,27.9,30.3,2025/07/12 10:23:00,24.7,2025/07/12 03:41:00,25.8,89,74,2025/07/12 10:16:00,3.2,220,10.6,260,2025/07/12 13:14:00,0.0,0.0,0.0,--,0.0,--,0.6,4.4,14.53,22.5,/,7,2025/07/12 12:00:00,9.5,26.9,27.0,27.4,27.3,27.3,27.2,27.2,10.0,
2025-07-13,13,1003.4,1005.8,1005.2,2025/07/13 00:16:00,1001.6,2025/07/13 16:31:00,29.1,31.0,2025/07/13 13:22:00,27.2,2025/07/13 00:16:00,26.1,84,74,2025/07/13 19:44:00,6.5,250,15.5,240,2025/07/13 12:49:00,0.0,0.0,0.0,--,0.0,--,9.7,71.8,25.59,20.0,6.7,12,2025/07/13 13:00:00,5.8,27.7,27.9,28.3,28.1,27.8,27.5,27.2,8.1,
2025-07-14,14,1001.3,1003.7,1003.1,2025/07/14 00:01:00,999.3,2025/07/14 16:12:00,28.8,30.3,2025/07/14 15:14:00,27.5,2025/07/14 05:45:00,26.1,85,77,2025/07/14 09:47:00,6.9,240,13.7,240,2025/07/14 17:42:00,T,0.7,T,2025/07/14 10:36:00,T,2025/07/14 10:36:00,2.0,14.8,12.03,18.0,/,4,2025/07/14 15:00:00,9.3,27.4,27.8,28.2,28.2,28.1,27.8,27.2,9.8,
2025-07-15,15,1000.4,1002.8,1002.2,2025/07/15 22:03:00,998.9,2025/07/15 16:04:00,29.8,31.8,2025/07/15 12:36:00,28.3,2025/07/15 23:06:00,25.8,80,65,2025/07/15 10:15:00,6.7,240,15.6,230,2025/07/15 12:18:00,0.0,0.0,0.0,--,0.0,--,11.1,82.3,27.71,19.3,/,11,2025/07/15 13:00:00,6.8,27.8,28.1,28.5,28.5,28.1,27.8,27.3,3.8,
2025-07-16,16,1001.7,1004.1,1002.6,2025/07/16 08:31:00,1000.7,2025/07/16 03:16:00,29.7,31.9,2025/07/16 14:43:00,27.4,2025/07/16 05:34:00,26.2,82,72,2025/07/16 11:27:00,4.5,240,12.6,220,2025/07/16 10:57:00,0.0,0.0,0.0,--,0.0,--,11.8,87.5,28.45,18.3,/,11,2025/07/16 12:00:00,7.8,28.4,28.6,29.1,29.0,28.6,28.1,27.3,7.5,
2025-07-17,17,1001.5,1004.0,1002.9,2025/07/17 10:48:00,999.9,2025/07/17 15:54:00,29.8,32.3,2025/07/17 10:06:00,26.9,2025/07/17 05:00:00,26.1,81,66,2025/07/17 08:56:00,2.1,300,6.7,300,2025/07/17 11:21:00,0.0,0.0,0.0,--,0.0,--,11.3,83.9,26.44,18.3,/,10,2025/07/17 12:00:00,9.8,29.1,29.1,29.6,29.5,28.9,28.4,27.4,9.6,
2025-07-18,18,996.2,998.6,1000.7,2025/07/18 00:01:00,992.4,2025/07/18 17:34:00,30.4,35.2,2025/07/18 12:42:00,26.5,2025/07/18 23:59:00,25.1,75,51,2025/07/18 12:27:00,5.5,80,19.9,80,2025/07/18 18:11:00,0.5,1.2,0.5,2025/07/18 23:59:59,0.5,2025/07/18 23:59:59,9.9,73.6,26.42,23.0,/,11,2025/07/18 13:00:00,6.5,28.6,29.3,30.0,30.0,29.4,28.8,27.5,8.8,
2025-07-19,19,992.0,994.4,995.1,2025/07/19 22:38:00,989.5,2025/07/19 13:00:00,28.5,31.0,2025/07/19 16:16:00,26.4,2025/07/19 00:09:00,24.2,78,67,2025/07/19 14:28:00,8.0,80,25.2,100,2025/07/19 12:42:00,2.0,5.1,0.5,2025/07/19 00:29:00,0.5,2025/07/19 00:29:00,0.7,5.2,8.06,26.5,/,5,2025/07/19 13:00:00,9.8,26.9,27.7,28.5,28.7,29.2,28.9,27.7,10.0,
2025-07-20,20,997.1,999.6,1000.3,2025/07/20 21:33:00,994.4,2025/07/20 00:21:00,28.1,33.3,2025/07/20 12:55:00,26.0,2025/07/20 23:52:00,26.0,89,63,2025/07/20 12:56:00,1.8,180,6.9,140,2025/07/20 10:33:00,13.0,3.6,3.5,2025/07/20 17:10:00,12.0,2025/07/20 16:52:00,0.9,6.7,11.82,11.3,/,10,2025/07/20 13:00:00,9.3,28.5,28.1,28.6,28.5,28.6,28.5,27.8,10.0,
2025-07-21,21,1002.3,1004.8,1003.9,2025/07/21 19:22:00,999.4,2025/07/21 00:40:00,26.3,28.7,2025/07/21 13:04:00,25.0,2025/07/21 03:08:00,25.3,94,85,2025/07/21 15:19:00,1.9,70,6.2,60,2025/07/21 15:16:00,17.0,9.8,3.0,2025/07/21 00:25:00,8.5,2025/07/21 00:13:00,0.0,0.0,5.73,14.3,/,5,2025/07/21 13:00:00,10.0,27.1,27.5,28.1,28.1,28.5,28.4,27.8,10.0,
2025-07-22,22,1001.5,1004.0,1003.1,2025/07/22 00:01:00,999.7,2025/07/22 17:19:00,28.3,32.5,2025/07/22 15:48:00,25.4,2025/07/22 05:41:00,24.5,81,60,2025/07/22 15:55:00,3.4,70,14.1,100,2025/07/22 20:06:00,T,0.1,T,2025/07/22 01:12:00,T,2025/07/22 01:12:00,2.7,20.2,16.51,27.5,/,7,2025/07/22 13:00:00,9.3,27.2,27.6,28.1,28.1,28.2,28.1,27.7,9.2,
2025-07-23,23,999.7,1002.1,1001.0,2025/07/23 08:15:00,998.3,2025/07/23 15:34:00,29.8,34.1,2025/07/23 13:58:00,27.3,2025/07/23 03:09:00,24.3,73,50,2025/07/23 13:15:00,7.9,60,17.8,60,2025/07/23 13:14:00,0.0,0.0,0.0,--,0.0,--,12.2,91.2,28.93,30.0,/,11,2025/07/23 12:00:00,2.8,27.0,27.5,28.2,28.2,28.2,28.1,27.7,2.0,
2025-07-24,24,998.6,1001.0,1000.2,2025/07/24 08:19:00,996.8,2025/07/24 17:10:00,28.6,31.5,2025/07/24 12:08:00,25.6,2025/07/24 21:36:00,25.6,84,73,2025/07/24 12:10:00,7.0,50,18.4,50,2025/07/24 14:10:00,4.0,0.6,4.0,2025/07/24 21:28:00,4.0,2025/07/24 21:28:00,8.6,64.3,25.44,30.0,/,11,2025/07/24 13:00:00,6.8,27.5,27.9,28.6,28.5,28.4,28.1,27.7,7.4,
2025-07-25,25,994.7,997.2,997.5,2025/07/25 00:01:00,992.7,2025/07/25 18:00:00,27.5,30.0,2025/07/25 11:30:00,25.3,2025/07/25 03:46:00,25.9,91,80,2025/07/25 14:00:00,4.3,30,12.5,340,2025/07/25 15:38:00,72.5,7.2,10.0,2025/07/25 06:46:00,22.0,2025/07/25 06:19:00,0.1,0.7,10.53,15.0,/,7,2025/07/25 12:00:00,9.5,27.1,27.4,28.0,28.0,28.3,28.0,27.7,9.8,
2025-07-26,26,995.3,997.7,997.5,2025/07/26 22:35:00,993.4,2025/07/26 03:46:00,29.3,32.1,2025/07/26 13:28:00,26.3,2025/07/26 04:50:00,25.1,79,64,2025/07/26 13:30:00,5.9,230,17.2,240,2025/07/26 13:38:00,4.0,1.2,2.5,2025/07/26 04:36:00,3.0,2025/07/26 03:42:00,7.6,57.0,25.41,30.0,7.8,12,2025/07/26 12:00:00,5.0,27.3,27.6,28.1,28.1,28.1,27.9,27.6,9.1,
2025-07-27,27,995.7,998.1,997.1,2025/07/27 08:32:00,993.8,2025/07/27 15:04:00,28.7,30.8,2025/07/27 07:50:00,25.7,2025/07/27 22:45:00,26.0,85,71,2025/07/27 07:48:00,8.1,230,17.0,240,2025/07/27 12:11:00,13.0,4.3,6.0,2025/07/27 21:04:00,9.0,2025/07/27 20:29:00,1.1,8.3,6.89,23.0,-1.9,3,2025/07/27 12:00:00,9.0,27.3,27.7,28.2,28.1,28.2,28.0,27.6,10.0,
2025-07-28,28,994.2,996.6,995.8,2025/07/28 07:57:00,992.5,2025/07/28 16:50:00,27.5,30.3,2025/07/28 11:37:00,25.4,2025/07/28 00:27:00,25.5,89,79,2025/07/28 11:26:00,4.9,250,16.4,230,2025/07/28 03:04:00,5.5,3.5,2.5,2025/07/28 16:32:00,2.5,2025/07/28 16:32:00,2.3,17.3,16.56,24.5,-0.2,10,2025/07/28 12:00:00,8.3,27.0,27.3,27.8,27.8,27.9,27.8,27.6,9.6,
2025-07-29,29,992.9,995.3,994.3,2025/07/29 08:13:00,991.7,2025/07/29 16:44:00,27.6,29.8,2025/07/29 13:58:00,25.1,2025/07/29 06:23:00,25.7,89,81,2025/07/29 13:00:00,5.1,230,14.1,230,2025/07/29 23:40:00,31.5,4.0,8.0,2025/07/29 08:13:00,11.0,2025/07/29 06:11:00,6.7,50.4,22.48,28.8,-5.7,12,2025/07/29 12:00:00,7.0,27.2,27.4,27.9,27.8,27.9,27.7,27.5,8.1,
2025-07-30,30,992.7,995.1,994.8,2025/07/30 22:57:00,991.2,2025/07/30 16:14:00,29.6,31.7,2025/07/30 13:34:00,27.6,2025/07/30 05:54:00,26.0,81,71,2025/07/30 11:16:00,7.9,230,15.9,230,2025/07/30 09:53:00,0.0,0.0,0.0,--,0.0,--,10.5,79.2,23.84,25.0,/,9,2025/07/30 11:00:00,6.3,27.5,27.7,28.2,28.1,28.0,27.8,27.5,7.0,
2025-07-31,31,995.4,997.8,998.3,2025/07/31 22:09:00,993.2,2025/07/31 02:22:00,29.8,32.7,2025/07/31 13:26:00,27.6,2025/07/31 05:34:00,24.9,75,65,2025/07/31 09:25:00,6.4,230,15.6,230,2025/07/31 11:58:00,0.0,0.0,0.0,--,0.0,--,10.0,75.5,24.84,26.3,/,9,2025/07/31 13:00:00,8.3,27.7,27.9,28.4,28.3,28.2,27.9,27.5,8.7,
2025-08-01,1,998.6,1001.0,1000.9,2025/08/01 21:50:00,996.7,2025/08/01 02:47:00,29.8,32.7,2025/08/01 09:35:00,27.6,2025/08/01 05:25:00,25.6,78,63,2025/08/01 09:09:00,4.9,220,12.7,220,2025/08/01 01:27:00,0.0,0.0,0.0,--,0.0,--,10.0,75.6,27.1,17.0,/,10,2025/08/01 12:00:00,7.3,28.1,28.2,28.6,28.5,28.3,28.0,27.5,6.1,
2025-08-02,2,1000.8,1003.3,1002.0,2025/08/02 22:18:00,999.9,2025/08/02 02:56:00,30.0,32.3,2025/08/02 09:59:00,27.5,2025/08/02 05:48:00,24.7,73,63,2025/08/02 15:55:00,7.4,230,18.3,230,2025/08/02 15:05:00,0.0,0.0,0.0,--,0.0,--,10.6,80.2,27.01,20.3,/,10,2025/08/02 13:00:00,7.3,28.0,28.3,28.8,28.7,28.5,28.2,27.6,8.0,
2025-08-03,3,1001.6,1004.0,1002.9,2025/08/03 09:41:00,1000.3,2025/08/03 14:55:00,29.1,32.5,2025/08/03 12:58:00,27.0,2025/08/03 17:41:00,24.4,76,63,2025/08/03 12:51:00,7.7,230,20.8,230,2025/08/03 16:00:00,0.5,2.9,0.5,2025/08/03 18:14:00,0.5,2025/08/03 18:14:00,1.8,13.6,17.05,26.3,/,7,2025/08/03 13:00:00,8.3,27.5,27.9,28.4,28.4,28.5,28.3,27.6,10.0,
2025-08-04,4,1003.0,1005.4,1005.1,2025/08/04 21:01:00,1001.7,2025/08/04 03:22:00,29.1,33.5,2025/08/04 14:07:00,26.6,2025/08/04 23:59:00,24.1,75,55,2025/08/04 14:11:00,5.9,240,16.5,220,2025/08/04 06:35:00,T,1.3,T,2025/08/04 16:43:00,T,2025/08/04 16:43:00,1.9,14.4,16.15,26.5,/,7,2025/08/04 14:00:00,8.8,27.4,27.6,28.1,28.0,28.2,28.2,27.7,10.0,
2025-08-05,5,1005.4,1007.8,1007.8,2025/08/05 21:35:00,1002.7,2025/08/05 01:54:00,29.0,31.0,2025/08/05 12:35:00,26.5,2025/08/05 00:20:00,24.9,79,72,2025/08/05 07:09:00,4.7,230,13.4,230,2025/08/05 13:06:00,0.0,0.0,0.0,--,0.0,--,0.8,6.1,12.09,19.8,/,8,2025/08/05 13:00:00,9.8,27.5,27.8,28.3,28.1,28.2,28.1,27.7,9.9,
2025-08-06,6,1007.5,1009.9,1009.2,2025/08/06 21:42:00,1006.3,2025/08/06 17:01:00,29.1,31.8,2025/08/06 10:24:00,26.6,2025/08/06 02:45:00,25.2,80,68,2025/08/06 09:49:00,4.0,250,12.4,250,2025/08/06 11:26:00,0.0,0.0,0.0,--,0.0,--,10.2,77.7,26.33,15.0,/,11,2025/08/06 12:00:00,3.8,27.9,28.1,28.5,28.4,28.3,28.1,27.7,3.8,
2025-08-07,7,1007.3,1009.8,1009.0,2025/08/07 09:11:00,1006.0,2025/08/07 17:05:00,29.0,32.8,2025/08/07 13:12:00,25.8,2025/08/07 05:24:00,24.8,79,61,2025/08/07 09:44:00,3.3,250,8.6,280,2025/08/07 14:33:00,0.0,0.0,0.0,--,0.0,--,12.4,94.6,28.39,21.8,/,11,2025/08/07 13:00:00,2.0,28.4,28.7,29.2,29.1,28.6,28.3,27.7,1.4,
2025-08-08,8,1006.3,1008.8,1007.3,2025/08/08 11:09:00,1005.7,2025/08/08 17:11:00,28.9,32.3,2025/08/08 09:20:00,26.1,2025/08/08 04:06:00,24.5,78,61,2025/08/08 09:12:00,3.0,220,9.5,230,2025/08/08 14:15:00,0.0,0.0,0.0,--,0.0,--,10.2,77.9,26.01,19.3,/,10,2025/08/08 13:00:00,8.0,28.9,29.2,29.7,29.6,29.2,28.7,27.8,7.8,
2025-08-09,9,1006.4,1008.8,1007.6,2025/08/09 09:26:00,1005.1,2025/08/09 16:27:00,29.1,31.8,2025/08/09 12:18:00,26.2,2025/08/09 05:20:00,25.5,81,73,2025/08/09 12:18:00,3.8,240,9.7,250,2025/08/09 15:11:00,0.0,0.0,0.0,--,0.0,--,11.2,85.7,25.79,20.0,/,10,2025/08/09 12:00:00,5.5,29.1,29.3,29.9,29.8,29.4,28.9,27.9,3.7,
2025-08-10,10,1005.8,1008.3,1007.2,2025/08/10 09:29:00,1004.8,2025/08/10 16:19:00,29.7,32.1,2025/08/10 11:40:00,28.0,2025/08/10 05:28:00,25.8,80,67,2025/08/10 13:15:00,4.7,220,11.9,240,2025/08/10 10:51:00,0.0,0.0,0.0,--,0.0,--,11.5,88.1,27.49,28.8,/,11,2025/08/10 13:00:00,6.3,29.4,29.9,30.5,30.3,29.8,29.2,28.0,6.7,
2025-08-11,11,1004.9,1007.4,1005.8,2025/08/11 23:48:00,1003.7,2025/08/11 16:07:00,29.3,31.5,2025/08/11 11:30:00,27.8,2025/08/11 05:31:00,25.3,79,70,2025/08/11 13:10:00,5.0,230,12.9,240,2025/08/11 10:41:00,0.0,0.0,0.0,--,0.0,--,10.6,81.4,26.1,30.0,/,11,2025/08/11 12:00:00,5.3,29.4,29.8,30.5,30.4,30.0,29.4,28.2,7.3,
2025-08-12,12,1005.5,1008.0,1006.4,2025/08/12 08:49:00,1004.6,2025/08/12 16:31:00,29.3,31.8,2025/08/12 11:35:00,27.3,2025/08/12 04:24:00,25.3,79,65,2025/08/12 09:45:00,3.1,50,12.9,50,2025/08/12 23:41:00,0.0,0.0,0.0,--,0.0,--,6.4,49.2,19.77,28.8,/,10,2025/08/12 12:00:00,8.0,29.3,29.9,30.5,30.4,30.1,29.5,28.3,6.9,
2025-08-13,13,1000.0,1002.4,1005.3,2025/08/13 00:01:00,993.3,2025/08/13 17:04:00,30.7,34.2,2025/08/13 12:54:00,27.8,2025/08/13 05:47:00,23.1,65,49,2025/08/13 12:51:00,9.0,60,26.4,70,2025/08/13 13:11:00,0.0,0.0,0.0,--,0.0,--,8.8,67.8,24.39,28.8,/,11,2025/08/13 13:00:00,7.0,29.0,29.3,30.2,30.1,30.0,29.5,28.4,6.8,
2025-08-14,14,1007.0,1009.4,1008.8,2025/08/14 21:26:00,1004.2,2025/08/14 00:01:00,30.1,32.7,2025/08/14 11:03:00,26.9,2025/08/14 05:58:00,24.2,71,54,2025/08/14 09:55:00,3.2,330,10.7,20,2025/08/14 01:05:00,0.0,0.0,0.0,--,0.0,--,10.3,79.5,26.65,21.5,/,11,2025/08/14 12:00:00,4.8,29.7,29.9,30.6,30.5,30.0,29.5,28.5,3.7,
2025-08-15,15,1006.3,1008.7,1007.4,2025/08/15 09:15:00,1005.0,2025/08/15 17:04:00,30.0,33.7,2025/08/15 15:56:00,27.0,2025/08/15 05:40:00,23.1,67,49,2025/08/15 15:58:00,4.2,80,15.1,70,2025/08/15 18:09:00,0.0,0.0,0.0,--,0.0,--,9.4,72.6,26.03,21.8,/,10,2025/08/15 13:00:00,7.5,29.6,30.0,30.7,30.7,30.4,29.8,28.6,3.2,
2025-08-16,16,1006.1,1008.5,1008.0,2025/08/16 09:15:00,1004.3,2025/08/16 17:05:00,30.8,36.0,2025/08/16 12:51:00,26.1,2025/08/16 05:52:00,22.3,62,44,2025/08/16 14:14:00,4.3,70,15.1,80,2025/08/16 14:56:00,0.0,0.0,0.0,--,0.0,--,11.7,90.6,26.75,20.3,/,10,2025/08/16 12:00:00,4.5,29.3,30.0,30.8,30.8,30.5,29.9,28.7,0.7,
2025-08-17,17,1008.3,1010.7,1009.9,2025/08/17 21:37:00,1006.3,2025/08/17 00:30:00,29.9,33.0,2025/08/17 15:43:00,26.1,2025/08/17 05:34:00,23.5,69,55,2025/08/17 15:46:00,2.4,40,8.8,10,2025/08/17 14:06:00,0.0,0.0,0.0,--,0.0,--,9.8,76.0,25.65,17.0,/,9,2025/08/17 12:00:00,5.8,30.1,30.4,31.2,31.1,30.7,30.0,28.8,2.0,
2025-08-18,18,1010.3,1012.8,1011.6,2025/08/18 09:12:00,1009.2,2025/08/18 17:16:00,29.1,31.6,2025/08/18 12:44:00,26.7,2025/08/18 04:18:00,24.9,78,67,2025/08/18 11:56:00,2.7,50,8.2,280,2025/08/18 11:44:00,0.0,0.0,0.0,--,0.0,--,10.7,83.1,26.74,16.0,/,10,2025/08/18 13:00:00,4.8,30.2,30.6,31.3,31.3,30.9,30.2,28.9,1.6,
2025-08-19,19,1009.8,1012.3,1010.8,2025/08/19 00:01:00,1008.5,2025/08/19 16:13:00,29.1,31.0,2025/08/19 09:54:00,27.0,2025/08/19 05:25:00,25.3,80,67,2025/08/19 09:59:00,3.4,250,9.0,240,2025/08/19 23:58:00,0.0,0.0,0.0,--,0.0,--,11.4,88.7,26.5,21.5,/,10,2025/08/19 12:00:00,5.8,30.3,30.6,31.4,31.4,31.1,30.4,29.1,4.7,
2025-08-20,20,1008.5,1010.9,1009.4,2025/08/20 00:01:00,1007.2,2025/08/20 03:41:00,28.7,32.1,2025/08/20 09:51:00,25.6,2025/08/20 23:58:00,23.6,74,60,2025/08/20 09:03:00,4.1,220,10.9,250,2025/08/20 13:25:00,0.0,0.0,0.0,--,0.0,--,6.4,49.9,19.81,30.0,/,10,2025/08/20 13:00:00,6.0,29.8,30.3,31.1,31.2,31.1,30.5,29.2,7.1,
2025-08-21,21,1009.0,1011.4,1010.4,2025/08/21 08:29:00,1007.1,2025/08/21 18:28:00,28.7,31.7,2025/08/21 11:02:00,25.1,2025/08/21 02:02:00,23.1,72,56,2025/08/21 07:55:00,3.2,250,10.1,260,2025/08/21 13:52:00,0.0,0.0,0.0,--,0.0,--,11.0,85.9,27.14,30.0,/,10,2025/08/21 12:00:00,3.3,29.4,29.7,30.5,30.5,30.6,30.3,29.3,2.4,
2025-08-22,22,1007.9,1010.4,1009.4,2025/08/22 08:59:00,1006.0,2025/08/22 16:52:00,29.1,32.9,2025/08/22 12:56:00,26.1,2025/08/22 05:09:00,25.1,79,62,2025/08/22 13:00:00,2.1,40,8.5,40,2025/08/22 14:52:00,0.0,0.0,0.0,--,0.0,--,11.6,90.7,25.53,18.5,/,10,2025/08/22 12:00:00,2.0,30.0,30.3,31.1,31.0,30.8,30.3,29.2,0.1,
2025-08-23,23,1007.9,1010.3,1009.4,2025/08/23 23:16:00,1006.4,2025/08/23 17:18:00,28.8,31.8,2025/08/23 13:38:00,26.3,2025/08/23 05:06:00,25.7,83,63,2025/08/23 11:56:00,2.3,320,7.4,300,2025/08/23 13:31:00,0.0,0.0,0.0,--,0.0,--,11.8,92.5,26.79,15.0,/,10,2025/08/23 12:00:00,1.8,30.1,30.5,31.3,31.3,31.0,30.4,29.3,0.1,
2025-08-24,24,1008.5,1011.0,1010.1,2025/08/24 09:03:00,1005.9,2025/08/24 16:39:00,29.3,32.7,2025/08/24 13:43:00,26.6,2025/08/24 05:38:00,26.2,84,66,2025/08/24 12:51:00,2.5,220,8.3,20,2025/08/24 14:59:00,0.0,0.0,0.0,--,0.0,--,11.1,87.2,23.73,23.0,/,9,2025/08/24 13:00:00,6.0,30.3,30.7,31.4,31.4,31.2,30.5,29.4,2.6,
2025-08-25,25,1007.7,1010.2,1009.2,2025/08/25 06:23:00,1004.6,2025/08/25 17:07:00,30.6,36.0,2025/08/25 15:06:00,26.9,2025/08/25 04:09:00,23.9,68,46,2025/08/25 15:09:00,2.8,30,9.2,80,2025/08/25 15:16:00,0.0,0.0,0.0,--,0.0,--,11.1,87.3,26.47,27.5,/,10,2025/08/25 13:00:00,2.5,30.3,30.7,31.6,31.5,31.3,30.6,29.4,1.2,
2025-08-26,26,1007.0,1009.4,1008.7,2025/08/26 01:08:00,1004.5,2025/08/26 16:54:00,30.4,35.0,2025/08/26 15:30:00,27.2,2025/08/26 06:10:00,23.4,67,45,2025/08/26 15:31:00,3.5,20,15.3,60,2025/08/26 14:30:00,0.0,0.0,0.0,--,0.0,--,11.9,93.8,27.27,26.3,/,9,2025/08/26 12:00:00,3.3,30.3,30.7,31.6,31.6,31.4,30.7,29.5,4.6,
2025-08-27,27,1006.3,1008.8,1007.7,2025/08/27 14:51:00,1004.9,2025/08/27 04:17:00,28.2,31.9,2025/08/27 11:39:00,25.1,2025/08/27 15:58:00,23.6,76,61,2025/08/27 08:45:00,2.8,70,9.3,50,2025/08/27 21:19:00,T,1.1,T,2025/08/27 13:32:00,T,2025/08/27 13:32:00,5.6,44.2,16.12,25.0,/,10,2025/08/27 12:00:00,8.0,29.4,30.1,30.9,31.0,31.3,30.8,29.6,8.0,
2025-08-28,28,1006.0,1008.4,1007.0,2025/08/28 22:19:00,1005.0,2025/08/28 03:32:00,28.9,31.9,2025/08/28 13:06:00,25.1,2025/08/28 05:53:00,24.6,77,67,2025/08/28 13:06:00,2.2,320,8.3,300,2025/08/28 13:21:00,0.0,0.0,0.0,--,0.0,--,12.2,96.4,26.07,22.8,/,10,2025/08/28 12:00:00,4.3,29.6,29.8,30.5,30.4,30.6,30.4,29.7,2.9,
2025-08-29,29,1007.7,1010.2,1009.4,2025/08/29 09:01:00,1006.2,2025/08/29 17:01:00,30.3,34.8,2025/08/29 14:10:00,26.9,2025/08/29 05:25:00,23.5,67,52,2025/08/29 13:30:00,2.2,140,7.4,290,2025/08/29 11:47:00,0.0,0.0,0.0,--,0.0,--,10.9,86.4,24.98,17.0,/,9,2025/08/29 12:00:00,5.0,30.2,30.4,31.1,31.0,30.9,30.4,29.6,0.4,
2025-08-30,30,1008.8,1011.2,1010.3,2025/08/30 08:57:00,1006.9,2025/08/30 17:30:00,29.4,32.5,2025/08/30 12:32:00,26.4,2025/08/30 05:55:00,24.5,75,60,2025/08/30 16:36:00,2.1,330,8.7,340,2025/08/30 14:13:00,0.0,0.0,0.0,--,0.0,--,10.8,85.8,25.16,15.0,/,8,2025/08/30 12:00:00,7.3,30.3,30.6,31.3,31.3,31.2,30.6,29.6,4.5,
2025-08-31,31,1007.1,1009.5,1008.6,2025/08/31 09:40:00,1005.0,2025/08/31 16:44:00,29.2,32.3,2025/08/31 12:54:00,26.1,2025/08/31 05:55:00,24.6,76,63,2025/08/31 12:44:00,2.0,230,6.7,300,2025/08/31 12:50:00,0.0,0.0,0.0,--,0.0,--,10.4,82.7,25.45,15.0,/,9,2025/08/31 12:00:00,6.5,30.4,30.6,31.4,31.4,31.3,30.7,29.7,5.6,
2025-09-01,1,1006.1,1008.6,1007.1,2025/09/01 10:44:00,1004.2,2025/09/01 15:46:00,28.8,31.0,2025/09/01 09:00:00,27.4,2025/09/01 02:14:00,25.2,81,70,2025/09/01 09:06:00,1.4,320,5.0,310,2025/09/01 10:39:00,T,2.2,T,2025/09/01 10:33:00,T,2025/09/01 10:33:00,0.7,5.6,11.19,12.5,/,5,2025/09/01 12:00:00,10.0,30.1,30.4,31.1,31.2,31.3,30.7,29.8,10.0,
2025-09-02,2,1006.1,1008.6,1007.7,2025/09/02 09:47:00,1004.7,2025/09/02 03:36:00,28.7,31.3,2025/09/02 13:41:00,26.5,2025/09/02 23:37:00,25.3,82,70,2025/09/02 19:20:00,1.9,290,6.3,270,2025/09/02 10:27:00,T,0.1,T,2025/09/02 00:40:00,T,2025/09/02 00:40:00,5.0,39.9,18.7,15.0,/,8,2025/09/02 11:00:00,9.3,30.0,30.2,30.8,30.8,30.9,30.6,29.8,9.1,
2025-09-03,3,1006.3,1008.7,1008.0,2025/09/03 08:46:00,1004.3,2025/09/03 15:43:00,28.7,31.5,2025/09/03 12:57:00,25.8,2025/09/03 05:03:00,24.6,79,64,2025/09/03 15:32:00,2.1,190,7.4,280,2025/09/03 12:03:00,0.0,0.0,0.0,--,0.0,--,10.5,84.0,24.91,15.0,/,9,2025/09/03 12:00:00,5.0,30.0,30.2,30.9,30.9,30.9,30.5,29.8,3.1,
2025-09-04,4,1006.0,1008.5,1007.4,2025/09/04 08:53:00,1004.5,2025/09/04 15:11:00,28.9,31.9,2025/09/04 14:51:00,26.0,2025/09/04 05:19:00,24.4,77,61,2025/09/04 16:39:00,2.3,200,7.6,330,2025/09/04 14:55:00,0.0,0.0,0.0,--,0.0,--,10.7,85.8,25.69,17.5,/,9,2025/09/04 12:00:00,3.8,30.1,30.4,31.2,31.1,31.1,30.5,29.8,2.2,
2025-09-05,5,1006.0,1008.5,1007.6,2025/09/05 08:54:00,1004.7,2025/09/05 16:34:00,29.2,32.2,2025/09/05 14:41:00,26.3,2025/09/05 03:37:00,24.6,77,62,2025/09/05 10:50:00,2.1,180,6.6,300,2025/09/05 15:09:00,0.0,0.0,0.0,--,0.0,--,8.1,65.1,19.91,15.0,/,7,2025/09/05 11:00:00,4.8,30.1,30.3,31.0,31.1,31.1,30.5,29.8,2.1,
2025-09-06,6,1005.9,1008.3,1008.1,2025/09/06 22:05:00,1004.9,2025/09/06 03:30:00,29.7,32.6,2025/09/06 13:47:00,26.3,2025/09/06 05:56:00,25.4,78,64,2025/09/06 08:29:00,2.2,270,8.5,280,2025/09/06 13:10:00,0.0,0.0,0.0,--,0.0,--,11.4,91.8,25.25,18.0,/,9,2025/09/06 12:00:00,4.3,30.3,30.4,31.1,31.1,31.0,30.5,29.8,3.8,
2025-09-07,7,1007.9,1010.4,1010.7,2025/09/07 22:08:00,1006.2,2025/09/07 04:07:00,28.9,31.8,2025/09/07 11:44:00,25.6,2025/09/07 21:53:00,25.7,83,70,2025/09/07 11:45:00,3.7,250,9.9,200,2025/09/07 18:23:00,T,1.2,T,2025/09/07 08:53:00,T,2025/09/07 08:53:00,1.9,15.3,13.12,20.3,/,7,2025/09/07 12:00:00,9.0,30.3,30.6,31.3,31.3,31.3,30.6,29.8,8.1,
2025-09-08,8,1009.2,1011.6,1010.7,2025/09/08 23:11:00,1007.5,2025/09/08 15:22:00,29.4,32.3,2025/09/08 13:30:00,26.2,2025/09/08 00:53:00,24.7,76,62,2025/09/08 13:31:00,4.1,250,10.2,270,2025/09/08 15:26:00,0.0,0.0,0.0,--,0.0,--,10.4,84.1,25.33,32.5,/,10,2025/09/08 12:00:00,5.8,29.9,30.1,30.8,30.7,30.9,30.5,29.8,8.4,
2025-09-09,9,1010.0,1012.5,1011.5,2025/09/09 10:27:00,1008.3,2025/09/09 15:27:00,29.5,32.2,2025/09/09 11:29:00,26.9,2025/09/09 05:25:00,24.8,76,64,2025/09/09 08:30:00,4.0,260,11.5,260,2025/09/09 11:41:00,0.0,0.0,0.0,--,0.0,--,8.7,70.5,23.12,33.8,/,10,2025/09/09 13:00:00,8.3,30.3,30.4,31.2,31.1,31.1,30.5,29.8,9.3,
2025-09-10,10,1009.4,1011.9,1010.5,2025/09/10 20:49:00,1007.9,2025/09/10 16:28:00,29.3,32.1,2025/09/10 15:24:00,26.4,2025/09/10 05:35:00,24.9,77,62,2025/09/10 10:11:00,2.5,210,7.8,320,2025/09/10 12:45:00,0.0,0.0,0.0,--,0.0,--,9.0,73.0,23.49,35.0,/,10,2025/09/10 12:00:00,6.3,30.4,30.5,31.3,31.3,31.2,30.6,29.8,8.0,
2025-09-11,11,1008.9,1011.4,1010.8,2025/09/11 09:01:00,1007.0,2025/09/11 16:56:00,29.4,32.6,2025/09/11 13:18:00,27.1,2025/09/11 04:06:00,25.6,80,63,2025/09/11 12:17:00,3.2,20,9.0,20,2025/09/11 15:04:00,0.0,0.0,0.0,--,0.0,--,9.2,74.8,20.85,31.3,/,8,2025/09/11 12:00:00,4.8,30.4,30.6,31.4,31.3,31.3,30.6,29.9,5.2,
2025-09-12,12,1009.3,1011.7,1010.6,2025/09/12 09:06:00,1007.9,2025/09/12 15:13:00,28.8,31.3,2025/09/12 14:50:00,26.4,2025/09/12 03:07:00,25.5,83,70,2025/09/12 14:50:00,2.0,280,8.5,270,2025/09/12 02:47:00,15.0,2.9,6.0,2025/09/12 06:39:00,7.5,2025/09/12 02:33:00,7.5,61.1,22.68,19.8,/,9,2025/09/12 12:00:00,5.8,29.6,30.1,30.9,31.0,31.3,30.7,29.9,3.3,
2025-09-13,13,1009.4,1011.9,1010.8,2025/09/13 10:26:00,1008.0,2025/09/13 15:50:00,29.1,32.3,2025/09/13 13:52:00,26.0,2025/09/13 05:45:00,24.6,78,60,2025/09/13 08:58:00,2.8,250,9.0,250,2025/09/13 12:33:00,0.0,0.0,0.0,--,0.0,--,11.9,97.2,25.45,18.0,/,10,2025/09/13 12:00:00,4.3,29.0,29.4,30.2,30.3,30.8,30.5,29.9,0.4,
2025-09-14,14,1010.2,1012.6,1012.1,2025/09/14 21:52:00,1008.8,2025/09/14 15:01:00,28.9,31.8,2025/09/14 11:00:00,26.3,2025/09/14 04:51:00,24.9,79,60,2025/09/14 10:38:00,1.8,290,7.4,290,2025/09/14 11:27:00,T,0.4,T,2025/09/14 18:35:00,T,2025/09/14 18:35:00,7.2,58.9,20.64,16.0,/,9,2025/09/14 12:00:00,6.8,28.9,29.3,30.0,30.1,30.5,30.3,29.9,5.1,
2025-09-15,15,1010.4,1012.8,1012.2,2025/09/15 08:11:00,1008.1,2025/09/15 16:24:00,29.4,32.8,2025/09/15 16:10:00,26.6,2025/09/15 04:42:00,25.9,82,63,2025/09/15 16:07:00,2.7,20,11.8,20,2025/09/15 13:04:00,0.0,0.0,0.0,--,0.0,--,7.3,59.9,20.35,15.0,/,8,2025/09/15 11:00:00,6.8,29.2,29.5,30.1,30.2,30.4,30.2,29.8,1.7,
2025-09-16,16,1008.9,1011.4,1010.6,2025/09/16 08:16:00,1007.2,2025/09/16 18:14:00,29.2,32.0,2025/09/16 11:33:00,27.0,2025/09/16 05:26:00,25.1,79,66,2025/09/16 11:45:00,1.9,300,6.8,290,2025/09/16 10:38:00,0.0,0.0,0.0,--,0.0,--,4.8,39.4,17.03,15.0,/,8,2025/09/16 12:00:00,8.5,29.1,29.5,30.2,30.2,30.5,30.2,29.8,8.6,
2025-09-17,17,1007.7,1010.2,1008.9,2025/09/17 09:13:00,1006.3,2025/09/17 15:28:00,29.4,32.5,2025/09/17 13:01:00,26.1,2025/09/17 04:57:00,24.9,78,59,2025/09/17 08:55:00,2.0,300,8.6,300,2025/09/17 14:13:00,0.0,0.0,0.0,--,0.0,--,9.6,79.0,22.98,16.0,/,9,2025/09/17 12:00:00,4.5,29.3,29.5,30.1,30.1,30.3,30.1,29.8,2.7,
2025-09-18,18,1007.6,1010.0,1009.4,2025/09/18 23:19:00,1005.9,2025/09/18 14:37:00,29.5,34.4,2025/09/18 10:52:00,26.4,2025/09/18 06:09:00,24.6,76,49,2025/09/18 10:44:00,2.0,270,8.5,110,2025/09/18 09:50:00,0.0,0.0,0.0,--,0.0,--,6.8,56.1,19.25,24.0,/,9,2025/09/18 12:00:00,8.0,29.4,29.6,30.2,30.2,30.4,30.1,29.7,9.2,
2025-09-19,19,1007.8,1010.3,1009.3,2025/09/19 00:02:00,1005.4,2025/09/19 14:58:00,28.8,31.9,2025/09/19 13:53:00,25.9,2025/09/19 19:56:00,25.0,80,67,2025/09/19 13:53:00,2.7,270,10.0,230,2025/09/19 16:43:00,0.5,1.0,0.5,2025/09/19 19:13:00,0.5,2025/09/19 19:13:00,5.7,47.1,19.1,17.0,/,9,2025/09/19 13:00:00,8.5,29.6,29.8,30.4,30.5,30.5,30.2,29.7,9.5,
2025-09-20,20,1007.4,1009.9,1008.6,2025/09/20 00:01:00,1005.8,2025/09/20 14:45:00,28.6,31.6,2025/09/20 12:41:00,26.0,2025/09/20 04:49:00,25.3,82,69,2025/09/20 08:56:00,2.4,50,8.6,340,2025/09/20 13:55:00,0.0,0.0,0.0,--,0.0,--,9.1,75.4,22.9,27.5,/,9,2025/09/20 13:00:00,7.5,29.4,29.5,30.2,30.2,30.5,30.1,29.7,6.6,
2025-09-21,21,1005.9,1008.4,1007.3,2025/09/21 21:21:00,1004.4,2025/09/21 13:11:00,29.6,34.0,2025/09/21 10:31:00,25.7,2025/09/21 05:23:00,24.5,75,53,2025/09/21 10:02:00,5.7,60,19.1,40,2025/09/21 12:32:00,0.0,0.0,0.0,--,0.0,--,11.0,91.3,23.3,30.0,/,9,2025/09/21 13:00:00,7.0,29.1,29.5,30.3,30.3,30.5,30.1,29.7,6.4,
2025-09-22,22,1003.1,1005.6,1006.7,2025/09/22 00:01:00,999.7,2025/09/22 23:49:00,29.3,33.3,2025/09/22 11:21:00,26.8,2025/09/22 05:29:00,24.5,76,58,2025/09/22 11:15:00,8.5,60,20.0,50,2025/09/22 20:17:00,1.5,0.5,1.5,2025/09/22 07:07:00,1.5,2025/09/22 07:07:00,4.1,34.1,16.17,32.5,-5.0,8,2025/09/22 11:00:00,8.0,28.8,29.1,30.0,30.0,30.4,30.1,29.7,10.0,
2025-09-23,23,1000.5,1002.9,1004.1,2025/09/23 21:33:00,997.4,2025/09/23 03:14:00,28.0,29.8,2025/09/23 03:52:00,26.3,2025/09/23 23:00:00,24.6,82,67,2025/09/23 03:47:00,5.3,70,20.1,50,2025/09/23 03:14:00,3.0,5.9,0.5,2025/09/23 06:50:00,1.0,2025/09/23 19:37:00,0.0,0.0,2.59,21.3,/,2,2025/09/23 13:00:00,10.0,28.2,28.3,29.0,29.1,29.9,29.9,29.7,10.0,
2025-09-24,24,1004.2,1006.7,1007.6,2025/09/24 23:20:00,1000.8,2025/09/24 04:45:00,28.3,32.0,2025/09/24 13:15:00,25.6,2025/09/24 05:39:00,25.6,86,65,2025/09/24 13:17:00,2.5,210,8.7,250,2025/09/24 10:04:00,T,0.5,T,2025/09/24 00:01:00,T,2025/09/24 00:01:00,4.1,34.2,14.96,23.8,4.9,8,2025/09/24 13:00:00,6.5,28.6,28.5,29.1,29.0,29.4,29.5,29.6,8.0,
2025-09-25,25,1008.3,1010.8,1010.5,2025/09/25 22:01:00,1006.6,2025/09/25 02:23:00,28.8,33.4,2025/09/25 10:33:00,26.0,2025/09/25 05:02:00,24.9,80,54,2025/09/25 10:33:00,1.9,290,7.4,290,2025/09/25 11:10:00,0.0,0.0,0.0,--,0.0,--,8.9,74.5,21.96,23.8,3.9,8,2025/09/25 12:00:00,2.5,29.2,29.1,29.7,29.6,29.6,29.5,29.5,1.9,
2025-09-26,26,1010.2,1012.7,1011.8,2025/09/26 09:21:00,1009.1,2025/09/26 17:57:00,29.9,33.4,2025/09/26 11:59:00,26.9,2025/09/26 00:02:00,22.6,65,50,2025/09/26 11:59:00,4.1,80,15.3,70,2025/09/26 18:13:00,0.0,0.0,0.0,--,0.0,--,1.0,8.4,10.34,27.5,0.0,7,2025/09/26 12:00:00,8.3,28.9,28.9,29.6,29.6,29.8,29.6,29.4,9.2,
2025-09-27,27,1010.7,1013.2,1012.3,2025/09/27 07:30:00,1009.0,2025/09/27 14:40:00,29.5,33.6,2025/09/27 13:42:00,25.1,2025/09/27 04:54:00,23.9,72,57,2025/09/27 17:02:00,2.6,60,13.1,70,2025/09/27 00:25:00,0.0,0.0,0.0,--,0.0,--,8.3,69.8,20.99,15.0,/,7,2025/09/27 12:00:00,6.5,29.4,29.2,29.8,29.6,29.7,29.5,29.3,4.9,
2025-09-28,28,1011.0,1013.4,1012.6,2025/09/28 21:01:00,1009.5,2025/09/28 14:28:00,29.0,32.2,2025/09/28 11:35:00,25.6,2025/09/28 06:04:00,24.2,75,59,2025/09/28 14:58:00,2.1,300,6.4,340,2025/09/28 12:16:00,0.0,0.0,0.0,--,0.0,--,10.9,91.8,22.25,15.0,/,8,2025/09/28 12:00:00,2.0,29.5,29.4,30.1,30.0,30.0,29.6,29.3,0.8,
2025-09-29,29,1010.8,1013.3,1011.9,2025/09/29 00:01:00,1009.6,2025/09/29 16:00:00,28.4,31.0,2025/09/29 11:24:00,26.2,2025/09/29 06:08:00,25.2,83,69,2025/09/29 08:17:00,2.0,50,7.1,280,2025/09/29 11:38:00,0.0,0.0,0.0,--,0.0,--,7.0,59.1,19.11,14.0,4.7,7,2025/09/29 12:00:00,6.0,29.6,29.6,30.3,30.2,30.2,29.8,29.1,2.1,
2025-09-30,30,1009.9,1012.4,1011.3,2025/09/30 07:51:00,1008.0,2025/09/30 15:06:00,28.4,32.3,2025/09/30 09:51:00,25.9,2025/09/30 01:40:00,25.1,83,64,2025/09/30 09:34:00,2.1,280,7.4,300,2025/09/30 12:35:00,0.0,0.0,0.0,--,0.0,--,11.1,93.9,22.4,16.0,/,8,2025/09/30 12:00:00,5.3,29.7,29.7,30.3,30.2,30.3,29.9,28.9,4.6,
2025-10-01,1,1010.1,1012.6,1011.3,2025/10/01 09:21:00,1008.7,2025/10/01 14:21:00,28.4,31.5,2025/10/01 10:52:00,25.6,2025/10/01 23:03:00,24.2,79,61,2025/10/01 10:49:00,2.6,190,7.9,40,2025/10/01 17:23:00,0.0,0.0,0.0,--,0.0,--,8.8,74.6,21.59,16.0,/,8,2025/10/01 12:00:00,4.3,29.5,29.7,30.4,30.3,30.4,29.9,28.7,1.9,
2025-10-02,2,1010.5,1013.0,1011.6,2025/10/02 07:49:00,1009.3,2025/10/02 14:57:00,28.6,32.0,2025/10/02 12:45:00,26.2,2025/10/02 06:17:00,24.1,77,60,2025/10/02 13:30:00,1.8,320,6.6,330,2025/10/02 12:15:00,0.0,0.0,0.0,--,0.0,--,9.2,78.2,20.24,13.0,/,8,2025/10/02 12:00:00,6.0,29.6,29.6,30.3,30.2,30.3,30.0,28.6,1.8,
2025-10-03,3,1010.3,1012.8,1011.9,2025/10/03 08:56:00,1009.0,2025/10/03 13:45:00,28.5,32.1,2025/10/03 12:15:00,25.9,2025/10/03 05:40:00,24.8,81,63,2025/10/03 11:51:00,1.9,320,7.3,330,2025/10/03 12:50:00,0.0,0.0,0.0,--,0.0,--,10.2,86.8,21.36,13.0,5.7,7,2025/10/03 12:00:00,3.5,29.7,29.8,30.4,30.4,30.4,30.0,28.8,0.6,
2025-10-04,4,1010.7,1013.1,1012.2,2025/10/04 21:44:00,1009.5,2025/10/04 14:40:00,28.4,31.7,2025/10/04 12:21:00,24.9,2025/10/04 05:49:00,24.9,81,67,2025/10/04 12:58:00,1.7,300,6.7,290,2025/10/04 13:15:00,0.0,0.0,0.0,--,0.0,--,11.0,93.8,21.62,13.5,1.9,8,2025/10/04 12:00:00,2.3,29.7,29.7,30.4,30.4,30.5,30.0,29.5,0.3,
2025-10-05,5,1011.6,1014.1,1013.1,2025/10/05 10:13:00,1010.1,2025/10/05 14:39:00,28.5,32.1,2025/10/05 12:17:00,25.8,2025/10/05 05:17:00,25.0,82,69,2025/10/05 12:18:00,1.8,320,7.0,340,2025/10/05 13:08:00,0.0,0.0,0.0,--,0.0,--,11.1,94.9,21.97,19.0,6.9,8,2025/10/05 12:00:00,2.3,29.7,29.8,30.4,30.4,30.5,30.1,29.6,0.1,
2025-10-06,6,1010.7,1013.2,1012.0,2025/10/06 00:01:00,1009.5,2025/10/06 14:55:00,28.9,32.3,2025/10/06 11:24:00,26.1,2025/10/06 04:52:00,24.8,79,63,2025/10/06 11:53:00,3.2,40,11.4,10,2025/10/06 12:39:00,0.0,0.0,0.0,--,0.0,--,11.0,94.2,22.51,19.0,6.0,8,2025/10/06 12:00:00,1.5,29.7,29.9,30.6,30.6,30.6,30.1,29.7,0.3,
2025-10-07,7,1010.8,1013.3,1011.8,2025/10/07 21:45:00,1009.5,2025/10/07 14:06:00,29.2,33.5,2025/10/07 09:40:00,24.5,2025/10/07 05:00:00,23.2,71,48,2025/10/07 09:33:00,5.7,60,16.7,50,2025/10/07 15:39:00,0.0,0.0,0.0,--,0.0,--,11.4,97.9,22.49,30.0,7.1,8,2025/10/07 12:00:00,1.3,29.2,29.4,30.2,30.2,30.5,30.1,29.8,0.3,
2025-10-08,8,1010.5,1013.0,1011.9,2025/10/08 08:27:00,1008.8,2025/10/08 13:29:00,29.5,33.5,2025/10/08 10:08:00,26.9,2025/10/08 23:30:00,23.5,71,51,2025/10/08 10:04:00,6.5,60,19.5,50,2025/10/08 13:10:00,0.0,0.0,0.0,--,0.0,--,8.6,74.0,19.06,27.5,-5.0,8,2025/10/08 12:00:00,3.3,29.3,29.5,30.4,30.3,30.5,30.0,29.8,1.2,
2025-10-09,9,1009.9,1012.4,1011.2,2025/10/09 09:22:00,1008.3,2025/10/09 14:38:00,28.5,31.9,2025/10/09 10:37:00,26.4,2025/10/09 03:22:00,23.2,74,56,2025/10/09 10:31:00,6.8,60,17.9,40,2025/10/09 14:30:00,T,0.1,T,2025/10/09 02:41:00,T,2025/10/09 02:41:00,9.4,81.0,20.87,25.0,6.1,8,2025/10/09 12:00:00,3.3,28.9,29.2,30.1,30.0,30.3,30.0,29.8,2.0,
2025-10-10,10,1009.0,1011.4,1010.0,2025/10/10 20:47:00,1007.3,2025/10/10 14:29:00,28.8,32.8,2025/10/10 12:51:00,26.2,2025/10/10 05:23:00,23.7,74,56,2025/10/10 12:48:00,6.1,40,15.7,50,2025/10/10 11:23:00,0.0,0.0,0.0,--,0.0,--,11.2,96.8,21.96,28.8,5.7,8,2025/10/10 12:00:00,1.0,29.1,29.2,30.0,30.0,30.2,29.9,29.8,1.9,
2025-10-11,11,1009.3,1011.7,1010.8,2025/10/11 08:19:00,1008.0,2025/10/11 13:32:00,27.8,31.1,2025/10/11 11:07:00,24.1,2025/10/11 04:29:00,23.9,80,67,2025/10/11 12:09:00,2.2,180,6.1,210,2025/10/11 09:19:00,0.0,0.0,0.0,--,0.0,--,10.1,87.4,19.36,18.5,6.4,7,2025/10/11 12:00:00,7.5,29.0,29.2,29.9,29.9,30.1,29.8,29.7,6.9,
2025-10-12,12,1010.5,1013.0,1012.0,2025/10/12 21:10:00,1009.1,2025/10/12 02:44:00,27.6,31.5,2025/10/12 12:59:00,24.5,2025/10/12 05:04:00,24.0,81,59,2025/10/12 10:33:00,2.1,270,7.9,260,2025/10/12 12:29:00,0.0,0.0,0.0,--,0.0,--,11.0,95.4,21.39,17.0,4.6,7,2025/10/12 12:00:00,4.5,28.9,29.1,29.8,29.8,30.1,29.8,29.7,0.6,
2025-10-13,13,1011.4,1013.9,1012.8,2025/10/13 09:10:00,1010.2,2025/10/13 16:23:00,27.8,30.9,2025/10/13 11:37:00,24.2,2025/10/13 04:33:00,24.4,82,65,2025/10/13 15:11:00,2.0,320,6.6,330,2025/10/13 12:40:00,0.0,0.0,0.0,--,0.0,--,10.6,92.1,20.7,14.0,4.6,7,2025/10/13 12:00:00,3.3,29.0,29.2,29.9,29.9,30.1,29.7,29.7,0.3,
2025-10-14,14,1010.9,1013.4,1012.9,2025/10/14 08:55:00,1008.8,2025/10/14 15:28:00,28.7,32.4,2025/10/14 12:06:00,25.2,2025/10/14 06:00:00,23.8,76,55,2025/10/14 17:43:00,2.6,50,10.8,50,2025/10/14 14:56:00,0.0,0.0,0.0,--,0.0,--,10.6,92.3,20.55,14.5,5.7,7,2025/10/14 12:00:00,3.3,29.2,29.3,30.0,29.9,30.1,29.7,29.7,0.2,
2025-10-15,15,1010.5,1013.0,1012.0,2025/10/15 22:30:00,1008.9,2025/10/15 15:01:00,28.6,33.4,2025/10/15 11:09:00,24.2,2025/10/15 05:56:00,22.6,71,50,2025/10/15 10:03:00,2.8,60,11.5,50,2025/10/15 15:33:00,0.0,0.0,0.0,--,0.0,--,10.4,90.8,20.11,17.0,5.5,7,2025/10/15 12:00:00,4.3,28.9,29.0,29.8,29.8,30.1,29.7,29.6,0.5,
2025-10-16,16,1011.0,1013.5,1012.4,2025/10/16 08:12:00,1009.6,2025/10/16 14:35:00,28.9,33.7,2025/10/16 11:34:00,24.5,2025/10/16 06:03:00,22.9,71,51,2025/10/16 09:37:00,4.8,60,14.2,30,2025/10/16 15:12:00,0.0,0.0,0.0,--,0.0,--,10.9,95.3,20.77,16.0,6.3,7,2025/10/16 12:00:00,1.3,28.9,28.9,29.7,29.7,30.0,29.7,29.6,0.1,
2025-10-17,17,1010.7,1013.2,1012.3,2025/10/17 08:41:00,1009.2,2025/10/17 14:51:00,29.7,34.6,2025/10/17 11:53:00,26.7,2025/10/17 05:58:00,22.9,68,47,2025/10/17 11:21:00,3.4,70,13.0,60,2025/10/17 00:26:00,0.0,0.0,0.0,--,0.0,--,9.2,80.6,18.26,19.3,5.0,7,2025/10/17 12:00:00,6.5,29.4,29.3,30.1,30.0,30.1,29.6,29.6,5.1,
2025-10-18,18,1009.8,1012.3,1011.3,2025/10/18 21:38:00,1008.0,2025/10/18 14:47:00,29.2,33.5,2025/10/18 10:19:00,25.8,2025/10/18 03:27:00,23.4,71,52,2025/10/18 09:29:00,6.4,60,19.3,40,2025/10/18 15:08:00,0.0,0.0,0.0,--,0.0,--,10.9,95.7,20.41,25.0,-6.7,7,2025/10/18 13:00:00,1.3,29.2,29.2,30.0,29.9,30.1,29.7,29.6,0.2,
2025-10-19,19,1009.9,1012.4,1012.3,2025/10/19 21:58:00,1006.7,2025/10/19 14:00:00,27.0,29.4,2025/10/19 14:26:00,24.1,2025/10/19 21:33:00,23.2,81,59,2025/10/19 14:27:00,8.5,60,22.9,50,2025/10/19 16:13:00,72.5,5.9,14.0,2025/10/19 20:00:00,31.5,2025/10/19 19:19:00,3.9,34.3,13.2,25.0,/,6,2025/10/19 11:00:00,9.5,27.9,28.2,29.2,29.4,29.9,29.7,29.7,9.3,
2025-10-20,20,1011.8,1014.3,1014.1,2025/10/20 20:54:00,1009.8,2025/10/20 04:29:00,24.0,25.1,2025/10/20 00:22:00,22.7,2025/10/20 23:16:00,22.5,91,85,2025/10/20 14:15:00,11.2,40,24.4,50,2025/10/20 20:16:00,100.0,22.2,11.5,2025/10/20 07:41:00,30.0,2025/10/20 07:32:00,0.0,0.0,1.95,5.8,/,1,2025/10/20 13:00:00,10.0,24.4,25.3,26.4,26.5,28.2,27.1,29.2,10.0,
2025-10-21,21,1013.8,1016.3,1015.2,2025/10/21 09:38:00,1012.9,2025/10/21 15:39:00,22.3,23.0,2025/10/21 22:07:00,21.8,2025/10/21 13:58:00,20.6,90,86,2025/10/21 20:55:00,10.5,40,23.9,40,2025/10/21 20:54:00,46.0,23.0,2.0,2025/10/21 03:35:00,6.0,2025/10/21 03:11:00,0.0,0.0,2.07,4.0,/,1,2025/10/21 12:00:00,10.0,22.7,23.5,24.6,24.9,26.7,26.4,27.4,10.0,
2025-10-22,22,1013.6,1016.1,1015.1,2025/10/22 19:28:00,1012.1,2025/10/22 03:28:00,22.6,23.3,2025/10/22 23:43:00,21.4,2025/10/22 19:26:00,20.5,88,80,2025/10/22 14:09:00,11.5,40,24.0,40,2025/10/22 22:42:00,14.0,20.9,1.0,2025/10/22 19:22:00,3.0,2025/10/22 18:33:00,0.0,0.0,1.95,8.0,/,1,2025/10/22 11:00:00,10.0,22.4,23.0,24.0,24.2,25.7,25.6,26.4,10.0,
2025-10-23,23,1014.1,1016.6,1016.0,2025/10/23 22:57:00,1012.1,2025/10/23 03:01:00,23.1,24.0,2025/10/23 20:44:00,21.5,2025/10/23 14:49:00,21.2,89,81,2025/10/23 20:29:00,10.2,50,23.2,30,2025/10/23 06:24:00,118.5,19.8,7.5,2025/10/23 13:45:00,36.5,2025/10/23 12:22:00,0.0,0.0,1.3,9.5,/,1,2025/10/23 11:00:00,10.0,22.5,22.9,23.7,23.9,25.2,25.2,25.9,10.0,
2025-10-24,24,1014.0,1016.5,1015.6,2025/10/24 00:01:00,1012.2,2025/10/24 14:20:00,23.0,24.3,2025/10/24 14:48:00,22.0,2025/10/24 23:55:00,21.5,91,81,2025/10/24 15:16:00,9.3,50,20.9,50,2025/10/24 04:41:00,16.5,18.0,2.0,2025/10/24 17:55:00,3.5,2025/10/24 17:55:00,0.0,0.0,2.71,5.3,/,1,2025/10/24 14:00:00,10.0,22.7,23.0,23.7,23.9,24.9,24.9,25.7,10.0,
2025-10-25,25,1013.0,1015.5,1014.4,2025/10/25 08:08:00,1011.3,2025/10/25 15:38:00,23.4,24.5,2025/10/25 23:28:00,22.0,2025/10/25 00:01:00,22.2,93,86,2025/10/25 22:54:00,7.5,50,17.8,40,2025/10/25 00:27:00,26.5,19.3,1.5,2025/10/25 01:59:00,5.0,2025/10/25 07:33:00,0.0,0.0,1.68,5.5,/,1,2025/10/25 13:00:00,10.0,23.0,23.2,23.9,23.9,24.8,24.7,25.5,9.4,
2025-10-26,26,1014.2,1016.7,1016.8,2025/10/26 22:39:00,1012.4,2025/10/26 01:54:00,23.4,24.3,2025/10/26 02:27:00,21.1,2025/10/26 23:26:00,20.2,83,70,2025/10/26 19:35:00,7.6,50,17.0,40,2025/10/26 16:41:00,4.5,8.5,0.5,2025/10/26 03:09:00,1.5,2025/10/26 05:42:00,0.0,0.0,2.52,16.5,-1.7,1,2025/10/26 13:00:00,10.0,22.5,23.1,23.8,23.9,24.8,24.7,25.4,9.5,
2025-10-27,27,1015.5,1018.0,1017.4,2025/10/27 08:47:00,1013.6,2025/10/27 15:17:00,22.3,24.0,2025/10/27 12:54:00,20.8,2025/10/27 06:15:00,19.1,82,73,2025/10/27 12:49:00,8.3,60,20.3,70,2025/10/27 11:11:00,1.0,2.2,1.0,2025/10/27 04:38:00,1.0,2025/10/27 04:38:00,1.3,11.6,9.92,23.8,-0.9,4,2025/10/27 12:00:00,9.3,21.7,22.3,23.2,23.4,24.4,24.5,25.3,9.4,
2025-10-28,28,1015.5,1018.0,1017.7,2025/10/28 20:04:00,1013.7,2025/10/28 04:44:00,21.5,22.2,2025/10/28 10:27:00,20.9,2025/10/28 05:52:00,19.6,89,75,2025/10/28 22:38:00,7.4,60,17.5,50,2025/10/28 17:14:00,8.0,13.1,2.0,2025/10/28 06:29:00,3.0,2025/10/28 05:53:00,0.0,0.0,3.92,11.0,-0.9,2,2025/10/28 12:00:00,10.0,21.6,22.2,23.0,23.2,24.2,24.4,25.0,10.0,
2025-10-29,29,1014.3,1016.8,1016.4,2025/10/29 00:10:00,1012.5,2025/10/29 15:04:00,23.7,27.1,2025/10/29 13:16:00,20.9,2025/10/29 01:54:00,19.1,76,64,2025/10/29 12:06:00,8.3,60,19.8,70,2025/10/29 10:54:00,T,0.3,T,2025/10/29 02:11:00,T,2025/10/29 02:11:00,9.2,82.5,19.23,30.0,5.4,7,2025/10/29 12:00:00,6.3,21.7,22.1,22.9,23.0,23.8,24.2,24.8,6.7,
2025-10-30,30,1012.5,1015.0,1014.1,2025/10/30 08:16:00,1010.1,2025/10/30 14:44:00,26.1,29.9,2025/10/30 11:55:00,24.0,2025/10/30 00:01:00,22.5,81,62,2025/10/30 11:49:00,3.3,70,11.8,60,2025/10/30 04:35:00,T,0.1,T,2025/10/30 13:06:00,T,2025/10/30 13:06:00,3.7,33.2,13.05,16.0,-2.7,6,2025/10/30 12:00:00,8.3,24.0,23.7,24.2,24.1,24.2,24.4,24.9,9.0,
2025-10-31,31,1014.1,1016.6,1015.8,2025/10/31 22:12:00,1012.1,2025/10/31 02:02:00,23.9,25.7,2025/10/31 11:16:00,23.0,2025/10/31 17:11:00,19.5,77,64,2025/10/31 23:45:00,6.4,50,12.8,30,2025/10/31 14:30:00,0.0,0.0,0.0,--,0.0,--,4.5,40.5,13.02,17.0,5.5,5,2025/10/31 12:00:00,9.8,23.3,23.9,24.6,24.6,24.9,24.9,25.2,9.7,
2025-11-01,1,1014.8,1017.3,1016.4,2025/11/01 08:14:00,1012.9,2025/11/01 15:34:00,23.4,25.5,2025/11/01 09:54:00,21.0,2025/11/01 23:10:00,17.4,69,62,2025/11/01 08:16:00,7.1,60,15.8,40,2025/11/01 12:23:00,T,1.0,T,2025/11/01 20:43:00,T,2025/11/01 20:43:00,2.0,18.0,10.74,15.0,-2.5,5,2025/11/01 11:00:00,9.0,22.0,22.7,23.6,23.8,24.6,24.8,25.3,10.0,
2025-11-02,2,1016.5,1019.0,1018.1,2025/11/02 20:27:00,1014.9,2025/11/02 01:09:00,22.0,25.4,2025/11/02 13:40:00,20.0,2025/11/02 05:56:00,17.5,76,57,2025/11/02 13:52:00,5.9,70,16.7,60,2025/11/02 17:22:00,1.0,4.6,0.5,2025/11/02 04:30:00,0.5,2025/11/02 04:30:00,1.5,13.6,11.21,14.0,-3.6,4,2025/11/02 13:00:00,9.3,21.7,22.3,23.2,23.4,24.3,24.6,25.4,10.0,
2025-11-03,3,1017.5,1020.0,1019.5,2025/11/03 09:18:00,1015.5,2025/11/03 23:59:00,20.7,22.6,2025/11/03 01:22:00,18.9,2025/11/03 06:38:00,17.7,83,64,2025/11/03 00:10:00,8.0,60,17.8,50,2025/11/03 15:49:00,1.0,4.3,0.5,2025/11/03 06:15:00,0.5,2025/11/03 06:15:00,0.6,5.4,7.01,14.0,-0.9,4,2025/11/03 13:00:00,10.0,21.0,21.7,22.6,22.9,24.0,24.4,25.5,10.0,
2025-11-04,4,1014.2,1016.7,1015.9,2025/11/04 09:05:00,1012.3,2025/11/04 13:35:00,21.5,24.3,2025/11/04 13:09:00,19.9,2025/11/04 02:13:00,19.5,88,78,2025/11/04 12:17:00,8.1,50,18.1,50,2025/11/04 10:12:00,1.5,3.6,0.5,2025/11/04 17:48:00,1.5,2025/11/04 17:48:00,0.1,0.9,7.12,22.5,-1.4,4,2025/11/04 13:00:00,9.8,21.5,21.8,22.6,22.8,23.6,24.1,25.4,9.9,
2025-11-05,5,1011.4,1013.9,1013.2,2025/11/05 07:56:00,1009.3,2025/11/05 15:21:00,23.5,27.0,2025/11/05 11:45:00,20.6,2025/11/05 00:23:00,20.3,82,66,2025/11/05 11:32:00,7.4,60,17.9,60,2025/11/05 15:54:00,0.5,0.6,0.5,2025/11/05 08:03:00,0.5,2025/11/05 08:03:00,7.6,69.1,16.44,27.5,3.7,7,2025/11/05 12:00:00,6.0,22.3,22.4,23.1,23.1,23.6,24.0,25.3,5.7,
2025-11-06,6,1011.4,1013.9,1012.5,2025/11/06 20:40:00,1010.0,2025/11/06 13:50:00,25.2,28.7,2025/11/06 13:50:00,22.8,2025/11/06 05:21:00,20.4,75,60,2025/11/06 11:12:00,7.6,60,17.3,50,2025/11/06 09:44:00,0.0,0.0,0.0,--,0.0,--,10.4,94.7,18.31,30.0,4.5,6,2025/11/06 12:00:00,2.3,23.0,23.1,23.7,23.7,24.0,24.1,25.2,0.8,
2025-11-07,7,1012.9,1015.4,1014.3,2025/11/07 08:56:00,1011.6,2025/11/07 14:43:00,26.0,29.6,2025/11/07 09:55:00,23.4,2025/11/07 05:56:00,21.8,78,58,2025/11/07 09:45:00,5.7,50,14.1,40,2025/11/07 15:23:00,0.0,0.0,0.0,--,0.0,--,10.5,95.7,18.09,31.3,5.1,7,2025/11/07 12:00:00,0.8,24.5,24.1,24.7,24.4,24.4,24.3,25.2,0.8,
2025-11-08,8,1012.1,1014.6,1014.1,2025/11/08 08:48:00,1010.1,2025/11/08 13:37:00,25.7,28.2,2025/11/08 10:53:00,24.2,2025/11/08 05:59:00,21.7,79,67,2025/11/08 13:48:00,5.9,50,14.4,60,2025/11/08 09:48:00,0.0,0.0,0.0,--,0.0,--,10.2,93.2,17.7,22.5,4.3,6,2025/11/08 12:00:00,1.0,24.6,24.4,25.0,24.8,24.8,24.6,25.2,1.0,
2025-11-09,9,1008.6,1011.1,1011.8,2025/11/09 00:01:00,1006.2,2025/11/09 15:29:00,25.7,30.7,2025/11/09 11:29:00,23.9,2025/11/09 22:50:00,21.9,81,50,2025/11/09 11:19:00,10.8,50,23.1,60,2025/11/09 19:19:00,0.0,0.0,0.0,--,0.0,--,9.6,87.8,17.86,30.0,-6.4,7,2025/11/09 12:00:00,2.8,24.6,24.5,25.2,25.0,25.1,24.9,25.3,4.6,
2025-11-10,10,1006.9,1009.4,1009.6,2025/11/10 08:16:00,1003.3,2025/11/10 23:56:00,22.7,24.0,2025/11/10 00:41:00,21.8,2025/11/10 06:03:00,20.9,89,79,2025/11/10 02:24:00,12.6,60,24.7,60,2025/11/10 14:24:00,7.5,10.8,1.0,2025/11/10 04:10:00,4.0,2025/11/10 04:10:00,0.0,0.0,4.97,15.0,-2.5,2,2025/11/10 11:00:00,10.0,22.6,23.3,24.1,24.3,25.0,25.0,25.4,10.0,
2025-11-11,11,1004.4,1006.9,1005.8,2025/11/11 19:49:00,1001.3,2025/11/11 02:23:00,22.4,24.0,2025/11/11 03:36:00,20.9,2025/11/11 14:52:00,21.3,94,86,2025/11/11 00:24:00,11.3,50,25.2,50,2025/11/11 09:46:00,11.5,20.2,2.0,2025/11/11 12:02:00,3.5,2025/11/11 12:02:00,0.0,0.0,2.12,7.5,-1.1,1,2025/11/11 13:00:00,10.0,22.6,23.0,23.6,23.7,24.5,24.7,25.5,10.0,
2025-11-12,12,1003.5,1006.0,1005.1,2025/11/12 00:03:00,1001.7,2025/11/12 03:50:00,22.4,23.3,2025/11/12 10:12:00,21.4,2025/11/12 23:45:00,21.5,95,91,2025/11/12 15:36:00,11.7,40,24.4,60,2025/11/12 03:22:00,12.0,16.0,1.0,2025/11/12 10:47:00,3.0,2025/11/12 22:06:00,0.0,0.0,1.64,8.5,-1.0,1,2025/11/12 14:00:00,10.0,22.3,22.6,23.2,23.3,24.0,24.4,25.2,10.0,
2025-11-13,13,1010.2,1012.7,1013.9,2025/11/13 22:23:00,1003.9,2025/11/13 00:03:00,21.5,23.3,2025/11/13 13:28:00,20.5,2025/11/13 18:02:00,20.0,91,77,2025/11/13 23:39:00,8.5,40,20.5,30,2025/11/13 01:58:00,20.5,17.1,1.0,2025/11/13 00:58:00,4.0,2025/11/13 04:53:00,0.0,0.0,7.3,9.5,-1.9,4,2025/11/13 12:00:00,10.0,21.9,22.3,23.0,23.1,23.8,23.9,24.5,10.0,
2025-11-14,14,1015.2,1017.7,1017.0,2025/11/14 21:23:00,1013.3,2025/11/14 00:09:00,22.2,24.5,2025/11/14 11:26:00,20.5,2025/11/14 04:04:00,16.4,70,61,2025/11/14 11:29:00,9.4,50,18.7,50,2025/11/14 12:59:00,0.0,0.0,0.0,--,0.0,--,8.6,79.3,16.51,16.0,4.8,6,2025/11/14 12:00:00,5.5,20.7,21.3,22.2,22.4,23.3,23.6,24.2,4.6,
2025-11-15,15,1017.0,1019.5,1018.4,2025/11/15 21:29:00,1015.6,2025/11/15 14:40:00,22.9,25.3,2025/11/15 10:12:00,20.9,2025/11/15 06:10:00,17.2,71,62,2025/11/15 09:32:00,7.8,60,18.2,50,2025/11/15 11:41:00,0.0,0.0,0.0,--,0.0,--,8.9,82.2,17.39,25.0,4.7,6,2025/11/15 12:00:00,4.3,21.2,21.3,22.2,22.2,23.0,23.5,24.1,2.8,
2025-11-16,16,1017.2,1019.7,1019.1,2025/11/16 08:24:00,1015.2,2025/11/16 15:01:00,23.9,27.0,2025/11/16 12:32:00,22.2,2025/11/16 00:01:00,20.8,83,71,2025/11/16 12:37:00,7.0,40,16.2,60,2025/11/16 23:33:00,0.0,0.0,0.0,--,0.0,--,10.2,94.3,17.5,17.0,3.5,6,2025/11/16 12:00:00,2.5,22.5,22.3,22.9,22.7,23.1,23.4,24.1,1.4,
2025-11-17,17,1017.7,1020.2,1020.3,2025/11/17 21:21:00,1015.7,2025/11/17 01:34:00,22.2,24.6,2025/11/17 09:48:00,19.0,2025/11/17 23:50:00,20.5,91,81,2025/11/17 09:55:00,8.5,50,19.6,40,2025/11/17 23:26:00,8.5,8.7,1.0,2025/11/17 21:43:00,3.5,2025/11/17 22:05:00,1.9,17.6,7.87,9.8,0.0,3,2025/11/17 10:00:00,8.8,22.2,22.6,23.2,23.2,23.5,23.7,24.3,7.3,
2025-11-18,18,1021.8,1024.4,1023.4,2025/11/18 09:04:00,1019.9,2025/11/18 00:03:00,17.6,19.4,2025/11/18 09:49:00,16.1,2025/11/18 18:42:00,15.4,87,78,2025/11/18 09:59:00,10.4,50,22.3,50,2025/11/18 01:12:00,12.0,17.9,0.5,2025/11/18 00:33:00,2.5,2025/11/18 05:14:00,0.0,0.0,2.44,9.5,-0.9,2,2025/11/18 10:00:00,10.0,19.0,20.1,21.1,21.5,22.9,23.2,23.7,10.0,
2025-11-19,19,1022.5,1025.1,1024.7,2025/11/19 09:32:00,1021.2,2025/11/19 14:49:00,15.8,16.9,2025/11/19 23:21:00,15.1,2025/11/19 04:58:00,10.8,73,58,2025/11/19 21:17:00,9.6,50,19.3,40,2025/11/19 02:54:00,0.5,8.0,0.5,2025/11/19 00:50:00,0.5,2025/11/19 00:50:00,0.0,0.0,0.83,13.0,-2.0,0,2025/11/19 12:00:00,10.0,16.4,17.7,18.8,19.4,21.4,22.2,23.1,10.0,
2025-11-20,20,1020.5,1023.1,1022.8,2025/11/20 09:10:00,1018.9,2025/11/20 14:47:00,18.8,20.7,2025/11/20 12:56:00,16.8,2025/11/20 00:09:00,12.6,67,59,2025/11/20 00:28:00,9.0,60,17.5,50,2025/11/20 02:50:00,0.0,0.0,0.0,--,0.0,--,2.9,27.0,12.57,22.5,4.5,5,2025/11/20 12:00:00,8.3,17.3,17.8,18.7,19.0,20.4,21.5,22.7,9.0,
2025-11-21,21,1019.9,1022.5,1021.3,2025/11/21 09:00:00,1018.4,2025/11/21 14:39:00,20.4,21.7,2025/11/21 11:11:00,19.6,2025/11/21 04:03:00,14.7,70,65,2025/11/21 01:33:00,9.2,60,18.1,60,2025/11/21 11:52:00,0.0,0.0,0.0,--,0.0,--,0.5,4.7,6.99,25.0,3.8,3,2025/11/21 12:00:00,8.8,18.5,18.9,19.6,19.7,20.6,21.5,22.7,8.8,
2025-11-22,22,1018.3,1020.9,1020.2,2025/11/22 08:29:00,1016.7,2025/11/22 23:15:00,21.2,23.9,2025/11/22 12:30:00,19.4,2025/11/22 05:27:00,15.3,69,57,2025/11/22 11:10:00,8.3,50,17.4,50,2025/11/22 01:50:00,0.0,0.0,0.0,--,0.0,--,9.9,92.3,16.74,27.5,3.9,5,2025/11/22 12:00:00,3.0,19.2,19.2,19.9,19.9,20.7,21.4,22.7,3.5,
2025-11-23,23,1016.1,1018.6,1018.1,2025/11/23 07:38:00,1014.7,2025/11/23 23:02:00,22.2,24.5,2025/11/23 11:32:00,20.9,2025/11/23 00:06:00,19.3,84,75,2025/11/23 10:48:00,6.5,40,14.4,30,2025/11/23 14:36:00,0.0,0.0,0.0,--,0.0,--,9.4,87.7,16.33,20.0,4.2,5,2025/11/23 12:00:00,1.3,20.8,20.5,21.0,20.9,21.2,21.5,22.7,--,
2025-11-24,24,1014.9,1017.4,1016.5,2025/11/24 23:31:00,1013.2,2025/11/24 13:39:00,21.7,25.1,2025/11/24 10:35:00,17.5,2025/11/24 06:46:00,19.2,86,68,2025/11/24 11:15:00,4.2,40,13.1,40,2025/11/24 22:24:00,0.0,0.0,0.0,--,0.0,--,9.1,85.0,15.78,16.0,5.0,4,2025/11/24 12:00:00,1.8,21.2,21.1,21.6,21.4,21.7,21.8,22.8,--,
2025-11-25,25,1017.7,1020.3,1019.1,2025/11/25 09:31:00,1016.5,2025/11/25 00:01:00,20.1,22.2,2025/11/25 11:53:00,17.6,2025/11/25 23:04:00,11.4,58,47,2025/11/25 09:15:00,8.9,60,19.5,50,2025/11/25 14:57:00,0.0,0.0,0.0,--,0.0,--,4.1,38.4,12.33,18.0,5.8,4,2025/11/25 12:00:00,7.5,19.2,20.1,21.0,21.2,21.9,22.1,23.0,--,
2025-11-26,26,1016.5,1019.1,1018.1,2025/11/26 00:01:00,1014.3,2025/11/26 14:59:00,19.4,22.4,2025/11/26 11:49:00,17.0,2025/11/26 05:10:00,11.0,58,46,2025/11/26 12:25:00,9.4,60,20.0,70,2025/11/26 14:15:00,0.0,0.0,0.0,--,0.0,--,8.6,80.6,15.55,28.8,5.3,5,2025/11/26 12:00:00,7.8,18.0,18.5,19.4,19.7,21.0,21.7,23.1,--,
2025-11-27,27,1017.8,1020.4,1019.7,2025/11/27 07:25:00,1016.4,2025/11/27 01:07:00,19.9,22.3,2025/11/27 11:40:00,18.5,2025/11/27 22:52:00,12.4,62,47,2025/11/27 12:42:00,9.2,50,18.5,60,2025/11/27 23:51:00,0.0,0.0,0.0,--,0.0,--,3.6,33.8,12.61,24.0,6.6,5,2025/11/27 12:00:00,9.0,18.6,19.0,19.7,19.9,20.8,21.4,23.0,--,
2025-11-28,28,1015.2,1017.8,1017.0,2025/11/28 00:03:00,1013.4,2025/11/28 13:59:00,18.9,20.7,2025/11/28 14:04:00,17.6,2025/11/28 06:59:00,10.8,59,52,2025/11/28 09:31:00,8.3,60,18.9,60,2025/11/28 00:43:00,0.0,0.0,0.0,--,0.0,--,6.4,60.1,13.6,14.0,3.3,4,2025/11/28 12:00:00,8.8,17.9,18.3,19.3,19.5,20.6,21.2,23.0,--,
2025-11-29,29,1013.3,1015.8,1014.8,2025/11/29 08:34:00,1011.5,2025/11/29 14:48:00,19.7,24.0,2025/11/29 12:15:00,15.5,2025/11/29 05:55:00,16.0,80,66,2025/11/29 00:11:00,3.5,40,11.7,40,2025/11/29 14:29:00,0.0,0.0,0.0,--,0.0,--,9.8,92.1,16.71,16.0,3.2,5,2025/11/29 12:00:00,1.5,19.3,19.2,19.8,19.8,20.5,21.0,22.9,--,
2025-11-30,30,1012.8,1015.3,1013.9,2025/11/30 08:53:00,1011.3,2025/11/30 12:36:00,19.2,23.7,2025/11/30 09:58:00,15.2,2025/11/30 05:57:00,17.3,89,64,2025/11/30 09:46:00,1.6,170,5.8,310,2025/11/30 11:22:00,1.0,3.3,0.5,2025/11/30 15:48:00,0.5,2025/11/30 15:08:00,5.3,49.8,11.25,20.3,-1.7,4,2025/11/30 12:00:00,7.3,19.4,19.4,20.0,20.0,20.8,21.1,22.8,9.0,
2025-12-01,1,1012.1,1014.7,1014.7,2025/12/01 08:14:00,1010.4,2025/12/01 14:50:00,21.0,24.2,2025/12/01 13:23:00,16.8,2025/12/01 07:12:00,19.2,89,68,2025/12/01 11:48:00,3.1,40,9.2,60,2025/12/01 17:10:00,9.0,2.1,6.0,2025/12/01 06:58:00,8.0,2025/12/01 06:21:00,7.1,66.8,14.28,13.5,-3.1,5,2025/12/01 12:00:00,4.8,20.7,20.4,20.9,20.8,21.1,21.3,22.8,4.8,--
2025-12-02,2,1013.0,1015.5,1015.0,2025/12/02 23:05:00,1011.2,2025/12/02 00:01:00,21.6,23.7,2025/12/02 11:45:00,20.4,2025/12/02 02:44:00,18.3,82,72,2025/12/02 13:54:00,6.6,40,16.4,40,2025/12/02 23:30:00,0.5,0.9,0.5,2025/12/02 03:03:00,0.5,2025/12/02 03:03:00,7.1,66.9,14.22,16.0,-2.6,5,2025/12/02 12:00:00,6.8,20.8,21.0,21.5,21.5,21.7,21.7,22.8,4.8,--
2025-12-03,3,1019.5,1022.1,1021.7,2025/12/03 20:19:00,1014.8,2025/12/03 00:02:00,18.2,20.6,2025/12/03 00:01:00,16.4,2025/12/03 23:57:00,12.3,69,57,2025/12/03 21:26:00,9.7,50,18.5,50,2025/12/03 18:37:00,T,2.2,T,2025/12/03 03:21:00,T,2025/12/03 03:21:00,0.0,0.0,2.95,12.0,-4.3,1,2025/12/03 13:00:00,10.0,18.4,19.3,20.2,20.5,21.5,21.7,22.9,9.9,--
2025-12-04,4,1019.5,1022.1,1021.3,2025/12/04 00:01:00,1017.0,2025/12/04 14:22:00,18.2,20.6,2025/12/04 14:31:00,16.1,2025/12/04 01:00:00,10.4,60,52,2025/12/04 09:21:00,8.1,60,19.0,50,2025/12/04 00:26:00,0.0,0.0,0.0,--,0.0,--,4.1,38.7,11.27,16.0,4.2,4,2025/12/04 11:00:00,6.3,17.3,17.8,18.7,19.0,20.5,21.2,22.9,8.0,--
2025-12-05,5,1018.7,1021.3,1020.5,2025/12/05 08:49:00,1016.9,2025/12/05 14:14:00,18.9,21.3,2025/12/05 12:12:00,17.6,2025/12/05 03:56:00,13.1,69,59,2025/12/05 13:37:00,7.7,60,17.3,40,2025/12/05 11:34:00,0.0,0.0,0.0,--,0.0,--,6.9,65.2,15.11,27.5,4.0,5,2025/12/05 12:00:00,6.3,18.1,18.4,19.1,19.2,20.2,20.8,22.7,7.3,--
2025-12-06,6,1016.9,1019.5,1019.5,2025/12/06 09:09:00,1014.9,2025/12/06 16:42:00,19.8,21.9,2025/12/06 11:51:00,16.3,2025/12/06 02:49:00,14.7,73,61,2025/12/06 11:53:00,6.6,50,17.4,40,2025/12/06 13:22:00,0.0,0.0,0.0,--,0.0,--,8.2,77.5,14.53,30.0,4.5,5,2025/12/06 12:00:00,3.0,18.8,18.8,19.5,19.5,20.3,20.7,22.5,3.8,--
2025-12-07,7,1015.7,1018.2,1017.0,2025/12/07 21:59:00,1013.9,2025/12/07 13:59:00,22.0,26.6,2025/12/07 12:51:00,18.1,2025/12/07 22:46:00,15.2,66,47,2025/12/07 13:46:00,4.3,60,13.2,80,2025/12/07 10:22:00,0.0,0.0,0.0,--,0.0,--,10.0,94.6,15.98,37.5,2.8,5,2025/12/07 12:00:00,0.3,19.8,19.7,20.2,20.2,20.6,20.8,22.4,1.5,--
2025-12-08,8,1017.8,1020.4,1020.4,2025/12/08 09:53:00,1015.3,2025/12/08 00:26:00,20.7,22.8,2025/12/08 12:25:00,17.3,2025/12/08 00:20:00,16.4,77,61,2025/12/08 13:32:00,8.3,50,19.5,50,2025/12/08 20:27:00,T,0.2,T,2025/12/08 21:21:00,T,2025/12/08 21:21:00,5.2,49.2,12.15,27.5,-3.7,4,2025/12/08 13:00:00,6.8,19.8,19.9,20.5,20.4,20.9,21.0,22.4,6.4,--
2025-12-09,9,1017.2,1019.8,1019.5,2025/12/09 07:54:00,1015.1,2025/12/09 13:20:00,19.5,22.7,2025/12/09 13:44:00,17.3,2025/12/09 07:50:00,17.0,86,69,2025/12/09 12:59:00,8.3,50,18.9,40,2025/12/09 03:53:00,5.5,7.5,0.5,2025/12/09 02:24:00,1.5,2025/12/09 07:13:00,6.4,60.6,12.73,21.3,-3.2,5,2025/12/09 12:00:00,5.0,19.2,19.5,20.2,20.3,20.9,21.2,22.4,5.3,--
2025-12-10,10,1016.5,1019.0,1018.0,2025/12/10 09:30:00,1014.8,2025/12/10 14:04:00,18.9,22.2,2025/12/10 13:02:00,16.6,2025/12/10 23:59:00,17.3,91,82,2025/12/10 12:59:00,2.4,340,8.7,360,2025/12/10 10:06:00,0.0,0.0,T,2025/12/10 05:01:00,T,2025/12/10 05:01:00,2.0,18.9,8.82,16.8,1.4,4,2025/12/10 13:00:00,9.0,19.8,19.8,20.4,20.4,20.9,21.1,22.4,4.5,--
2025-12-11,11,1016.8,1019.4,1018.0,2025/12/11 08:50:00,1015.6,2025/12/11 13:31:00,19.3,22.1,2025/12/11 10:53:00,15.5,2025/12/11 05:57:00,15.9,81,69,2025/12/11 10:55:00,4.9,50,15.3,40,2025/12/11 22:43:00,0.0,0.0,0.0,--,0.0,--,7.0,66.3,13.37,21.8,5.0,4,2025/12/11 13:00:00,6.0,19.5,19.6,20.2,20.2,20.9,21.1,22.4,3.1,--
2025-12-12,12,1016.4,1018.9,1018.0,2025/12/12 08:26:00,1014.9,2025/12/12 14:29:00,20.6,22.7,2025/12/12 10:22:00,19.6,2025/12/12 21:54:00,16.0,75,65,2025/12/12 10:22:00,8.6,60,18.8,40,2025/12/12 13:26:00,0.0,0.0,0.0,--,0.0,--,2.5,23.7,11.12,16.0,-2.6,4,2025/12/12 11:00:00,9.5,19.5,19.6,20.3,20.3,20.9,21.1,22.4,9.0,--
2025-12-13,13,1017.6,1020.2,1020.5,2025/12/13 21:47:00,1015.8,2025/12/13 14:12:00,18.7,20.6,2025/12/13 00:01:00,16.0,2025/12/13 23:37:00,15.9,84,70,2025/12/13 18:13:00,7.1,40,15.3,40,2025/12/13 01:04:00,0.5,8.8,0.5,2025/12/13 10:53:00,0.5,2025/12/13 10:53:00,0.0,0.0,2.19,10.0,-1.8,1,2025/12/13 12:00:00,10.0,19.1,19.5,20.1,20.2,20.9,21.1,22.4,10.0,--
2025-12-14,14,1021.2,1023.8,1023.2,2025/12/14 09:57:00,1019.7,2025/12/14 01:42:00,15.2,17.0,2025/12/14 00:09:00,13.4,2025/12/14 17:32:00,7.9,62,53,2025/12/14 10:12:00,8.8,50,19.0,50,2025/12/14 15:33:00,0.0,0.0,0.0,--,0.0,--,5.0,47.4,13.08,21.5,5.3,4,2025/12/14 13:00:00,7.5,16.7,17.6,18.6,18.9,20.3,20.9,22.4,9.2,--
2025-12-15,15,1018.3,1020.9,1020.5,2025/12/15 00:11:00,1016.6,2025/12/15 15:33:00,17.9,22.4,2025/12/15 12:55:00,14.1,2025/12/15 00:05:00,9.6,58,45,2025/12/15 12:56:00,5.8,60,17.4,50,2025/12/15 02:14:00,0.0,0.0,0.0,--,0.0,--,5.9,56.0,12.75,18.0,1.8,4,2025/12/15 13:00:00,6.0,17.0,17.1,17.9,18.1,19.4,20.2,22.2,6.8,--
2025-12-16,16,1017.4,1020.0,1019.2,2025/12/16 09:13:00,1015.7,2025/12/16 14:53:00,17.5,22.3,2025/12/16 13:33:00,12.2,2025/12/16 05:58:00,14.6,83,63,2025/12/16 13:54:00,2.2,30,9.8,20,2025/12/16 14:51:00,0.0,0.0,0.0,--,0.0,--,8.2,77.8,14.43,13.0,1.9,4,2025/12/16 12:00:00,1.8,17.9,17.9,18.5,18.6,19.5,20.0,22.0,1.8,--
2025-12-17,17,1018.2,1020.8,1019.4,2025/12/17 09:05:00,1016.9,2025/12/17 14:58:00,19.5,24.0,2025/12/17 11:28:00,14.4,2025/12/17 01:12:00,16.0,81,63,2025/12/17 11:29:00,6.3,40,20.5,50,2025/12/17 22:27:00,0.0,0.0,0.0,--,0.0,--,9.1,86.4,15.14,23.0,4.2,5,2025/12/17 12:00:00,4.0,18.7,18.6,19.1,19.0,19.7,20.1,21.9,3.3,--
2025-12-18,18,1016.7,1019.3,1019.3,2025/12/18 08:33:00,1014.4,2025/12/18 16:20:00,20.1,22.5,2025/12/18 13:09:00,18.2,2025/12/18 23:45:00,15.9,77,68,2025/12/18 06:30:00,7.5,50,18.3,50,2025/12/18 01:26:00,T,0.1,T,2025/12/18 17:38:00,T,2025/12/18 17:38:00,1.6,15.2,10.29,17.5,-2.3,4,2025/12/18 13:00:00,8.0,19.0,19.1,19.7,19.6,20.1,20.3,21.8,8.9,--
2025-12-19,19,1015.1,1017.7,1016.6,2025/12/19 08:41:00,1013.5,2025/12/19 14:38:00,19.4,21.6,2025/12/19 10:15:00,17.6,2025/12/19 02:23:00,18.4,94,87,2025/12/19 10:17:00,2.4,40,7.9,40,2025/12/19 13:19:00,1.5,3.3,0.5,2025/12/19 15:56:00,0.5,2025/12/19 15:56:00,0.0,0.0,2.85,9.0,0.0,1,2025/12/19 11:00:00,10.0,19.5,19.5,20.0,19.9,20.3,20.4,21.8,10.0,--
2025-12-20,20,1015.0,1017.6,1016.7,2025/12/20 09:40:00,1013.6,2025/12/20 15:13:00,20.2,20.9,2025/12/20 13:17:00,19.4,2025/12/20 00:01:00,19.1,94,91,2025/12/20 02:47:00,4.3,40,9.2,40,2025/12/20 15:24:00,T,0.1,T,2025/12/20 00:01:00,T,2025/12/20 00:01:00,0.0,0.0,3.23,13.0,1.0,1,2025/12/20 12:00:00,10.0,19.9,19.9,20.4,20.3,20.6,20.6,21.8,8.7,--
2025-12-21,21,1018.3,1020.8,1019.9,2025/12/21 20:16:00,1015.6,2025/12/21 00:01:00,18.9,20.7,2025/12/21 00:49:00,17.9,2025/12/21 21:08:00,15.4,80,71,2025/12/21 19:13:00,9.8,50,21.3,40,2025/12/21 12:42:00,0.0,0.0,0.0,--,0.0,--,0.0,0.0,1.81,11.8,2.4,1,2025/12/21 12:00:00,10.0,18.9,19.4,20.1,20.1,20.7,20.8,21.8,8.8,--
2025-12-22,22,1016.8,1019.4,1019.1,2025/12/22 08:34:00,1014.7,2025/12/22 14:44:00,19.3,22.3,2025/12/22 13:43:00,17.7,2025/12/22 04:07:00,14.1,72,59,2025/12/22 13:56:00,9.4,50,18.9,50,2025/12/22 08:51:00,0.0,0.0,0.0,--,0.0,--,9.3,88.3,14.89,25.0,4.1,4,2025/12/22 12:00:00,5.8,18.5,18.6,19.3,19.3,20.2,20.6,21.8,4.9,--
2025-12-23,23,1014.1,1016.6,1016.3,2025/12/23 09:03:00,1012.3,2025/12/23 15:19:00,20.7,24.1,2025/12/23 12:55:00,18.8,2025/12/23 22:26:00,18.3,86,74,2025/12/23 00:06:00,4.9,40,11.8,60,2025/12/23 00:57:00,0.0,0.0,0.0,--,0.0,--,6.3,59.8,13.50,22.5,1.7,4,2025/12/23 12:00:00,7.5,19.9,19.5,20.0,19.9,20.2,20.4,21.7,6.0,--
2025-12-24,24,1011.9,1014.4,1013.9,2025/12/24 00:07:00,1009.0,2025/12/24 14:40:00,20.6,22.9,2025/12/24 14:12:00,17.6,2025/12/24 06:39:00,17.7,84,71,2025/12/24 14:43:00,6.4,40,16.5,50,2025/12/24 11:18:00,T,0.2,T,2025/12/24 22:22:00,T,2025/12/24 22:22:00,8.0,75.9,14.28,21.5,-2.4,4,2025/12/24 12:00:00,3.5,20.0,20.0,20.5,20.4,20.7,20.6,21.7,5.4,--
2025-12-25,25,1017.3,1019.9,1020.7,2025/12/25 20:20:00,1011.5,2025/12/25 00:27:00,14.8,19.6,2025/12/25 00:01:00,12.3,2025/12/25 19:00:00,12.1,84,64,2025/12/25 22:40:00,9.0,40,19.4,50,2025/12/25 18:36:00,2.5,15.7,0.5,2025/12/25 07:25:00,1.0,2025/12/25 16:19:00,0.0,0.0,5.76,9.0,-2.0,1,2025/12/25 12:00:00,10.0,17.2,18.3,19.2,19.5,20.6,20.8,21.7,9.9,--
2025-12-26,26,1018.9,1021.5,1021.1,2025/12/26 09:03:00,1017.4,2025/12/26 14:55:00,13.9,14.9,2025/12/26 11:48:00,13.1,2025/12/26 18:24:00,9.3,74,61,2025/12/26 12:02:00,8.5,60,19.5,40,2025/12/26 08:17:00,0.5,4.3,0.5,2025/12/26 00:10:00,0.5,2025/12/26 00:10:00,0.0,0.0,X,19.3,-2.0,1,2025/12/26 12:00:00,10.0,15.3,16.1,17.1,17.5,19.3,20.1,21.6,10.0,--
2025-12-27,27,1017.6,1020.2,1019.4,2025/12/27 08:57:00,1016.4,2025/12/27 14:39:00,15.8,18.1,2025/12/27 11:59:00,14.6,2025/12/27 07:50:00,13.3,85,74,2025/12/27 12:14:00,6.1,60,15.1,50,2025/12/27 20:31:00,0.5,3.3,0.5,2025/12/27 07:49:00,0.5,2025/12/27 07:14:00,0.2,1.9,X,16.5,-0.1,3,2025/12/27 12:00:00,9.3,16.5,16.7,17.4,17.6,18.8,19.5,21.5,9.7,--
2025-12-28,28,1015.9,1018.5,1017.4,2025/12/28 09:05:00,1015.1,2025/12/28 14:16:00,16.6,19.0,2025/12/28 09:06:00,15.3,2025/12/28 00:01:00,13.8,84,72,2025/12/28 15:45:00,5.9,60,15.5,40,2025/12/28 09:33:00,T,1.1,T,2025/12/28 13:39:00,T,2025/12/28 13:39:00,0.5,4.7,X,19.3,-1.9,2,2025/12/28 15:00:00,9.5,17.0,17.1,17.8,17.9,18.8,19.3,21.3,10.0,--
2025-12-29,29,1012.9,1015.4,1015.3,2025/12/29 00:01:00,1010.8,2025/12/29 14:23:00,19.8,22.8,2025/12/29 12:42:00,16.3,2025/12/29 00:01:00,15.0,74,58,2025/12/29 12:46:00,6.1,50,15.6,30,2025/12/29 12:48:00,0.0,0.0,0.0,--,0.0,--,5.0,47.4,X,31.3,-2.6,5,2025/12/29 12:00:00,6.8,18.0,17.9,18.4,18.3,18.9,19.3,21.1,8.8,--
2025-12-30,30,1013.0,1015.6,1015.4,2025/12/30 09:14:00,1011.6,2025/12/30 00:29:00,18.7,19.9,2025/12/30 00:02:00,17.3,2025/12/30 20:32:00,16.0,84,70,2025/12/30 22:48:00,6.9,40,16.0,40,2025/12/30 17:27:00,0.5,3.8,0.5,2025/12/30 09:24:00,0.5,2025/12/30 08:27:00,0.0,0.0,X,13.0,-1.5,2,2025/12/30 13:00:00,9.8,18.4,18.5,19.1,19.0,19.4,19.5,21.0,9.3,--
2025-12-31,31,1013.5,1016.1,1015.2,2025/12/31 09:17:00,1011.9,2025/12/31 15:09:00,16.6,19.0,2025/12/31 02:22:00,15.5,2025/12/31 22:51:00,14.8,89,68,2025/12/31 02:43:00,8.0,40,17.8,60,2025/12/31 23:56:00,10.0,14.8,1.0,2025/12/31 11:18:00,2.0,2025/12/31 11:18:00,0.0,0.0,X,6.0,/,1,2025/12/31 14:00:00,10.0,17.5,17.8,18.5,18.6,19.3,19.6,21.0,10.0,12.8
2026-01-01,1,1016.3,1018.9,1019.8,2026/01/01 22:36:00,1013.3,2026/01/01 03:31:00,15.2,16.4,2026/01/01 13:52:00,13.9,2026/01/01 21:20:00,13.0,87,72,2026/01/01 15:22:00,8.3,45,16.9,35,2026/01/01 01:41:00,5.5,10.1,1.0,2026/01/01 20:48:00,2.5,2026/01/01 20:38:00,0.0,0.0,9.05,,-1.3,1,2026/01/01 14:00:00,,16.2,16.8,17.6,17.8,18.9,19.4,20.9,9.9,22.7
2026-01-02,2,1023.1,1025.8,1025.5,2026/01/02 20:56:00,1019.5,2026/01/02 00:01:00,12.1,14.6,2026/01/02 00:01:00,10.9,2026/01/02 14:57:00,7.2,72,57,2026/01/02 22:42:00,8.9,51,17.6,42,2026/01/02 14:33:00,1.5,5.3,0.5,2026/01/02 01:45:00,0.5,2026/01/02 01:45:00,0.0,0.0,8.54,,2.5,1,2026/01/02 12:00:00,,14.0,15.0,16.0,16.4,18.2,18.9,20.7,9.5,32.0
2026-01-03,3,1022.5,1025.1,1025.0,2026/01/03 00:10:00,1020.6,2026/01/03 15:05:00,14.2,17.4,2026/01/03 13:55:00,11.1,2026/01/03 02:06:00,7.1,63,52,2026/01/03 10:11:00,7.9,55,19.1,41,2026/01/03 13:38:00,0.0,0.0,0.0,--,0.0,--,9.8,92.6,21.9,,-3.1,5,2026/01/03 12:00:00,,14.0,14.5,15.3,15.6,17.2,18.2,20.5,4.5,67.1
2026-01-04,4,1019.0,1021.6,1021.3,2026/01/04 09:15:00,1017.1,2026/01/04 15:46:00,14.8,19.2,2026/01/04 13:35:00,9.6,2026/01/04 06:12:00,10.0,74,49,2026/01/04 12:35:00,2.0,266,8.2,71,2026/01/04 00:01:00,0.0,0.0,0.0,--,0.0,--,10.1,95.3,22.58,,-1.9,5,2026/01/04 13:00:00,,14.9,15.2,15.8,16.0,17.1,17.8,20.2,1.1,54.5
2026-01-05,5,1018.8,1021.4,1021.4,2026/01/05 23:52:00,1016.9,2026/01/05 03:27:00,15.6,18.8,2026/01/05 11:12:00,12.6,2026/01/05 00:50:00,12.5,82,72,2026/01/05 11:26:00,4.8,44,15.1,44,2026/01/05 22:20:00,T,0.3,T,2026/01/05 07:22:00,T,2026/01/05 07:22:00,1.3,12.3,0.8,,-2.8,4,2026/01/05 12:00:00,,15.6,15.8,16.4,16.4,17.3,17.8,19.9,6.7,32.2
2026-01-06,6,1021.6,1024.2,1023.2,2026/01/06 22:05:00,1019.7,2026/01/06 15:13:00,13.0,14.7,2026/01/06 09:37:00,11.9,2026/01/06 17:47:00,7.8,71,60,2026/01/06 22:18:00,6.1,44,15.7,40,2026/01/06 03:34:00,T,1.0,T,2026/01/06 00:03:00,T,2026/01/06 00:03:00,0.0,0.0,0.0,,2.3,1,2026/01/06 10:00:00,,14.5,15.2,16.0,16.2,17.4,17.9,19.8,9.8,21.6
2026-01-07,7,1022.6,1025.2,1024.8,2026/01/07 09:32:00,1020.9,2026/01/07 14:42:00,12.5,13.6,2026/01/07 23:54:00,11.7,2026/01/07 06:48:00,4.3,57,51,2026/01/07 03:04:00,7.3,59,15.9,45,2026/01/07 14:40:00,0.0,0.0,0.0,--,0.0,--,1.9,17.9,0.33,,3.3,3,2026/01/07 12:00:00,,13.5,14.2,15.1,15.4,16.8,17.6,19.7,9.0,28.8
2026-01-08,8,1023.3,1025.9,1025.3,2026/01/08 09:44:00,1021.5,2026/01/08 02:42:00,13.3,15.2,2026/01/08 12:51:00,10.9,2026/01/08 23:27:00,4.6,56,48,2026/01/08 15:45:00,7.4,49,15.9,43,2026/01/08 14:51:00,0.0,0.0,0.0,--,0.0,--,3.4,32.0,9.88,,3.2,4,2026/01/08 13:00:00,,13.6,14.2,15.0,15.2,16.6,17.3,19.5,6.8,37.8
2026-01-09,9,1020.4,1023.1,1022.9,2026/01/09 00:01:00,1017.6,2026/01/09 14:38:00,13.1,16.7,2026/01/09 13:42:00,9.9,2026/01/09 23:59:00,5.7,62,47,2026/01/09 09:23:00,5.1,40,14.4,45,2026/01/09 10:40:00,0.0,0.0,0.0,--,0.0,--,8.9,83.7,15.81,,4.3,5,2026/01/09 13:00:00,,13.6,14.1,14.8,15.0,16.3,17.1,19.3,3.6,38.5
2026-01-10,10,1018.5,1021.2,1021.7,2026/01/10 23:27:00,1015.8,2026/01/10 13:46:00,14.4,19.4,2026/01/10 12:34:00,7.6,2026/01/10 05:46:00,9.1,72,55,2026/01/10 13:23:00,4.9,47,14.9,33,2026/01/10 11:37:00,0.0,0.0,0.0,--,0.0,--,6.9,64.8,14.76,,-3.2,5,2026/01/10 13:00:00,,14.3,14.4,15.0,15.1,16.2,16.9,19.1,5.6,43.8
2026-01-11,11,1022.0,1024.6,1023.1,2026/01/11 08:02:00,1020.5,2026/01/11 13:22:00,15.1,17.4,2026/01/11 10:53:00,13.0,2026/01/11 20:54:00,6.3,56,47,2026/01/11 12:44:00,8.9,53,23.3,44,2026/01/11 12:12:00,0.0,0.0,0.0,--,0.0,--,9.2,86.3,15.72,,-5.3,5,2026/01/11 13:00:00,,14.5,14.9,15.6,15.7,16.6,17.0,19.0,3.6,41.3
2026-01-12,12,1018.3,1020.9,1020.9,2026/01/12 00:01:00,1016.2,2026/01/12 14:38:00,14.8,17.4,2026/01/12 09:56:00,12.6,2026/01/12 20:48:00,9.6,71,58,2026/01/12 01:25:00,3.1,63,15.8,61,2026/01/12 01:04:00,T,0.5,T,2026/01/12 08:23:00,T,2026/01/12 08:23:00,0.1,0.9,3.56,,0.5,2,2026/01/12 10:00:00,,14.7,14.9,15.5,15.6,16.5,17.0,18.9,9.5,42.6
2026-01-13,13,1017.2,1019.8,1019.0,2026/01/13 10:06:00,1015.8,2026/01/13 15:00:00,15.3,19.5,2026/01/13 11:01:00,9.1,2026/01/13 07:01:00,10.2,73,43,2026/01/13 11:17:00,3.2,57,10.5,31,2026/01/13 16:07:00,0.0,0.0,0.0,--,0.0,--,9.8,91.7,15.9,,2.7,5,2026/01/13 13:00:00,,15.1,15.2,15.8,15.8,16.6,17.1,18.8,2.3,32.8
2026-01-14,14,1015.1,1017.7,1017.1,2026/01/14 00:01:00,1012.4,2026/01/14 14:45:00,19.0,24.9,2026/01/14 14:12:00,14.8,2026/01/14 06:20:00,11.3,62,39,2026/01/14 16:17:00,3.9,54,10.6,51,2026/01/14 02:45:00,0.0,0.0,0.0,--,0.0,--,10.2,95.4,16.95,,-2.4,5,2026/01/14 13:00:00,,16.4,16.3,16.8,16.6,17.0,17.2,18.7,1.2,53.5
2026-01-15,15,1014.2,1016.8,1016.6,2026/01/15 09:03:00,1012.2,2026/01/15 14:10:00,17.6,21.2,2026/01/15 14:19:00,14.3,2026/01/15 00:52:00,14.2,81,61,2026/01/15 23:45:00,2.8,55,7.3,32,2026/01/15 21:28:00,0.0,0.0,0.0,--,0.0,--,7.7,71.9,15.23,,-2.3,5,2026/01/15 13:00:00,,17.0,16.9,17.4,17.3,17.5,17.6,18.7,6.1,21.4
2026-01-16,16,1012.5,1015.0,1014.1,2026/01/16 09:08:00,1010.6,2026/01/16 14:43:00,18.1,20.1,2026/01/16 13:38:00,17.1,2026/01/16 07:00:00,16.4,90,69,2026/01/16 00:01:00,4.4,41,9.2,18,2026/01/16 05:42:00,T,0.9,T,2026/01/16 03:16:00,T,2026/01/16 03:16:00,0.0,0.0,5.31,,1.1,3,2026/01/16 13:00:00,,17.7,17.6,18.1,18.0,18.1,17.9,18.7,9.7,18.9
2026-01-17,17,1011.3,1013.9,1012.3,2026/01/17 00:01:00,1009.4,2026/01/17 13:57:00,18.2,20.8,2026/01/17 11:40:00,16.8,2026/01/17 18:02:00,15.5,85,72,2026/01/17 12:08:00,6.2,43,16.4,40,2026/01/17 16:01:00,0.0,0.0,0.0,--,0.0,--,2.4,22.4,12.06,,2.9,5,2026/01/17 13:00:00,,17.9,17.9,18.4,18.3,18.4,18.3,18.9,9.5,22.9
2026-01-18,18,1011.6,1014.2,1013.0,2026/01/18 09:29:00,1009.7,2026/01/18 14:54:00,17.7,20.0,2026/01/18 11:07:00,16.7,2026/01/18 05:21:00,15.2,86,75,2026/01/18 13:45:00,7.0,43,15.3,43,2026/01/18 13:47:00,0.0,0.0,0.0,--,0.0,--,3.9,36.3,10.74,,-2.4,4,2026/01/18 12:00:00,,17.7,17.8,18.3,18.3,18.6,18.5,19.0,6.6,23.0
2026-01-19,19,1013.1,1015.7,1014.4,2026/01/19 07:44:00,1011.2,2026/01/19 13:46:00,17.3,19.1,2026/01/19 12:06:00,16.3,2026/01/19 22:34:00,15.0,86,81,2026/01/19 11:40:00,8.8,48,19.9,56,2026/01/19 16:37:00,0.5,2.3,0.5,2026/01/19 22:29:00,0.5,2026/01/19 22:29:00,0.2,1.9,5.59,,-1.3,3,2026/01/19 13:00:00,,17.4,17.6,18.2,18.2,18.6,18.6,19.1,6.9,18.0
2026-01-20,20,1017.5,1020.1,1020.3,2026/01/20 23:28:00,1013.9,2026/01/20 00:01:00,14.1,16.3,2026/01/20 00:01:00,12.3,2026/01/20 21:58:00,10.9,82,71,2026/01/20 15:00:00,10.2,50,20.1,41,2026/01/20 05:01:00,4.0,8.0,1.0,2026/01/20 03:56:00,2.5,2026/01/20 03:09:00,0.0,0.0,3.68,,-1.6,2,2026/01/20 12:00:00,,15.5,16.2,17.0,17.2,18.3,18.5,19.2,9.8,26.8
2026-01-21,21,1021.4,1024.0,1023.0,2026/01/21 22:02:00,1019.6,2026/01/21 14:48:00,11.4,12.6,2026/01/21 00:01:00,10.3,2026/01/21 19:15:00,9.0,85,78,2026/01/21 02:21:00,9.5,47,20.3,46,2026/01/21 20:38:00,1.0,12.4,0.5,2026/01/21 18:20:00,0.5,2026/01/21 18:20:00,0.0,0.0,2.02,,0.0,1,2026/01/21 12:00:00,,13.8,14.6,15.5,15.8,17.4,18.0,19.2,10.0,25.5
2026-01-22,22,1022.4,1025.1,1024.0,2026/01/22 08:53:00,1020.7,2026/01/22 15:24:00,11.6,12.4,2026/01/22 23:43:00,10.5,2026/01/22 01:35:00,10.0,90,80,2026/01/22 06:23:00,7.4,52,17.7,42,2026/01/22 02:29:00,6.0,14.4,0.5,2026/01/22 01:14:00,1.5,2026/01/22 14:30:00,0.0,0.0,1.9,,/,1,2026/01/22 12:00:00,,13.4,13.9,14.8,15.1,16.6,17.4,19.1,10.0,26.0
2026-01-23,23,1021.2,1023.8,1023.0,2026/01/23 07:44:00,1019.1,2026/01/23 14:15:00,14.9,18.0,2026/01/23 12:10:00,12.4,2026/01/23 00:01:00,12.5,86,70,2026/01/23 10:33:00,6.7,52,15.5,38,2026/01/23 14:44:00,T,1.4,T,2026/01/23 00:10:00,T,2026/01/23 00:10:00,3.8,35.1,12.81,,0.2,6,2026/01/23 13:00:00,,14.8,14.8,15.5,15.5,16.4,17.0,18.9,8.3,48.6
2026-01-24,24,1019.8,1022.4,1022.3,2026/01/24 09:24:00,1017.6,2026/01/24 23:21:00,16.1,18.4,2026/01/24 12:41:00,14.7,2026/01/24 06:48:00,14.4,90,82,2026/01/24 12:43:00,6.6,44,16.3,51,2026/01/24 15:40:00,2.5,3.6,0.5,2026/01/24 04:14:00,2.0,2026/01/24 04:14:00,0.7,6.5,8.34,,1.1,4,2026/01/24 13:00:00,,15.9,15.9,16.4,16.5,16.9,17.1,18.7,8.8,41.3
2026-01-25,25,1018.0,1020.6,1020.3,2026/01/25 08:06:00,1014.9,2026/01/25 14:41:00,18.4,24.8,2026/01/25 14:52:00,14.8,2026/01/25 06:03:00,15.9,86,58,2026/01/25 14:53:00,2.5,35,12.4,42,2026/01/25 12:10:00,0.0,0.0,0.0,--,0.0,--,6.0,55.3,14.9,,-1.7,6,2026/01/25 12:00:00,,17.1,16.9,17.3,17.2,17.3,17.4,18.6,8.3,32.4
2026-01-26,26,1017.6,1020.2,1019.6,2026/01/26 09:56:00,1015.8,2026/01/26 15:23:00,17.7,19.6,2026/01/26 14:40:00,16.8,2026/01/26 02:02:00,16.6,93,85,2026/01/26 13:06:00,1.9,29,10.0,314,2026/01/26 19:28:00,T,0.4,T,2026/01/26 07:07:00,T,2026/01/26 07:07:00,0.7,6.4,7.22,,-1.3,4,2026/01/26 13:00:00,,17.8,17.6,18.1,18.0,18.0,17.8,18.5,9.9,8.6
2026-01-27,27,1018.8,1021.4,1020.6,2026/01/27 21:15:00,1017.0,2026/01/27 02:28:00,15.9,17.3,2026/01/27 00:19:00,14.4,2026/01/27 23:39:00,14.4,91,81,2026/01/27 10:54:00,7.1,45,16.9,36,2026/01/27 14:52:00,5.5,6.8,1.5,2026/01/27 18:07:00,4.0,2026/01/27 17:59:00,0.0,0.0,2.24,,1.5,1,2026/01/27 12:00:00,,16.8,17.2,17.8,17.8,18.2,18.1,18.7,10.0,16.8
2026-01-28,28,1020.4,1023.0,1022.2,2026/01/28 08:21:00,1019.5,2026/01/28 13:08:00,14.7,16.0,2026/01/28 21:12:00,13.8,2026/01/28 03:47:00,11.8,83,77,2026/01/28 21:31:00,7.9,42,17.0,45,2026/01/28 14:28:00,T,1.1,T,2026/01/28 00:02:00,T,2026/01/28 00:02:00,0.0,0.0,3.1,,1.4,1,2026/01/28 11:00:00,,15.5,15.9,16.6,16.7,17.7,18.0,18.7,8.7,37.9
2026-01-29,29,1018.7,1021.3,1020.8,2026/01/29 09:09:00,1017.2,2026/01/29 14:42:00,17.8,20.8,2026/01/29 10:48:00,14.7,2026/01/29 00:13:00,12.9,73,60,2026/01/29 10:32:00,6.8,52,16.8,39,2026/01/29 12:25:00,0.0,0.0,0.0,--,0.0,--,9.7,88.8,17.78,,-2.5,6,2026/01/29 13:00:00,,16.3,16.3,16.8,16.8,17.4,17.7,18.7,4.6,44.4
2026-01-30,30,1018.6,1021.2,1020.5,2026/01/30 09:35:00,1016.9,2026/01/30 14:14:00,18.1,22.3,2026/01/30 11:54:00,16.4,2026/01/30 06:16:00,15.9,88,68,2026/01/30 12:12:00,2.9,29,9.5,31,2026/01/30 16:37:00,T,0.1,T,2026/01/30 18:08:00,T,2026/01/30 18:08:00,2.6,23.8,11.93,,-1.3,7,2026/01/30 13:00:00,,17.5,17.4,17.8,17.7,17.8,17.8,18.7,9.7,29.0
2026-01-31,31,1020.4,1023.0,1022.6,2026/01/31 20:53:00,1018.2,2026/01/31 02:18:00,15.3,17.0,2026/01/31 03:55:00,13.2,2026/01/31 21:25:00,14.1,93,85,2026/01/31 13:18:00,6.9,43,16.4,44,2026/01/31 23:14:00,6.0,11.5,0.5,2026/01/31 09:06:00,1.5,2026/01/31 17:16:00,0.0,0.0,3.52,,-1.0,2,2026/01/31 13:00:00,,16.7,17.0,17.7,17.7,18.2,18.1,18.7,10.0,16.4
2026-02-01,1,1021.4,1024.0,1022.8,2026/02/01 09:41:00,1019.2,2026/02/01 16:52:00,14.1,15.7,2026/02/01 18:20:00,13.2,2026/02/01 02:29:00,12.5,90,81,2026/02/01 18:35:00,8.7,47,18.0,45,2026/02/01 09:53:00,4.5,12.0,0.5,2026/02/01 01:08:00,1.0,2026/02/01 12:02:00,0.0,0.0,3.22,,/,1,2026/02/01 14:00:00,,15.3,15.7,16.4,16.6,17.6,17.9,18.7,10.0,26.4
2026-02-02,2,1023.1,1025.7,1024.6,2026/02/02 20:16:00,1021.7,2026/02/02 03:19:00,13.9,14.6,2026/02/02 02:56:00,12.9,2026/02/02 11:35:00,11.7,87,74,2026/02/02 23:00:00,8.8,48,19.6,49,2026/02/02 18:55:00,2.0,9.4,0.5,2026/02/02 00:15:00,1.0,2026/02/02 00:15:00,0.0,0.0,1.76,,2.1,1,2026/02/02 14:00:00,,14.8,15.2,16.0,16.1,17.2,17.6,18.7,9.8,11.3
2026-02-03,3,1021.4,1024.0,1024.1,2026/02/03 00:01:00,1019.1,2026/02/03 15:33:00,17.0,20.8,2026/02/03 14:10:00,14.4,2026/02/03 00:05:00,11.1,69,56,2026/02/03 11:58:00,7.2,56,19.0,58,2026/02/03 01:25:00,0.0,0.0,0.0,--,0.0,--,9.3,84.4,18.07,,-3.4,6,2026/02/03 13:00:00,,15.3,15.4,16.1,16.1,16.8,17.2,18.6,5.7,30.2
2026-02-04,4,1017.3,1019.9,1019.5,2026/02/04 06:51:00,1015.1,2026/02/04 23:11:00,16.3,20.1,2026/02/04 11:34:00,12.8,2026/02/04 06:33:00,14.5,89,72,2026/02/04 09:36:00,2.1,44,8.3,38,2026/02/04 14:41:00,0.0,0.0,0.0,--,0.0,--,5.9,53.5,14.12,,2.1,5,2026/02/04 12:00:00,,16.3,16.3,16.8,16.8,17.1,17.3,18.5,5.5,18.6
2026-02-05,5,1014.6,1017.2,1016.9,2026/02/05 09:01:00,1012.0,2026/02/05 14:41:00,19.6,25.1,2026/02/05 13:22:00,16.4,2026/02/05 00:53:00,15.7,80,49,2026/02/05 13:55:00,1.6,247,6.2,243,2026/02/05 13:38:00,T,0.1,T,2026/02/05 07:10:00,T,2026/02/05 07:10:00,2.0,18.1,10.38,,-2.4,5,2026/02/05 14:00:00,,17.9,17.6,18.0,17.9,17.7,17.5,18.4,8.1,28.5
2026-02-06,6,1014.2,1016.8,1016.4,2026/02/06 23:31:00,1012.3,2026/02/06 15:00:00,17.8,20.9,2026/02/06 09:21:00,15.8,2026/02/06 00:00:00,16.5,92,77,2026/02/06 01:50:00,3.7,32,11.1,47,2026/02/06 19:28:00,1.0,2.6,0.5,2026/02/06 10:02:00,0.5,2026/02/06 10:02:00,0.4,3.6,5.28,,-0.5,2,2026/02/06 12:00:00,,18.1,18.1,18.6,18.5,18.4,18.1,18.4,9.1,9.4
2026-02-07,7,1019.8,1022.4,1022.8,2026/02/07 22:17:00,1016.3,2026/02/07 00:01:00,13.7,15.8,2026/02/07 00:01:00,12.7,2026/02/07 16:33:00,10.8,83,70,2026/02/07 21:21:00,10.0,47,20.5,43,2026/02/07 12:39:00,T,4.4,T,2026/02/07 00:01:00,T,2026/02/07 00:01:00,0.0,0.0,2.53,,3.7,1,2026/02/07 13:00:00,,15.4,16.2,17.1,17.2,18.1,18.2,18.6,10.0,25.3
2026-02-08,8,1026.2,1028.9,1028.3,2026/02/08 11:41:00,1022.3,2026/02/08 00:26:00,10.7,12.8,2026/02/08 00:01:00,9.6,2026/02/08 22:00:00,3.8,63,50,2026/02/08 13:13:00,10.8,45,20.9,34,2026/02/08 02:53:00,T,0.5,T,2026/02/08 03:01:00,T,2026/02/08 03:01:00,1.2,10.8,9.59,,-3.6,4,2026/02/08 13:00:00,,12.7,13.8,14.9,15.3,16.9,17.6,18.7,9.7,25.7
2026-02-09,9,1020.8,1023.4,1025.7,2026/02/09 00:01:00,1017.9,2026/02/09 14:23:00,13.4,17.4,2026/02/09 13:46:00,10.0,2026/02/09 00:19:00,6.6,64,51,2026/02/09 13:47:00,5.4,63,17.8,47,2026/02/09 00:12:00,0.0,0.0,0.0,--,0.0,--,0.1,0.9,6.05,,1.4,3,2026/02/09 14:00:00,,13.1,13.4,14.2,14.5,15.9,16.8,18.5,9.7,67.6
2026-02-10,10,1019.0,1021.6,1020.9,2026/02/10 06:05:00,1016.9,2026/02/10 14:55:00,16.1,21.3,2026/02/10 15:34:00,12.4,2026/02/10 01:53:00,12.0,77,46,2026/02/10 14:40:00,2.1,114,9.6,329,2026/02/10 03:23:00,T,0.1,T,2026/02/10 05:36:00,T,2026/02/10 05:36:00,10.0,89.6,18.98,,1.5,6,2026/02/10 13:00:00,,15.5,15.3,15.8,15.8,16.2,16.5,18.3,5.0,33.0
2026-02-11,11,1020.1,1022.7,1021.8,2026/02/11 09:36:00,1018.3,2026/02/11 00:01:00,16.3,18.4,2026/02/11 10:09:00,14.8,2026/02/11 23:49:00,13.2,82,73,2026/02/11 13:16:00,5.8,48,15.4,45,2026/02/11 19:15:00,0.0,0.0,0.0,--,0.0,--,0.7,6.3,7.4,,4.1,3,2026/02/11 14:00:00,,16.1,16.2,16.8,16.8,17.0,17.0,18.1,9.5,21.9
2026-02-12,12,1018.0,1020.6,1020.2,2026/02/12 09:34:00,1016.1,2026/02/12 14:46:00,17.8,22.2,2026/02/12 13:46:00,13.9,2026/02/12 06:22:00,13.0,74,60,2026/02/12 11:34:00,5.0,56,13.8,63,2026/02/12 00:15:00,0.0,0.0,0.0,--,0.0,--,9.0,80.4,18.85,,3.3,6,2026/02/12 13:00:00,,16.5,16.5,17.0,16.9,17.2,17.2,18.1,4.3,26.8
2026-02-13,13,1015.1,1017.7,1016.5,2026/02/13 10:07:00,1013.6,2026/02/13 18:14:00,17.0,20.3,2026/02/13 12:40:00,13.9,2026/02/13 06:01:00,15.2,89,76,2026/02/13 09:07:00,2.2,359,8.0,3,2026/02/13 11:15:00,0.0,0.0,0.0,--,0.0,--,7.8,69.5,16.95,,2.9,6,2026/02/13 13:00:00,,17.1,17.2,17.7,17.6,17.6,17.5,18.1,1.4,10.2
2026-02-14,14,1013.9,1016.5,1015.6,2026/02/14 08:38:00,1012.3,2026/02/14 14:33:00,19.6,24.8,2026/02/14 12:04:00,14.2,2026/02/14 06:36:00,15.5,79,49,2026/02/14 12:07:00,2.0,277,6.0,271,2026/02/14 12:08:00,0.0,0.0,0.0,--,0.0,--,10.4,92.5,19.78,,3.7,7,2026/02/14 13:00:00,,18.1,17.9,18.4,18.2,18.1,17.8,18.2,1.5,27.0
2026-02-15,15,1014.0,1016.6,1015.9,2026/02/15 08:45:00,1012.6,2026/02/15 15:02:00,19.8,25.1,2026/02/15 09:57:00,15.4,2026/02/15 04:55:00,16.3,82,54,2026/02/15 09:28:00,2.0,51,7.9,21,2026/02/15 14:44:00,T,0.1,T,2026/02/15 23:07:00,T,2026/02/15 23:07:00,10.6,94.1,19.95,,-2.6,7,2026/02/15 13:00:00,,18.6,18.6,19.0,18.9,18.7,18.2,18.3,1.8,16.6
2026-02-16,16,1015.3,1017.9,1017.5,2026/02/16 23:04:00,1013.2,2026/02/16 03:55:00,17.0,19.3,2026/02/16 11:54:00,15.0,2026/02/16 23:34:00,16.2,95,89,2026/02/16 21:21:00,4.8,45,16.8,42,2026/02/16 21:04:00,0.5,3.6,0.5,2026/02/16 15:21:00,0.5,2026/02/16 15:21:00,0.0,0.0,4.49,,-0.1,3,2026/02/16 12:00:00,,18.3,18.6,19.2,19.1,19.2,18.7,18.5,8.0,6.6
2026-02-17,17,1018.8,1021.4,1020.9,2026/02/17 22:36:00,1016.8,2026/02/17 15:17:00,14.4,15.0,2026/02/17 00:01:00,13.8,2026/02/17 20:51:00,12.5,88,83,2026/02/17 22:50:00,8.5,44,17.2,43,2026/02/17 04:22:00,1.0,5.1,0.5,2026/02/17 00:48:00,0.5,2026/02/17 00:48:00,0.0,0.0,2.57,,-2.0,1,2026/02/17 12:00:00,,16.0,16.7,17.5,17.7,18.6,18.6,18.7,9.8,25.2
2026-02-18,18,1021.2,1023.8,1023.1,2026/02/18 09:54:00,1020.1,2026/02/18 03:20:00,14.6,16.0,2026/02/18 11:06:00,13.7,2026/02/18 04:34:00,9.8,73,65,2026/02/18 11:08:00,8.2,47,16.0,31,2026/02/18 11:39:00,T,0.5,T,2026/02/18 01:05:00,T,2026/02/18 01:05:00,0.0,0.0,7.36,,2.1,4,2026/02/18 12:00:00,,15.2,15.8,16.6,16.8,17.8,18.2,18.8,8.3,37.8
2026-02-19,19,1019.2,1021.8,1021.5,2026/02/19 08:14:00,1017.2,2026/02/19 14:03:00,17.5,21.1,2026/02/19 13:20:00,14.7,2026/02/19 00:01:00,12.3,72,59,2026/02/19 13:02:00,4.6,55,15.5,58,2026/02/19 00:24:00,0.0,0.0,0.0,--,0.0,--,5.2,45.8,14.55,,-2.2,5,2026/02/19 13:00:00,,16.4,16.4,17.0,17.0,17.5,17.8,18.7,7.1,34.4
2026-02-20,20,1016.7,1019.3,1019.0,2026/02/20 08:44:00,1014.3,2026/02/20 23:45:00,16.5,18.8,2026/02/20 14:07:00,13.9,2026/02/20 23:07:00,14.3,87,73,2026/02/20 14:44:00,3.3,48,11.6,14,2026/02/20 03:27:00,1.0,2.4,0.5,2026/02/20 03:59:00,1.0,2026/02/20 03:59:00,2.5,22.0,8.79,,-2.0,3,2026/02/20 13:00:00,,16.9,17.1,17.7,17.7,18.0,17.9,18.7,6.7,15.0
2026-02-21,21,1011.2,1013.8,1014.3,2026/02/21 00:01:00,1008.7,2026/02/21 15:23:00,17.4,21.8,2026/02/21 12:16:00,12.4,2026/02/21 04:03:00,15.0,86,68,2026/02/21 12:18:00,2.4,87,8.2,13,2026/02/21 13:59:00,0.0,0.0,0.0,--,0.0,--,10.3,90.4,19.53,,2.7,6,2026/02/21 13:00:00,,17.2,17.2,17.8,17.7,18.0,18.0,18.7,2.5,14.9
2026-02-22,22,1010.6,1013.1,1012.5,2026/02/22 08:37:00,1009.1,2026/02/22 15:11:00,20.6,24.9,2026/02/22 13:58:00,17.2,2026/02/22 00:01:00,16.7,80,47,2026/02/22 12:36:00,3.3,49,13.2,50,2026/02/22 22:37:00,0.0,0.0,0.0,--,0.0,--,9.4,82.3,18.5,,3.8,5,2026/02/22 13:00:00,,18.8,18.6,19.0,18.9,18.6,18.3,18.6,2.9,18.2
2026-02-23,23,1010.9,1013.4,1012.6,2026/02/23 08:28:00,1009.3,2026/02/23 15:08:00,21.3,25.3,2026/02/23 13:02:00,19.1,2026/02/23 06:33:00,18.8,86,71,2026/02/23 12:47:00,6.5,49,18.7,44,2026/02/23 09:32:00,0.0,0.0,0.0,--,0.0,--,6.3,55.0,18.34,,-3.2,7,2026/02/23 13:00:00,,19.8,19.5,19.9,19.7,19.3,18.8,18.7,4.9,20.1
2026-02-24,24,1012.2,1014.7,1013.9,2026/02/24 22:05:00,1010.6,2026/02/24 03:44:00,20.2,22.4,2026/02/24 13:31:00,18.5,2026/02/24 03:44:00,18.6,91,81,2026/02/24 13:32:00,1.4,335,9.1,313,2026/02/24 00:04:00,0.5,3.0,0.5,2026/02/24 21:40:00,0.5,2026/02/24 21:40:00,0.1,0.9,6.32,,/,3,2026/02/24 14:00:00,,19.9,19.8,20.3,20.2,19.8,19.3,18.9,9.9,11.0
2026-02-25,25,1013.6,1016.2,1015.3,2026/02/25 08:12:00,1012.3,2026/02/25 13:44:00,18.4,20.0,2026/02/25 00:01:00,17.3,2026/02/25 04:16:00,16.4,88,79,2026/02/25 12:42:00,7.4,48,17.8,42,2026/02/25 13:39:00,9.0,5.3,1.5,2026/02/25 01:00:00,4.5,2026/02/25 01:00:00,0.2,1.7,9.47,,3.1,5,2026/02/25 13:00:00,,18.8,19.1,19.8,19.8,19.9,19.5,19.1,9.9,39.4
2026-02-26,26,1009.7,1012.3,1012.9,2026/02/26 00:01:00,1006.8,2026/02/26 17:37:00,20.1,23.1,2026/02/26 11:31:00,17.7,2026/02/26 23:37:00,17.7,86,74,2026/02/26 09:13:00,4.3,49,11.6,34,2026/02/26 05:34:00,0.5,0.7,0.5,2026/02/26 23:12:00,0.5,2026/02/26 23:12:00,1.7,14.8,13.13,,-2.4,5,2026/02/26 13:00:00,,19.3,19.3,19.8,19.7,19.7,19.4,19.2,9.8,33.4
2026-02-27,27,1009.0,1011.5,1011.0,2026/02/27 23:59:00,1007.4,2026/02/27 15:04:00,19.8,24.2,2026/02/27 13:29:00,17.8,2026/02/27 00:01:00,17.1,85,59,2026/02/27 11:49:00,4.6,62,13.5,49,2026/02/27 23:45:00,18.5,6.3,2.5,2026/02/27 02:17:00,10.0,2026/02/27 01:54:00,0.1,0.9,9.06,,-2.8,4,2026/02/27 11:00:00,,19.4,19.4,20.0,19.9,20.0,19.6,19.3,10.0,41.9
2026-02-28,28,1011.0,1013.5,1012.7,2026/02/28 09:13:00,1009.3,2026/02/28 14:42:00,19.6,21.2,2026/02/28 14:32:00,18.2,2026/02/28 00:58:00,17.1,86,79,2026/02/28 12:06:00,6.5,55,14.0,43,2026/02/28 05:14:00,T,2.1,T,2026/02/28 00:01:00,T,2026/02/28 00:01:00,0.1,0.9,6.8,,-0.3,3,2026/02/28 14:00:00,,19.0,19.1,19.7,19.6,19.9,19.6,19.4,10.0,45.7
